model,word,Layer,MeanMarginRaw,MeanMarginNorm,FractionAdequate,MeanMarginSense0Raw,MeanMarginSense1Raw,CentroidMode,GDV
answerdotai_ModernBERT-large,bank,0,0.0,0.001232,1.0,0.0,0.0,leave_one_out,0.0
answerdotai_ModernBERT-large,bank,1,2.145025,0.342454,0.975,2.100245,2.189806,leave_one_out,-0.09266636271750872
answerdotai_ModernBERT-large,bank,2,4.791733,0.399977,0.925,4.547974,5.035492,leave_one_out,-0.10624031298197067
answerdotai_ModernBERT-large,bank,3,5.632797,0.401329,0.925,5.365159,5.900434,leave_one_out,-0.10360600388062025
answerdotai_ModernBERT-large,bank,4,5.586842,0.379557,0.925,5.232447,5.941237,leave_one_out,-0.09821585856449089
answerdotai_ModernBERT-large,bank,5,5.592522,0.3675,0.975,5.318692,5.866351,leave_one_out,-0.0979861304677011
answerdotai_ModernBERT-large,bank,6,6.433319,0.350692,0.975,6.042014,6.824625,leave_one_out,-0.09508414070591564
answerdotai_ModernBERT-large,bank,7,7.746637,0.377423,0.975,7.360147,8.133128,leave_one_out,-0.10358255326180654
answerdotai_ModernBERT-large,bank,8,8.873306,0.393041,1.0,8.451091,9.29552,leave_one_out,-0.1136495059969429
answerdotai_ModernBERT-large,bank,9,11.210806,0.419913,1.0,10.733581,11.688031,leave_one_out,-0.12281200014737903
answerdotai_ModernBERT-large,bank,10,12.061408,0.420713,1.0,11.497854,12.624963,leave_one_out,-0.12355526198707134
answerdotai_ModernBERT-large,bank,11,12.944311,0.419459,1.0,11.955054,13.933569,leave_one_out,-0.12358555956354633
answerdotai_ModernBERT-large,bank,12,14.848315,0.435542,1.0,13.973479,15.723151,leave_one_out,-0.1289528790967498
answerdotai_ModernBERT-large,bank,13,16.648552,0.436367,1.0,15.798212,17.498892,leave_one_out,-0.12864050131409643
answerdotai_ModernBERT-large,bank,14,18.386477,0.441006,1.0,17.509991,19.262963,leave_one_out,-0.13190112461712222
answerdotai_ModernBERT-large,bank,15,20.64422,0.446566,1.0,20.103307,21.185134,leave_one_out,-0.13494941762242862
answerdotai_ModernBERT-large,bank,16,21.69967,0.454503,1.0,20.949053,22.450286,leave_one_out,-0.14067290535649335
answerdotai_ModernBERT-large,bank,17,21.765725,0.44869,1.0,20.945673,22.585776,leave_one_out,-0.13780877901715538
answerdotai_ModernBERT-large,bank,18,22.767077,0.449623,1.0,21.776374,23.75778,leave_one_out,-0.13501275476110863
answerdotai_ModernBERT-large,bank,19,24.691549,0.456269,1.0,23.565258,25.817839,leave_one_out,-0.1336889584950639
answerdotai_ModernBERT-large,bank,20,27.236122,0.467486,1.0,25.97563,28.496615,leave_one_out,-0.14426326940346312
answerdotai_ModernBERT-large,bank,21,30.854712,0.479612,1.0,29.270006,32.439418,leave_one_out,-0.15730531103491774
answerdotai_ModernBERT-large,bank,22,45.438469,0.525935,1.0,42.291777,48.58516,leave_one_out,-0.1882213847415135
answerdotai_ModernBERT-large,bank,23,51.772991,0.526021,1.0,46.004225,57.541756,leave_one_out,-0.18773212977883214
answerdotai_ModernBERT-large,bank,24,61.161914,0.540268,1.0,54.434483,67.889345,leave_one_out,-0.2049911174348218
answerdotai_ModernBERT-large,bank,25,74.344046,0.550034,0.975,65.112181,83.575911,leave_one_out,-0.2098331454434802
answerdotai_ModernBERT-large,bank,26,81.534293,0.549823,0.975,69.457719,93.610868,leave_one_out,-0.2087123587497023
answerdotai_ModernBERT-large,bank,27,88.989207,0.543378,0.975,74.699086,103.279328,leave_one_out,-0.20653460512813238
answerdotai_ModernBERT-large,bank,28,89.789157,0.511301,1.0,76.578827,102.999488,leave_one_out,-0.1837885436451303
answerdotai_ModernBERT-large,bark,0,0.0,0.097744,1.0,0.0,0.0,leave_one_out,0.0
answerdotai_ModernBERT-large,bark,1,1.118217,0.248233,0.85,1.125695,1.110739,leave_one_out,-0.057133692281440385
answerdotai_ModernBERT-large,bark,2,1.743253,0.254393,0.8,1.718929,1.767578,leave_one_out,-0.058487347300676173
answerdotai_ModernBERT-large,bark,3,1.97788,0.244907,0.875,1.877553,2.078207,leave_one_out,-0.05460044883655579
answerdotai_ModernBERT-large,bark,4,2.056491,0.235906,0.875,1.957967,2.155016,leave_one_out,-0.05219115205069136
answerdotai_ModernBERT-large,bark,5,2.717577,0.258632,0.85,2.565272,2.869883,leave_one_out,-0.05941730437345327
answerdotai_ModernBERT-large,bark,6,3.570535,0.261702,0.925,3.427739,3.71333,leave_one_out,-0.05943308886616616
answerdotai_ModernBERT-large,bark,7,3.934236,0.273249,0.925,3.846263,4.02221,leave_one_out,-0.062287877561755245
answerdotai_ModernBERT-large,bark,8,5.931883,0.32373,0.925,5.827101,6.036666,leave_one_out,-0.08214021528770143
answerdotai_ModernBERT-large,bark,9,8.436268,0.367495,0.975,8.218022,8.654514,leave_one_out,-0.10400175207446416
answerdotai_ModernBERT-large,bark,10,9.872093,0.381456,1.0,9.63875,10.105435,leave_one_out,-0.10778253509722535
answerdotai_ModernBERT-large,bark,11,14.246192,0.42995,1.0,13.961826,14.530558,leave_one_out,-0.1330023398783058
answerdotai_ModernBERT-large,bark,12,14.696318,0.424352,1.0,14.49327,14.899366,leave_one_out,-0.13263441116840402
answerdotai_ModernBERT-large,bark,13,15.912239,0.41859,1.0,15.757728,16.06675,leave_one_out,-0.13085552940468392
answerdotai_ModernBERT-large,bark,14,17.694541,0.420472,1.0,17.38509,18.003993,leave_one_out,-0.1294821885662497
answerdotai_ModernBERT-large,bark,15,19.511372,0.423382,1.0,19.029843,19.992902,leave_one_out,-0.12511164002534292
answerdotai_ModernBERT-large,bark,16,19.639723,0.421595,1.0,19.250193,20.029253,leave_one_out,-0.12595604012648498
answerdotai_ModernBERT-large,bark,17,19.736289,0.413777,1.0,19.216901,20.255678,leave_one_out,-0.12399486969748175
answerdotai_ModernBERT-large,bark,18,20.480974,0.413214,1.0,19.812842,21.149107,leave_one_out,-0.12142093840950463
answerdotai_ModernBERT-large,bark,19,20.070363,0.398198,1.0,19.311755,20.828971,leave_one_out,-0.11541467514095849
answerdotai_ModernBERT-large,bark,20,21.67202,0.404132,1.0,20.741404,22.602636,leave_one_out,-0.11981308190383289
answerdotai_ModernBERT-large,bark,21,26.20911,0.425903,1.0,25.495104,26.923116,leave_one_out,-0.1308241977087612
answerdotai_ModernBERT-large,bark,22,33.534359,0.45009,1.0,33.241487,33.827231,leave_one_out,-0.1514874992682843
answerdotai_ModernBERT-large,bark,23,39.50976,0.463254,1.0,38.760836,40.258685,leave_one_out,-0.1537444140366403
answerdotai_ModernBERT-large,bark,24,44.961053,0.466813,1.0,43.629634,46.292473,leave_one_out,-0.15876680182722636
answerdotai_ModernBERT-large,bark,25,70.477599,0.523538,1.0,68.045747,72.90945,leave_one_out,-0.20055241849812766
answerdotai_ModernBERT-large,bark,26,72.551528,0.509411,1.0,69.998787,75.104269,leave_one_out,-0.19550300379626595
answerdotai_ModernBERT-large,bark,27,75.824831,0.493799,1.0,73.868739,77.780923,leave_one_out,-0.18731214468377522
answerdotai_ModernBERT-large,bark,28,75.514833,0.456765,1.0,73.527864,77.501802,leave_one_out,-0.15792863867517548
answerdotai_ModernBERT-large,bat,0,0.413745,0.16829,0.6,3.096937,-2.269448,leave_one_out,-0.030369346739145986
answerdotai_ModernBERT-large,bat,1,0.615726,0.139529,0.675,1.275545,-0.044093,leave_one_out,-0.02801143307978038
answerdotai_ModernBERT-large,bat,2,1.661182,0.215941,0.85,2.082251,1.240113,leave_one_out,-0.04676429954832351
answerdotai_ModernBERT-large,bat,3,1.811773,0.205677,0.9,2.213323,1.410223,leave_one_out,-0.04348246113444887
answerdotai_ModernBERT-large,bat,4,1.968197,0.202734,0.925,2.32822,1.608175,leave_one_out,-0.042322646544330156
answerdotai_ModernBERT-large,bat,5,3.045946,0.24802,0.95,3.343929,2.747962,leave_one_out,-0.053255271727741915
answerdotai_ModernBERT-large,bat,6,3.786862,0.250076,0.95,4.045397,3.528327,leave_one_out,-0.054451963260781944
answerdotai_ModernBERT-large,bat,7,4.048395,0.257712,0.95,4.335345,3.761446,leave_one_out,-0.057012721487508466
answerdotai_ModernBERT-large,bat,8,5.922076,0.306405,0.975,6.189021,5.65513,leave_one_out,-0.07756775008142447
answerdotai_ModernBERT-large,bat,9,8.454486,0.343425,0.975,8.926689,7.982283,leave_one_out,-0.09184050179852221
answerdotai_ModernBERT-large,bat,10,8.885337,0.343428,0.975,9.342762,8.427912,leave_one_out,-0.08959885514311039
answerdotai_ModernBERT-large,bat,11,9.324922,0.341441,0.95,9.794057,8.855786,leave_one_out,-0.08829746383002302
answerdotai_ModernBERT-large,bat,12,9.598827,0.338895,0.95,10.007798,9.189856,leave_one_out,-0.08616981172041338
answerdotai_ModernBERT-large,bat,13,10.964792,0.350099,0.95,11.370298,10.559287,leave_one_out,-0.09135787379900184
answerdotai_ModernBERT-large,bat,14,11.886478,0.350042,1.0,12.099264,11.673692,leave_one_out,-0.09110875454682588
answerdotai_ModernBERT-large,bat,15,11.710707,0.334471,0.975,11.921853,11.499562,leave_one_out,-0.083855856026393
answerdotai_ModernBERT-large,bat,16,13.399795,0.354372,0.975,13.720219,13.079372,leave_one_out,-0.09208695476530648
answerdotai_ModernBERT-large,bat,17,13.784638,0.354564,0.975,14.14208,13.427196,leave_one_out,-0.09300739436643224
answerdotai_ModernBERT-large,bat,18,13.87374,0.347568,0.975,14.241046,13.506434,leave_one_out,-0.09218420529326266
answerdotai_ModernBERT-large,bat,19,14.327269,0.343117,0.975,14.624305,14.030234,leave_one_out,-0.0893261383743359
answerdotai_ModernBERT-large,bat,20,16.171944,0.354227,0.975,16.587897,15.75599,leave_one_out,-0.09200281947089461
answerdotai_ModernBERT-large,bat,21,18.413326,0.364452,0.975,18.562109,18.264542,leave_one_out,-0.0968639494654917
answerdotai_ModernBERT-large,bat,22,24.034559,0.382604,0.975,24.305428,23.76369,leave_one_out,-0.11214405351548618
answerdotai_ModernBERT-large,bat,23,31.56274,0.413871,0.975,31.457617,31.667863,leave_one_out,-0.12585233737389512
answerdotai_ModernBERT-large,bat,24,37.497062,0.419833,0.975,37.99211,37.002013,leave_one_out,-0.13117474133303997
answerdotai_ModernBERT-large,bat,25,46.239747,0.425923,0.975,46.004007,46.475486,leave_one_out,-0.13591922439241777
answerdotai_ModernBERT-large,bat,26,49.439046,0.422665,0.975,49.27194,49.606152,leave_one_out,-0.13221192637664125
answerdotai_ModernBERT-large,bat,27,52.238954,0.408836,0.975,52.265013,52.212894,leave_one_out,-0.12827986167029093
answerdotai_ModernBERT-large,bat,28,50.177473,0.377693,0.975,51.155415,49.199531,leave_one_out,-0.10991201351568869
answerdotai_ModernBERT-large,crane,0,0.796671,0.318525,0.675,-1.17531,2.768652,leave_one_out,-0.09864911876079996
answerdotai_ModernBERT-large,crane,1,0.788632,0.212297,0.675,0.103256,1.474009,leave_one_out,-0.04621021352308652
answerdotai_ModernBERT-large,crane,2,0.837703,0.182463,0.675,0.245787,1.429619,leave_one_out,-0.03824529613636796
answerdotai_ModernBERT-large,crane,3,0.908317,0.164343,0.7,0.369392,1.447243,leave_one_out,-0.03214294141399565
answerdotai_ModernBERT-large,crane,4,0.951001,0.155105,0.725,0.493092,1.408909,leave_one_out,-0.029485670020128363
answerdotai_ModernBERT-large,crane,5,1.408174,0.185476,0.775,0.953765,1.862583,leave_one_out,-0.03780167467522766
answerdotai_ModernBERT-large,crane,6,1.66532,0.176564,0.825,1.21452,2.11612,leave_one_out,-0.03394224023721637
answerdotai_ModernBERT-large,crane,7,1.614897,0.172162,0.8,1.216348,2.013445,leave_one_out,-0.033130156044852366
answerdotai_ModernBERT-large,crane,8,2.46197,0.213935,0.875,2.042345,2.881596,leave_one_out,-0.0434991418622509
answerdotai_ModernBERT-large,crane,9,5.119116,0.297138,0.85,4.585837,5.652395,leave_one_out,-0.07136712247369004
answerdotai_ModernBERT-large,crane,10,5.112249,0.28694,0.825,4.614428,5.610071,leave_one_out,-0.06671988050107736
answerdotai_ModernBERT-large,crane,11,5.477651,0.284348,0.85,4.994572,5.960729,leave_one_out,-0.06310254006159666
answerdotai_ModernBERT-large,crane,12,5.451139,0.278937,0.9,5.070055,5.832223,leave_one_out,-0.06320477255727874
answerdotai_ModernBERT-large,crane,13,6.357941,0.291592,0.875,5.888985,6.826897,leave_one_out,-0.06606201269828182
answerdotai_ModernBERT-large,crane,14,6.36344,0.280479,0.85,6.005483,6.721398,leave_one_out,-0.06201334532779457
answerdotai_ModernBERT-large,crane,15,6.950079,0.278129,0.875,6.628632,7.271525,leave_one_out,-0.06034067235723084
answerdotai_ModernBERT-large,crane,16,8.218279,0.301006,0.875,7.917875,8.518682,leave_one_out,-0.06819177562505352
answerdotai_ModernBERT-large,crane,17,8.360497,0.299711,0.85,8.1584,8.562594,leave_one_out,-0.06917916472904573
answerdotai_ModernBERT-large,crane,18,9.019278,0.30583,0.85,8.811712,9.226844,leave_one_out,-0.06879809296641115
answerdotai_ModernBERT-large,crane,19,8.887308,0.29615,0.85,8.708675,9.065941,leave_one_out,-0.0657487729980255
answerdotai_ModernBERT-large,crane,20,10.142427,0.305849,0.85,9.98875,10.296103,leave_one_out,-0.06798951427315514
answerdotai_ModernBERT-large,crane,21,11.132186,0.309767,0.875,11.174973,11.089399,leave_one_out,-0.07300987716083795
answerdotai_ModernBERT-large,crane,22,17.64802,0.354187,0.9,18.383719,16.91232,leave_one_out,-0.0922536437783611
answerdotai_ModernBERT-large,crane,23,22.111981,0.368287,0.9,24.063719,20.160244,leave_one_out,-0.09799288904133785
answerdotai_ModernBERT-large,crane,24,37.877277,0.429071,0.925,40.67911,35.075444,leave_one_out,-0.12720954195841605
answerdotai_ModernBERT-large,crane,25,45.223779,0.432673,0.925,48.122573,42.324986,leave_one_out,-0.1269629651469819
answerdotai_ModernBERT-large,crane,26,48.467893,0.433677,0.925,51.186625,45.74916,leave_one_out,-0.1249771112607706
answerdotai_ModernBERT-large,crane,27,49.619317,0.423831,0.925,52.419271,46.819363,leave_one_out,-0.118400978816245
answerdotai_ModernBERT-large,crane,28,49.126427,0.400625,0.925,50.044198,48.208655,leave_one_out,-0.10851307722536563
answerdotai_ModernBERT-large,spring,0,0.656195,0.25,0.625,-1.804534,3.116924,leave_one_out,-0.07957146848294866
answerdotai_ModernBERT-large,spring,1,0.804651,0.175914,0.775,0.296304,1.312997,leave_one_out,-0.037988815776514806
answerdotai_ModernBERT-large,spring,2,1.478978,0.221616,0.925,1.053968,1.903988,leave_one_out,-0.051914722940528124
answerdotai_ModernBERT-large,spring,3,2.272864,0.259213,0.975,1.837636,2.708092,leave_one_out,-0.06225512495924734
answerdotai_ModernBERT-large,spring,4,2.957331,0.281322,0.975,2.544667,3.369994,leave_one_out,-0.06905237594611346
answerdotai_ModernBERT-large,spring,5,3.035607,0.270834,0.975,2.611476,3.459738,leave_one_out,-0.06644613617809259
answerdotai_ModernBERT-large,spring,6,4.814814,0.307417,1.0,4.244685,5.384942,leave_one_out,-0.0797393619668455
answerdotai_ModernBERT-large,spring,7,5.56731,0.328265,0.975,4.927347,6.207274,leave_one_out,-0.08992773115429509
answerdotai_ModernBERT-large,spring,8,6.618984,0.346513,1.0,6.05763,7.180338,leave_one_out,-0.09676343219723316
answerdotai_ModernBERT-large,spring,9,7.359492,0.346688,1.0,6.972582,7.746401,leave_one_out,-0.09374941052549668
answerdotai_ModernBERT-large,spring,10,8.009838,0.351111,0.975,7.732936,8.286741,leave_one_out,-0.09638471346130428
answerdotai_ModernBERT-large,spring,11,9.788036,0.370153,1.0,9.448829,10.127242,leave_one_out,-0.10723296934287219
answerdotai_ModernBERT-large,spring,12,11.125622,0.384045,1.0,10.570124,11.68112,leave_one_out,-0.10907874268697915
answerdotai_ModernBERT-large,spring,13,11.984215,0.377376,1.0,11.328908,12.639522,leave_one_out,-0.10129302790654438
answerdotai_ModernBERT-large,spring,14,14.811004,0.399223,1.0,14.133669,15.488339,leave_one_out,-0.11210565561877905
answerdotai_ModernBERT-large,spring,15,18.616537,0.420336,1.0,17.72488,19.508195,leave_one_out,-0.11621349385217727
answerdotai_ModernBERT-large,spring,16,17.837026,0.410328,1.0,16.911004,18.763047,leave_one_out,-0.11692578504636852
answerdotai_ModernBERT-large,spring,17,19.477729,0.422727,1.0,18.404136,20.551323,leave_one_out,-0.12102510748354811
answerdotai_ModernBERT-large,spring,18,21.820122,0.438901,1.0,20.616804,23.02344,leave_one_out,-0.12438179649278236
answerdotai_ModernBERT-large,spring,19,25.405231,0.457195,1.0,24.142327,26.668136,leave_one_out,-0.13292919927323366
answerdotai_ModernBERT-large,spring,20,26.493914,0.458705,1.0,25.380089,27.60774,leave_one_out,-0.13691550212811843
answerdotai_ModernBERT-large,spring,21,32.833443,0.486713,1.0,31.975545,33.691341,leave_one_out,-0.15973666373716544
answerdotai_ModernBERT-large,spring,22,46.932218,0.527144,1.0,46.302919,47.561517,leave_one_out,-0.1923646042328674
answerdotai_ModernBERT-large,spring,23,51.958081,0.525149,1.0,51.937091,51.979071,leave_one_out,-0.18962038222902722
answerdotai_ModernBERT-large,spring,24,65.15861,0.549435,1.0,65.356207,64.961013,leave_one_out,-0.20497539314201996
answerdotai_ModernBERT-large,spring,25,70.528207,0.536773,1.0,72.755707,68.300707,leave_one_out,-0.19234731601435606
answerdotai_ModernBERT-large,spring,26,74.049214,0.527668,1.0,77.007685,71.090742,leave_one_out,-0.18484161792534293
answerdotai_ModernBERT-large,spring,27,81.531847,0.516089,1.0,84.333495,78.730199,leave_one_out,-0.17171203685972247
answerdotai_ModernBERT-large,spring,28,79.80527,0.468017,1.0,78.389011,81.221529,leave_one_out,-0.1515155481826005
answerdotai_ModernBERT-large,match,0,0.558119,0.25,0.625,2.651063,-1.534826,leave_one_out,-0.0795714680410276
answerdotai_ModernBERT-large,match,1,0.895681,0.182587,0.875,0.944146,0.847215,leave_one_out,-0.036889839026566174
answerdotai_ModernBERT-large,match,2,1.242702,0.177302,0.825,1.179721,1.305682,leave_one_out,-0.037167714860443346
answerdotai_ModernBERT-large,match,3,1.420388,0.17869,0.875,1.334734,1.506042,leave_one_out,-0.03625923237724782
answerdotai_ModernBERT-large,match,4,1.706937,0.191396,0.875,1.599521,1.814352,leave_one_out,-0.03702356387222816
answerdotai_ModernBERT-large,match,5,3.198163,0.25731,0.875,3.050272,3.346053,leave_one_out,-0.057528810153491206
answerdotai_ModernBERT-large,match,6,4.096929,0.269263,0.9,3.87832,4.315539,leave_one_out,-0.05746559902978332
answerdotai_ModernBERT-large,match,7,5.217181,0.306543,0.9,4.993055,5.441308,leave_one_out,-0.06866681301715238
answerdotai_ModernBERT-large,match,8,8.16876,0.369456,0.925,8.084083,8.253438,leave_one_out,-0.09136872606402247
answerdotai_ModernBERT-large,match,9,11.278622,0.407146,0.9,11.532801,11.024443,leave_one_out,-0.11291745056111369
answerdotai_ModernBERT-large,match,10,11.212858,0.39676,0.9,11.685189,10.740527,leave_one_out,-0.10833544794310113
answerdotai_ModernBERT-large,match,11,14.674288,0.430702,0.9,15.453462,13.895114,leave_one_out,-0.12267582589029813
answerdotai_ModernBERT-large,match,12,17.17559,0.44859,0.9,18.102791,16.248389,leave_one_out,-0.125242452508325
answerdotai_ModernBERT-large,match,13,17.188106,0.428424,0.9,18.3702,16.006012,leave_one_out,-0.12244990319561344
answerdotai_ModernBERT-large,match,14,19.696443,0.437608,0.9,20.92213,18.470756,leave_one_out,-0.12969633755178456
answerdotai_ModernBERT-large,match,15,22.143549,0.443342,0.925,23.156253,21.130844,leave_one_out,-0.1266768660624753
answerdotai_ModernBERT-large,match,16,21.073152,0.433116,0.9,22.238865,19.907439,leave_one_out,-0.12852396925332887
answerdotai_ModernBERT-large,match,17,21.22491,0.431033,0.9,22.495511,19.95431,leave_one_out,-0.1275332928651951
answerdotai_ModernBERT-large,match,18,22.178699,0.433306,0.9,23.535449,20.821948,leave_one_out,-0.1266140115704525
answerdotai_ModernBERT-large,match,19,23.233594,0.435497,0.925,24.639821,21.827366,leave_one_out,-0.1257248704743663
answerdotai_ModernBERT-large,match,20,26.169907,0.448808,0.925,27.786884,24.552931,leave_one_out,-0.13322916658070616
answerdotai_ModernBERT-large,match,21,30.614089,0.467244,0.95,32.647676,28.580501,leave_one_out,-0.14319760819446103
answerdotai_ModernBERT-large,match,22,35.315611,0.467874,0.975,38.300142,32.331079,leave_one_out,-0.1477312596956959
answerdotai_ModernBERT-large,match,23,47.644685,0.502536,0.975,51.477552,43.811818,leave_one_out,-0.16770603711557086
answerdotai_ModernBERT-large,match,24,59.933238,0.516544,0.95,63.385613,56.480862,leave_one_out,-0.17793450344146244
answerdotai_ModernBERT-large,match,25,74.478764,0.526264,0.95,80.353121,68.604407,leave_one_out,-0.1913700319054209
answerdotai_ModernBERT-large,match,26,74.25164,0.512006,0.95,80.989247,67.514032,leave_one_out,-0.18427201254158687
answerdotai_ModernBERT-large,match,27,75.605908,0.495044,0.975,83.937046,67.27477,leave_one_out,-0.1737015383748075
answerdotai_ModernBERT-large,match,28,75.099234,0.461991,1.0,82.622124,67.576344,leave_one_out,-0.15306280487794677
answerdotai_ModernBERT-large,pitch,0,0.0,0.002936,1.0,0.0,0.0,leave_one_out,0.0
answerdotai_ModernBERT-large,pitch,1,1.258161,0.262572,0.775,0.850633,1.66569,leave_one_out,-0.0581000891539436
answerdotai_ModernBERT-large,pitch,2,2.531188,0.306123,0.85,1.98977,3.072606,leave_one_out,-0.07055434741748745
answerdotai_ModernBERT-large,pitch,3,2.848158,0.295275,0.85,2.410696,3.285621,leave_one_out,-0.06749056773083828
answerdotai_ModernBERT-large,pitch,4,3.261085,0.289614,0.875,2.783875,3.738295,leave_one_out,-0.06565701810883262
answerdotai_ModernBERT-large,pitch,5,3.549827,0.294753,0.875,2.996466,4.103189,leave_one_out,-0.06884136521957607
answerdotai_ModernBERT-large,pitch,6,3.526447,0.264448,0.875,3.093134,3.959761,leave_one_out,-0.05671656361088462
answerdotai_ModernBERT-large,pitch,7,3.648061,0.270508,0.875,3.235016,4.061106,leave_one_out,-0.05891095812563629
answerdotai_ModernBERT-large,pitch,8,4.623245,0.298808,0.875,4.117812,5.128678,leave_one_out,-0.06945071560506966
answerdotai_ModernBERT-large,pitch,9,5.860695,0.322529,0.875,5.260152,6.461238,leave_one_out,-0.0779669319699301
answerdotai_ModernBERT-large,pitch,10,6.61343,0.328231,0.875,5.998813,7.228046,leave_one_out,-0.07792613409540206
answerdotai_ModernBERT-large,pitch,11,8.09477,0.344961,0.875,7.1713,9.01824,leave_one_out,-0.08438317694162634
answerdotai_ModernBERT-large,pitch,12,8.62853,0.347757,0.9,7.622199,9.63486,leave_one_out,-0.08577409031903727
answerdotai_ModernBERT-large,pitch,13,9.577465,0.345705,0.925,8.700032,10.454897,leave_one_out,-0.08344554832907014
answerdotai_ModernBERT-large,pitch,14,10.382403,0.343057,0.925,9.616333,11.148473,leave_one_out,-0.08453957842166326
answerdotai_ModernBERT-large,pitch,15,12.165237,0.354227,0.925,11.309302,13.021171,leave_one_out,-0.08860475568099169
answerdotai_ModernBERT-large,pitch,16,12.889756,0.362738,0.925,11.873382,13.906131,leave_one_out,-0.08980308734097586
answerdotai_ModernBERT-large,pitch,17,13.448599,0.365235,0.925,12.139058,14.75814,leave_one_out,-0.09192518209083644
answerdotai_ModernBERT-large,pitch,18,13.309029,0.355291,0.925,12.171578,14.44648,leave_one_out,-0.09009878376249858
answerdotai_ModernBERT-large,pitch,19,13.692985,0.348938,0.925,12.93459,14.45138,leave_one_out,-0.08735508935296965
answerdotai_ModernBERT-large,pitch,20,15.0647,0.355772,0.925,14.523179,15.606221,leave_one_out,-0.09117701423607838
answerdotai_ModernBERT-large,pitch,21,17.020508,0.365426,0.925,16.486733,17.554284,leave_one_out,-0.0950379786431167
answerdotai_ModernBERT-large,pitch,22,24.831934,0.402261,0.9,23.796703,25.867166,leave_one_out,-0.11214444061566631
answerdotai_ModernBERT-large,pitch,23,30.313706,0.412415,0.925,29.332794,31.294619,leave_one_out,-0.11865397658545929
answerdotai_ModernBERT-large,pitch,24,37.302121,0.421816,0.925,35.820588,38.783653,leave_one_out,-0.1269444586916616
answerdotai_ModernBERT-large,pitch,25,46.424677,0.421455,0.925,46.100337,46.749017,leave_one_out,-0.13021914868546358
answerdotai_ModernBERT-large,pitch,26,50.692125,0.422114,0.925,50.43908,50.945169,leave_one_out,-0.1276318727503727
answerdotai_ModernBERT-large,pitch,27,56.630762,0.42324,0.925,56.369637,56.891887,leave_one_out,-0.12698205836622967
answerdotai_ModernBERT-large,pitch,28,53.765546,0.392774,0.925,52.254258,55.276833,leave_one_out,-0.11482406986799598
microsoft_deberta-v3-large,bank,0,-0.0,-0.028974,0.0,-0.0,-0.0,leave_one_out,0.0
microsoft_deberta-v3-large,bank,1,2.400187,0.363604,1.0,2.216564,2.583809,leave_one_out,-0.10036097115445797
microsoft_deberta-v3-large,bank,2,6.904277,0.507534,1.0,6.87359,6.934964,leave_one_out,-0.17702874284012016
microsoft_deberta-v3-large,bank,3,11.289123,0.578369,1.0,11.030418,11.547828,leave_one_out,-0.2315089413099013
microsoft_deberta-v3-large,bank,4,13.985726,0.597471,1.0,13.558315,14.413136,leave_one_out,-0.25267592284803075
microsoft_deberta-v3-large,bank,5,15.955928,0.620292,1.0,15.956436,15.95542,leave_one_out,-0.264439488716118
microsoft_deberta-v3-large,bank,6,16.961781,0.627834,1.0,16.997693,16.925869,leave_one_out,-0.2696409899274894
microsoft_deberta-v3-large,bank,7,18.019009,0.643822,1.0,18.223673,17.814345,leave_one_out,-0.2827071559162515
microsoft_deberta-v3-large,bank,8,19.102611,0.647576,1.0,18.922088,19.283134,leave_one_out,-0.289294812826395
microsoft_deberta-v3-large,bank,9,19.410091,0.649455,1.0,19.15634,19.663842,leave_one_out,-0.2859836862757884
microsoft_deberta-v3-large,bank,10,19.149579,0.635972,1.0,18.888568,19.410589,leave_one_out,-0.27091649884329727
microsoft_deberta-v3-large,bank,11,18.799559,0.633772,1.0,18.565478,19.033639,leave_one_out,-0.2667676019953631
microsoft_deberta-v3-large,bank,12,19.98989,0.631589,1.0,19.899571,20.08021,leave_one_out,-0.2694007677159004
microsoft_deberta-v3-large,bank,13,18.315642,0.615784,1.0,18.253052,18.378231,leave_one_out,-0.25419714984804986
microsoft_deberta-v3-large,bank,14,17.501167,0.603117,1.0,17.250425,17.751908,leave_one_out,-0.24340391133433636
microsoft_deberta-v3-large,bank,15,17.229036,0.588179,1.0,17.154811,17.303262,leave_one_out,-0.23085960167588415
microsoft_deberta-v3-large,bank,16,16.361903,0.571556,1.0,16.10756,16.616247,leave_one_out,-0.21664179783677673
microsoft_deberta-v3-large,bank,17,14.556737,0.545695,1.0,14.334358,14.779116,leave_one_out,-0.1898334968585621
microsoft_deberta-v3-large,bank,18,12.721049,0.524993,1.0,12.422153,13.019944,leave_one_out,-0.1679383593763628
microsoft_deberta-v3-large,bank,19,11.111772,0.503462,1.0,10.923335,11.300208,leave_one_out,-0.14835332931867473
microsoft_deberta-v3-large,bank,20,10.4595,0.484972,1.0,10.316873,10.602127,leave_one_out,-0.1280084625918284
microsoft_deberta-v3-large,bank,21,10.848423,0.488134,1.0,10.585246,11.1116,leave_one_out,-0.12752834141264513
microsoft_deberta-v3-large,bank,22,9.507639,0.476511,1.0,9.283112,9.732165,leave_one_out,-0.12132074880917554
microsoft_deberta-v3-large,bank,23,7.842539,0.456594,1.0,7.564232,8.120846,leave_one_out,-0.10926688708699617
microsoft_deberta-v3-large,bank,24,5.868042,0.446616,0.975,5.841479,5.894604,leave_one_out,-0.09797509950652106
microsoft_deberta-v3-large,bark,0,0.0,0.010477,1.0,0.0,0.0,leave_one_out,0.0
microsoft_deberta-v3-large,bark,1,0.673181,0.221384,0.825,0.623693,0.72267,leave_one_out,-0.04812041028755054
microsoft_deberta-v3-large,bark,2,2.419915,0.346714,0.95,2.521655,2.318175,leave_one_out,-0.09604175023355077
microsoft_deberta-v3-large,bark,3,5.692053,0.441201,0.925,5.524855,5.859252,leave_one_out,-0.14660976402538228
microsoft_deberta-v3-large,bark,4,7.661602,0.480485,0.975,7.700637,7.622568,leave_one_out,-0.16795154366619425
microsoft_deberta-v3-large,bark,5,8.922971,0.505375,1.0,9.151419,8.694522,leave_one_out,-0.18248584886159058
microsoft_deberta-v3-large,bark,6,9.945612,0.519857,1.0,10.1415,9.749723,leave_one_out,-0.19057641288156046
microsoft_deberta-v3-large,bark,7,11.065372,0.54356,1.0,11.242552,10.888192,leave_one_out,-0.20982655642761172
microsoft_deberta-v3-large,bark,8,12.714248,0.567065,1.0,13.099155,12.329342,leave_one_out,-0.22612848258830198
microsoft_deberta-v3-large,bark,9,15.220641,0.607258,1.0,15.564694,14.876588,leave_one_out,-0.2569270789642689
microsoft_deberta-v3-large,bark,10,15.723846,0.613854,1.0,16.261106,15.186586,leave_one_out,-0.2608006400906897
microsoft_deberta-v3-large,bark,11,15.159102,0.596893,1.0,15.603896,14.714308,leave_one_out,-0.25212984384668724
microsoft_deberta-v3-large,bark,12,15.364545,0.584089,1.0,15.74612,14.98297,leave_one_out,-0.24059928875537984
microsoft_deberta-v3-large,bark,13,14.114772,0.566948,1.0,14.480059,13.749485,leave_one_out,-0.22713054448675885
microsoft_deberta-v3-large,bark,14,13.449798,0.543002,1.0,13.851002,13.048595,leave_one_out,-0.20175005084018272
microsoft_deberta-v3-large,bark,15,12.814609,0.52376,1.0,13.167492,12.461727,leave_one_out,-0.1874034503938271
microsoft_deberta-v3-large,bark,16,11.904534,0.500199,1.0,12.044304,11.764764,leave_one_out,-0.16971243839007388
microsoft_deberta-v3-large,bark,17,10.082374,0.462108,1.0,10.075449,10.089299,leave_one_out,-0.1430034843477891
microsoft_deberta-v3-large,bark,18,8.558331,0.438687,1.0,8.456718,8.659944,leave_one_out,-0.12415575365744291
microsoft_deberta-v3-large,bark,19,7.550163,0.422165,1.0,7.438335,7.661991,leave_one_out,-0.10876750204067087
microsoft_deberta-v3-large,bark,20,7.242932,0.409012,1.0,7.150896,7.334968,leave_one_out,-0.10225131319314673
microsoft_deberta-v3-large,bark,21,7.38057,0.409455,1.0,7.293932,7.467209,leave_one_out,-0.09545518198396408
microsoft_deberta-v3-large,bark,22,5.923648,0.384491,1.0,5.864367,5.982929,leave_one_out,-0.08267475422734971
microsoft_deberta-v3-large,bark,23,4.405243,0.346047,1.0,4.319128,4.491359,leave_one_out,-0.06871336907696235
microsoft_deberta-v3-large,bark,24,2.573153,0.294835,1.0,2.579447,2.566859,leave_one_out,-0.05018369276761281
microsoft_deberta-v3-large,bat,0,0.838209,0.174808,0.6,6.040311,-4.363893,leave_one_out,-0.031166718129604754
microsoft_deberta-v3-large,bat,1,2.128446,0.293446,0.9,3.396622,0.860271,leave_one_out,-0.08175548113421716
microsoft_deberta-v3-large,bat,2,7.078297,0.46498,0.975,7.647258,6.509336,leave_one_out,-0.15246421001983113
microsoft_deberta-v3-large,bat,3,9.599731,0.526488,0.975,10.111421,9.088042,leave_one_out,-0.1903645445920994
microsoft_deberta-v3-large,bat,4,12.422677,0.561537,0.975,12.732629,12.112725,leave_one_out,-0.21376504495961635
microsoft_deberta-v3-large,bat,5,13.482944,0.57624,0.975,13.766664,13.199224,leave_one_out,-0.22852727038207765
microsoft_deberta-v3-large,bat,6,15.777442,0.603827,1.0,16.046217,15.508666,leave_one_out,-0.25113852815810456
microsoft_deberta-v3-large,bat,7,16.697913,0.619843,1.0,16.747529,16.648297,leave_one_out,-0.26947724787776717
microsoft_deberta-v3-large,bat,8,17.522503,0.625017,1.0,17.459149,17.585858,leave_one_out,-0.2660989510291121
microsoft_deberta-v3-large,bat,9,18.3494,0.632354,1.0,18.0343,18.664499,leave_one_out,-0.27691968113060084
microsoft_deberta-v3-large,bat,10,18.39225,0.631849,1.0,18.151213,18.633287,leave_one_out,-0.2739434506935583
microsoft_deberta-v3-large,bat,11,16.863221,0.612839,1.0,16.746683,16.979759,leave_one_out,-0.2567138141456544
microsoft_deberta-v3-large,bat,12,16.475111,0.598587,1.0,16.307003,16.643219,leave_one_out,-0.24154896766432576
microsoft_deberta-v3-large,bat,13,14.795274,0.579006,1.0,14.642666,14.947882,leave_one_out,-0.22033476891345427
microsoft_deberta-v3-large,bat,14,14.29814,0.570083,1.0,14.211858,14.384422,leave_one_out,-0.21336899640228602
microsoft_deberta-v3-large,bat,15,13.898281,0.551184,1.0,13.746525,14.050037,leave_one_out,-0.199534845686004
microsoft_deberta-v3-large,bat,16,12.710659,0.526232,1.0,12.492833,12.928484,leave_one_out,-0.18172860974677196
microsoft_deberta-v3-large,bat,17,10.24256,0.480463,1.0,9.933837,10.551283,leave_one_out,-0.15042388004910312
microsoft_deberta-v3-large,bat,18,8.446273,0.449642,1.0,8.199088,8.693458,leave_one_out,-0.1264486327102048
microsoft_deberta-v3-large,bat,19,7.18855,0.422293,1.0,7.084047,7.293053,leave_one_out,-0.10826209111969165
microsoft_deberta-v3-large,bat,20,6.550961,0.399858,1.0,6.482558,6.619364,leave_one_out,-0.09752146738100376
microsoft_deberta-v3-large,bat,21,6.459909,0.396526,1.0,6.376072,6.543746,leave_one_out,-0.09372083407252363
microsoft_deberta-v3-large,bat,22,5.228467,0.374657,0.975,5.178766,5.278168,leave_one_out,-0.08267892212336492
microsoft_deberta-v3-large,bat,23,3.858717,0.336904,0.975,3.831347,3.886088,leave_one_out,-0.06841155730023674
microsoft_deberta-v3-large,bat,24,2.271513,0.277245,0.95,2.224325,2.318702,leave_one_out,-0.0532359386401855
microsoft_deberta-v3-large,crane,0,2.226053,0.330214,0.675,-3.015072,7.467179,leave_one_out,-0.10646674835181613
microsoft_deberta-v3-large,crane,1,2.033777,0.257503,0.675,-0.5368,4.604354,leave_one_out,-0.06719629195977561
microsoft_deberta-v3-large,crane,2,2.580449,0.283557,0.675,0.866225,4.294673,leave_one_out,-0.07937606530694574
microsoft_deberta-v3-large,crane,3,3.693725,0.34869,0.925,2.589297,4.798152,leave_one_out,-0.10080462286125391
microsoft_deberta-v3-large,crane,4,6.063909,0.419569,0.95,5.136619,6.9912,leave_one_out,-0.13074648338239492
microsoft_deberta-v3-large,crane,5,7.165309,0.453664,0.975,6.441967,7.888651,leave_one_out,-0.14864334757180353
microsoft_deberta-v3-large,crane,6,8.129685,0.48207,0.975,7.312987,8.946382,leave_one_out,-0.16508523236637762
microsoft_deberta-v3-large,crane,7,9.377715,0.514457,0.975,8.541061,10.214369,leave_one_out,-0.18805595788162577
microsoft_deberta-v3-large,crane,8,10.288039,0.528642,0.975,9.472848,11.10323,leave_one_out,-0.193274445441457
microsoft_deberta-v3-large,crane,9,12.181809,0.56705,0.975,11.28868,13.074938,leave_one_out,-0.21903580816532786
microsoft_deberta-v3-large,crane,10,12.804449,0.570267,0.975,12.008512,13.600386,leave_one_out,-0.22340127201095616
microsoft_deberta-v3-large,crane,11,11.896251,0.549309,0.975,11.157992,12.63451,leave_one_out,-0.20958994839166167
microsoft_deberta-v3-large,crane,12,12.300906,0.545984,0.975,11.526486,13.075326,leave_one_out,-0.20214331703309474
microsoft_deberta-v3-large,crane,13,11.501904,0.533442,0.975,10.904003,12.099804,leave_one_out,-0.19122794258809583
microsoft_deberta-v3-large,crane,14,10.793948,0.514763,0.975,10.356954,11.230942,leave_one_out,-0.1797448431904466
microsoft_deberta-v3-large,crane,15,10.119554,0.490712,0.975,9.84914,10.389968,leave_one_out,-0.16337266033006947
microsoft_deberta-v3-large,crane,16,9.297351,0.466288,0.975,9.125127,9.469575,leave_one_out,-0.14767737256975044
microsoft_deberta-v3-large,crane,17,7.853462,0.430807,0.975,7.955311,7.751612,leave_one_out,-0.12579199801126173
microsoft_deberta-v3-large,crane,18,6.861926,0.4128,0.975,6.876357,6.847495,leave_one_out,-0.11079749248416415
microsoft_deberta-v3-large,crane,19,5.913299,0.389705,0.975,5.864977,5.96162,leave_one_out,-0.09708193861035941
microsoft_deberta-v3-large,crane,20,5.405355,0.365489,0.975,5.356122,5.454588,leave_one_out,-0.08308453932990822
microsoft_deberta-v3-large,crane,21,5.537198,0.366154,0.975,5.507681,5.566715,leave_one_out,-0.08218236825279346
microsoft_deberta-v3-large,crane,22,4.657314,0.348743,0.975,4.60321,4.711417,leave_one_out,-0.07381034311134005
microsoft_deberta-v3-large,crane,23,3.6896,0.321359,0.975,3.661702,3.717498,leave_one_out,-0.06507927863475493
microsoft_deberta-v3-large,crane,24,2.600359,0.297651,0.925,2.497022,2.703696,leave_one_out,-0.05647935594141684
microsoft_deberta-v3-large,spring,0,1.557158,0.25,0.625,-4.282182,7.396498,leave_one_out,-0.07957146796520687
microsoft_deberta-v3-large,spring,1,1.594342,0.255308,0.625,0.296426,2.892257,leave_one_out,-0.0759941093184675
microsoft_deberta-v3-large,spring,2,2.160647,0.281464,0.925,1.679071,2.642223,leave_one_out,-0.06951077846819731
microsoft_deberta-v3-large,spring,3,2.421539,0.286816,0.975,2.202749,2.640329,leave_one_out,-0.06953437396118067
microsoft_deberta-v3-large,spring,4,4.008244,0.347942,0.925,3.838123,4.178365,leave_one_out,-0.08954388924633538
microsoft_deberta-v3-large,spring,5,4.824824,0.369306,0.95,4.776691,4.872957,leave_one_out,-0.09834676628479677
microsoft_deberta-v3-large,spring,6,5.705019,0.388205,0.975,5.694173,5.715865,leave_one_out,-0.1107277324616115
microsoft_deberta-v3-large,spring,7,6.452456,0.416291,0.95,6.606638,6.298274,leave_one_out,-0.12635693238284484
microsoft_deberta-v3-large,spring,8,8.432361,0.465776,0.975,8.499924,8.364797,leave_one_out,-0.15284387335987037
microsoft_deberta-v3-large,spring,9,9.687707,0.492975,0.95,9.903323,9.472091,leave_one_out,-0.17301323876059616
microsoft_deberta-v3-large,spring,10,11.049373,0.515602,0.95,11.47241,10.626335,leave_one_out,-0.1847647903043277
microsoft_deberta-v3-large,spring,11,11.955405,0.537074,0.95,12.45872,11.452089,leave_one_out,-0.20101653852349421
microsoft_deberta-v3-large,spring,12,12.865296,0.535231,0.95,13.252014,12.478579,leave_one_out,-0.19625019438859725
microsoft_deberta-v3-large,spring,13,11.794846,0.52204,0.95,12.072825,11.516866,leave_one_out,-0.18622943141012172
microsoft_deberta-v3-large,spring,14,12.198742,0.528936,0.95,12.509436,11.888048,leave_one_out,-0.19336351700545362
microsoft_deberta-v3-large,spring,15,12.527642,0.527202,0.95,13.053434,12.00185,leave_one_out,-0.1887453893005293
microsoft_deberta-v3-large,spring,16,11.937498,0.506045,0.95,12.309126,11.56587,leave_one_out,-0.17029372695160283
microsoft_deberta-v3-large,spring,17,10.56274,0.475794,0.95,10.764627,10.360853,leave_one_out,-0.14778853577843443
microsoft_deberta-v3-large,spring,18,9.047486,0.451904,0.95,9.016318,9.078654,leave_one_out,-0.12782314657705007
microsoft_deberta-v3-large,spring,19,8.567916,0.446388,0.975,8.349799,8.786033,leave_one_out,-0.12564935955905043
microsoft_deberta-v3-large,spring,20,8.715404,0.448426,0.975,8.32404,9.106768,leave_one_out,-0.12324454420428721
microsoft_deberta-v3-large,spring,21,9.036579,0.454338,0.975,8.552704,9.520453,leave_one_out,-0.1261200261389206
microsoft_deberta-v3-large,spring,22,8.124337,0.450257,0.975,7.671892,8.576782,leave_one_out,-0.1282896902553602
microsoft_deberta-v3-large,spring,23,6.798597,0.431181,0.975,6.396909,7.200285,leave_one_out,-0.11465174520502686
microsoft_deberta-v3-large,spring,24,4.651145,0.403817,0.975,4.357725,4.944566,leave_one_out,-0.10121821899013195
microsoft_deberta-v3-large,match,0,1.373267,0.25,0.625,6.523017,-3.776482,leave_one_out,-0.07957146813446625
microsoft_deberta-v3-large,match,1,1.589572,0.232322,0.8,2.059212,1.119932,leave_one_out,-0.05465794057167772
microsoft_deberta-v3-large,match,2,3.562766,0.319855,0.925,3.511125,3.614406,leave_one_out,-0.08093075709730424
microsoft_deberta-v3-large,match,3,4.40594,0.346501,0.925,4.303412,4.508468,leave_one_out,-0.08943218242391071
microsoft_deberta-v3-large,match,4,6.917856,0.412193,0.925,6.692985,7.142726,leave_one_out,-0.11805050608347889
microsoft_deberta-v3-large,match,5,8.020843,0.443212,0.925,7.90238,8.139306,leave_one_out,-0.1358795428598507
microsoft_deberta-v3-large,match,6,8.851603,0.456621,0.925,8.716531,8.986675,leave_one_out,-0.14769984732719987
microsoft_deberta-v3-large,match,7,9.762568,0.47691,0.925,9.764814,9.760322,leave_one_out,-0.15736608318859546
microsoft_deberta-v3-large,match,8,12.709398,0.536475,0.925,12.834401,12.584395,leave_one_out,-0.19287935849438576
microsoft_deberta-v3-large,match,9,14.615523,0.568803,0.95,14.786662,14.444384,leave_one_out,-0.22585586295739224
microsoft_deberta-v3-large,match,10,16.176435,0.588841,0.95,16.34267,16.010201,leave_one_out,-0.24317942722455288
microsoft_deberta-v3-large,match,11,15.498718,0.583733,0.925,16.075663,14.921773,leave_one_out,-0.2330608111225767
microsoft_deberta-v3-large,match,12,15.339208,0.569703,0.925,15.79781,14.880606,leave_one_out,-0.21907263474751926
microsoft_deberta-v3-large,match,13,13.955943,0.553637,0.95,14.281432,13.630455,leave_one_out,-0.2065625045045757
microsoft_deberta-v3-large,match,14,14.156832,0.552448,0.95,14.728912,13.584752,leave_one_out,-0.20823498526258422
microsoft_deberta-v3-large,match,15,13.912409,0.535144,0.95,14.292329,13.532489,leave_one_out,-0.19494376099044242
microsoft_deberta-v3-large,match,16,12.682246,0.506392,0.95,13.1067,12.257792,leave_one_out,-0.17061079953765657
microsoft_deberta-v3-large,match,17,11.102097,0.479859,0.95,11.712787,10.491406,leave_one_out,-0.1504733687968638
microsoft_deberta-v3-large,match,18,9.98344,0.463317,0.975,10.416878,9.550002,leave_one_out,-0.131757789332822
microsoft_deberta-v3-large,match,19,8.753615,0.441779,0.975,9.074689,8.43254,leave_one_out,-0.1140754255922769
microsoft_deberta-v3-large,match,20,8.45608,0.431176,0.975,8.725126,8.187034,leave_one_out,-0.10225077932146975
microsoft_deberta-v3-large,match,21,8.731554,0.43402,0.975,9.013721,8.449387,leave_one_out,-0.09824310652954993
microsoft_deberta-v3-large,match,22,7.646729,0.42369,0.975,7.896893,7.396565,leave_one_out,-0.09400634088595883
microsoft_deberta-v3-large,match,23,6.244432,0.400936,0.975,6.586777,5.902087,leave_one_out,-0.08747592496739132
microsoft_deberta-v3-large,match,24,4.308232,0.372064,0.975,4.576296,4.040168,leave_one_out,-0.07904204979333096
microsoft_deberta-v3-large,pitch,0,0.0,0.055382,1.0,0.0,0.0,leave_one_out,0.0
microsoft_deberta-v3-large,pitch,1,2.081505,0.356835,0.925,1.480533,2.682477,leave_one_out,-0.09205105710841299
microsoft_deberta-v3-large,pitch,2,3.722381,0.380057,0.85,3.422487,4.022275,leave_one_out,-0.10471273480056831
microsoft_deberta-v3-large,pitch,3,4.966779,0.41951,0.825,4.997314,4.936245,leave_one_out,-0.11801485460889682
microsoft_deberta-v3-large,pitch,4,6.514096,0.428994,0.8,6.793217,6.234975,leave_one_out,-0.12591549294833293
microsoft_deberta-v3-large,pitch,5,7.619777,0.447782,0.825,8.053531,7.186023,leave_one_out,-0.1343242153905928
microsoft_deberta-v3-large,pitch,6,9.074043,0.479077,0.85,9.553836,8.59425,leave_one_out,-0.15434858066740997
microsoft_deberta-v3-large,pitch,7,10.458146,0.504723,0.875,10.920392,9.9959,leave_one_out,-0.17223000324054583
microsoft_deberta-v3-large,pitch,8,12.440535,0.534748,0.95,12.962614,11.918456,leave_one_out,-0.19466809940610597
microsoft_deberta-v3-large,pitch,9,12.606209,0.536663,0.95,13.09692,12.115499,leave_one_out,-0.19788230822231956
microsoft_deberta-v3-large,pitch,10,13.158479,0.543029,0.975,13.4873,12.829658,leave_one_out,-0.20323062037928086
microsoft_deberta-v3-large,pitch,11,13.153992,0.543649,0.975,13.204319,13.103665,leave_one_out,-0.20262537000835346
microsoft_deberta-v3-large,pitch,12,14.336949,0.550861,0.975,14.520789,14.153108,leave_one_out,-0.2035318470751435
microsoft_deberta-v3-large,pitch,13,13.133373,0.535119,0.975,13.08734,13.179406,leave_one_out,-0.19710122610593506
microsoft_deberta-v3-large,pitch,14,12.377039,0.523775,0.975,12.163208,12.590869,leave_one_out,-0.19073845356382235
microsoft_deberta-v3-large,pitch,15,11.881495,0.501986,0.975,11.503663,12.259326,leave_one_out,-0.16872973922136592
microsoft_deberta-v3-large,pitch,16,11.107439,0.480979,0.975,10.698451,11.516426,leave_one_out,-0.15150007535260412
microsoft_deberta-v3-large,pitch,17,10.017087,0.458506,0.975,9.700521,10.333653,leave_one_out,-0.13449656325651316
microsoft_deberta-v3-large,pitch,18,9.057045,0.444067,0.975,8.738365,9.375725,leave_one_out,-0.11903927895774702
microsoft_deberta-v3-large,pitch,19,8.082059,0.429102,0.975,7.795181,8.368936,leave_one_out,-0.10341366051549217
microsoft_deberta-v3-large,pitch,20,8.097879,0.426751,0.975,7.812957,8.382802,leave_one_out,-0.0988501176142429
microsoft_deberta-v3-large,pitch,21,8.666531,0.437843,0.975,8.426469,8.906592,leave_one_out,-0.10378995510673295
microsoft_deberta-v3-large,pitch,22,7.626029,0.429681,0.975,7.430344,7.821714,leave_one_out,-0.1015348382164909
microsoft_deberta-v3-large,pitch,23,6.276601,0.410541,1.0,6.225463,6.327739,leave_one_out,-0.09333114471068715
microsoft_deberta-v3-large,pitch,24,4.183808,0.376284,0.975,4.148074,4.219542,leave_one_out,-0.07678231059554974
FacebookAI_roberta-large,bank,0,-0.158552,-0.053599,0.425,-0.236308,-0.080796,leave_one_out,0.00547959217595706
FacebookAI_roberta-large,bank,1,1.67777,0.293825,0.95,1.635448,1.720092,leave_one_out,-0.08220778610281154
FacebookAI_roberta-large,bank,2,2.34453,0.326879,0.95,2.088328,2.600732,leave_one_out,-0.09464238713588702
FacebookAI_roberta-large,bank,3,3.525031,0.389238,0.925,3.082494,3.967567,leave_one_out,-0.1260416445209015
FacebookAI_roberta-large,bank,4,4.106433,0.404021,0.9,3.636649,4.576216,leave_one_out,-0.1297214967918181
FacebookAI_roberta-large,bank,5,6.196164,0.482497,0.975,5.625172,6.767156,leave_one_out,-0.16829483933253753
FacebookAI_roberta-large,bank,6,6.005806,0.487298,1.0,5.804729,6.206883,leave_one_out,-0.17005184617810643
FacebookAI_roberta-large,bank,7,7.282849,0.524742,1.0,7.033863,7.531835,leave_one_out,-0.1887643425169785
FacebookAI_roberta-large,bank,8,7.982078,0.556127,1.0,7.828263,8.135893,leave_one_out,-0.20621088088069883
FacebookAI_roberta-large,bank,9,7.681827,0.54479,1.0,7.534072,7.829582,leave_one_out,-0.19960241328582895
FacebookAI_roberta-large,bank,10,7.385326,0.559549,1.0,7.278641,7.492011,leave_one_out,-0.21146196690802033
FacebookAI_roberta-large,bank,11,7.971039,0.555803,1.0,7.837303,8.104775,leave_one_out,-0.2104454420621099
FacebookAI_roberta-large,bank,12,7.909213,0.543882,1.0,7.775302,8.043124,leave_one_out,-0.20371048719609386
FacebookAI_roberta-large,bank,13,7.404515,0.541898,1.0,7.262016,7.547014,leave_one_out,-0.20386718174325258
FacebookAI_roberta-large,bank,14,7.607622,0.543546,1.0,7.379253,7.83599,leave_one_out,-0.20680855638942308
FacebookAI_roberta-large,bank,15,7.298616,0.538881,1.0,7.086733,7.5105,leave_one_out,-0.20829897170648026
FacebookAI_roberta-large,bank,16,7.05326,0.538906,1.0,6.897202,7.209319,leave_one_out,-0.20895408794967918
FacebookAI_roberta-large,bank,17,7.103465,0.54573,1.0,6.918621,7.288308,leave_one_out,-0.21195484053000468
FacebookAI_roberta-large,bank,18,7.431133,0.563784,1.0,7.166833,7.695433,leave_one_out,-0.22118726902211305
FacebookAI_roberta-large,bank,19,7.642316,0.577184,1.0,7.475702,7.80893,leave_one_out,-0.23138191805402397
FacebookAI_roberta-large,bank,20,7.920394,0.581362,1.0,7.572626,8.268162,leave_one_out,-0.23607263251070976
FacebookAI_roberta-large,bank,21,8.246327,0.586874,1.0,7.859282,8.633373,leave_one_out,-0.24082378831584184
FacebookAI_roberta-large,bank,22,7.667977,0.583746,1.0,7.189068,8.146887,leave_one_out,-0.23736353905965157
FacebookAI_roberta-large,bank,23,7.277968,0.583533,1.0,6.744844,7.811093,leave_one_out,-0.2383341015147109
FacebookAI_roberta-large,bank,24,2.48096,0.542983,1.0,2.249756,2.712165,leave_one_out,-0.20600509546107992
FacebookAI_roberta-large,bark,0,-0.148702,-0.079137,0.425,-0.108275,-0.18913,leave_one_out,0.01400998746873372
FacebookAI_roberta-large,bark,1,1.136819,0.228069,0.8,1.047896,1.225741,leave_one_out,-0.056018887314379096
FacebookAI_roberta-large,bark,2,1.697711,0.271979,0.8,1.715357,1.680066,leave_one_out,-0.0717293250853902
FacebookAI_roberta-large,bark,3,1.979214,0.297514,0.925,1.873712,2.084715,leave_one_out,-0.07778060301445344
FacebookAI_roberta-large,bark,4,2.157397,0.302829,0.925,2.095164,2.219631,leave_one_out,-0.08020381164953516
FacebookAI_roberta-large,bark,5,2.783407,0.350479,0.975,2.614797,2.952016,leave_one_out,-0.09829841199207179
FacebookAI_roberta-large,bark,6,4.796191,0.454066,1.0,4.55841,5.033972,leave_one_out,-0.15131278287327188
FacebookAI_roberta-large,bark,7,5.7687,0.503554,1.0,5.500929,6.036472,leave_one_out,-0.17738027125876965
FacebookAI_roberta-large,bark,8,5.646105,0.519324,1.0,5.371866,5.920345,leave_one_out,-0.18896902638813906
FacebookAI_roberta-large,bark,9,6.777508,0.546399,1.0,6.477707,7.077309,leave_one_out,-0.20472042942717983
FacebookAI_roberta-large,bark,10,6.324331,0.549295,1.0,6.26639,6.382271,leave_one_out,-0.20939641954547006
FacebookAI_roberta-large,bark,11,7.028824,0.549035,1.0,7.064756,6.992893,leave_one_out,-0.21240025626565606
FacebookAI_roberta-large,bark,12,6.653256,0.513745,1.0,6.638908,6.667604,leave_one_out,-0.1841288545705625
FacebookAI_roberta-large,bark,13,7.179603,0.540796,1.0,7.244296,7.114909,leave_one_out,-0.20751990240846196
FacebookAI_roberta-large,bark,14,7.356447,0.541187,1.0,7.417378,7.295516,leave_one_out,-0.20781987891289277
FacebookAI_roberta-large,bark,15,7.557195,0.546222,1.0,7.664314,7.450077,leave_one_out,-0.20953972563176215
FacebookAI_roberta-large,bark,16,7.042203,0.543843,1.0,7.072819,7.011587,leave_one_out,-0.20620098217780014
FacebookAI_roberta-large,bark,17,7.060034,0.545955,1.0,7.134564,6.985505,leave_one_out,-0.2075736784619081
FacebookAI_roberta-large,bark,18,6.754467,0.543235,1.0,6.74272,6.766213,leave_one_out,-0.207955463067501
FacebookAI_roberta-large,bark,19,8.102409,0.578146,1.0,8.058999,8.145818,leave_one_out,-0.2356584413842726
FacebookAI_roberta-large,bark,20,7.424894,0.559218,1.0,7.408025,7.441763,leave_one_out,-0.21744402506993532
FacebookAI_roberta-large,bark,21,7.195678,0.548663,1.0,7.104462,7.286894,leave_one_out,-0.2064200305070235
FacebookAI_roberta-large,bark,22,7.701612,0.571941,1.0,7.720415,7.682809,leave_one_out,-0.22975930472410389
FacebookAI_roberta-large,bark,23,7.861549,0.576761,1.0,7.934651,7.788447,leave_one_out,-0.2313257512968825
FacebookAI_roberta-large,bark,24,2.982862,0.54351,1.0,2.937294,3.028429,leave_one_out,-0.2070935674788732
FacebookAI_roberta-large,bat,0,0.78634,0.151835,0.525,2.147716,-0.575036,leave_one_out,-0.044518707086160014
FacebookAI_roberta-large,bat,1,1.333225,0.21617,0.9,1.821852,0.844599,leave_one_out,-0.04978715896432995
FacebookAI_roberta-large,bat,2,1.432365,0.221818,0.95,1.726574,1.138157,leave_one_out,-0.04904909962747395
FacebookAI_roberta-large,bat,3,1.949126,0.263079,0.95,2.327372,1.570881,leave_one_out,-0.06351863979573424
FacebookAI_roberta-large,bat,4,2.98875,0.327506,1.0,3.193103,2.784397,leave_one_out,-0.08634442178540325
FacebookAI_roberta-large,bat,5,4.658091,0.419417,1.0,4.881538,4.434644,leave_one_out,-0.12660874512429665
FacebookAI_roberta-large,bat,6,5.53705,0.466874,0.975,5.66608,5.40802,leave_one_out,-0.1556529080372855
FacebookAI_roberta-large,bat,7,6.457404,0.513299,0.975,6.418485,6.496323,leave_one_out,-0.17874561421088409
FacebookAI_roberta-large,bat,8,6.64928,0.536793,0.975,6.419999,6.878562,leave_one_out,-0.19606748455433376
FacebookAI_roberta-large,bat,9,7.393743,0.555296,0.975,7.19349,7.593996,leave_one_out,-0.2158523691598715
FacebookAI_roberta-large,bat,10,6.297366,0.540874,0.975,6.062184,6.532547,leave_one_out,-0.20642609685484548
FacebookAI_roberta-large,bat,11,6.796984,0.538476,1.0,6.578012,7.015955,leave_one_out,-0.20416354476871035
FacebookAI_roberta-large,bat,12,6.963148,0.526465,1.0,6.724051,7.202245,leave_one_out,-0.19540592600170836
FacebookAI_roberta-large,bat,13,7.112438,0.540806,1.0,6.865656,7.359219,leave_one_out,-0.20495638386579018
FacebookAI_roberta-large,bat,14,8.425219,0.573383,1.0,8.189366,8.661072,leave_one_out,-0.22473509658042812
FacebookAI_roberta-large,bat,15,7.940864,0.570208,1.0,7.705277,8.176451,leave_one_out,-0.22314283766860887
FacebookAI_roberta-large,bat,16,7.530554,0.571948,1.0,7.437787,7.623322,leave_one_out,-0.22320737396909052
FacebookAI_roberta-large,bat,17,7.980964,0.583117,1.0,7.87934,8.082588,leave_one_out,-0.2350216248867132
FacebookAI_roberta-large,bat,18,7.675059,0.581128,1.0,7.608526,7.741592,leave_one_out,-0.2348142825041285
FacebookAI_roberta-large,bat,19,7.896477,0.595711,1.0,7.804416,7.988539,leave_one_out,-0.24658831499612643
FacebookAI_roberta-large,bat,20,7.553462,0.583751,1.0,7.479378,7.627545,leave_one_out,-0.24054584275913815
FacebookAI_roberta-large,bat,21,7.749676,0.588722,1.0,7.699516,7.799835,leave_one_out,-0.24209300139986756
FacebookAI_roberta-large,bat,22,7.040594,0.580289,1.0,6.937289,7.143899,leave_one_out,-0.23376290082075668
FacebookAI_roberta-large,bat,23,6.754251,0.572764,1.0,6.72979,6.778711,leave_one_out,-0.2242508307385075
FacebookAI_roberta-large,bat,24,2.393784,0.539302,1.0,2.412685,2.374882,leave_one_out,-0.1998768848454856
FacebookAI_roberta-large,crane,0,2.02395,0.242739,0.675,-1.380847,5.428747,leave_one_out,-0.07312959238842986
FacebookAI_roberta-large,crane,1,1.897237,0.231308,0.675,0.090233,3.704242,leave_one_out,-0.06108649371744845
FacebookAI_roberta-large,crane,2,1.522728,0.217679,0.675,0.213723,2.831733,leave_one_out,-0.05651623796009497
FacebookAI_roberta-large,crane,3,1.452817,0.220731,0.675,0.428771,2.476863,leave_one_out,-0.0564747683967628
FacebookAI_roberta-large,crane,4,1.55976,0.231185,0.675,0.56147,2.558051,leave_one_out,-0.058723034022861054
FacebookAI_roberta-large,crane,5,2.028694,0.270839,0.75,1.166622,2.890766,leave_one_out,-0.07193364530477098
FacebookAI_roberta-large,crane,6,2.544677,0.321137,0.875,1.8681,3.221253,leave_one_out,-0.09122860477718397
FacebookAI_roberta-large,crane,7,2.709705,0.350481,0.925,2.080437,3.338973,leave_one_out,-0.10262462795060912
FacebookAI_roberta-large,crane,8,3.331703,0.412084,0.925,2.834805,3.828601,leave_one_out,-0.13013572879269053
FacebookAI_roberta-large,crane,9,3.72247,0.425039,0.95,3.250033,4.194906,leave_one_out,-0.13744286737574052
FacebookAI_roberta-large,crane,10,3.405785,0.419549,0.95,3.057592,3.753978,leave_one_out,-0.13181916951573913
FacebookAI_roberta-large,crane,11,4.161226,0.442628,0.975,3.83917,4.483283,leave_one_out,-0.1422878399785148
FacebookAI_roberta-large,crane,12,4.187854,0.432823,0.975,3.986693,4.389015,leave_one_out,-0.13555108830198048
FacebookAI_roberta-large,crane,13,4.571826,0.453958,0.975,4.391527,4.752124,leave_one_out,-0.1463124457100693
FacebookAI_roberta-large,crane,14,5.461418,0.482578,0.975,5.299109,5.623728,leave_one_out,-0.16197884413071273
FacebookAI_roberta-large,crane,15,6.36583,0.513424,0.975,6.206397,6.525264,leave_one_out,-0.18370518230656974
FacebookAI_roberta-large,crane,16,5.824016,0.505248,0.975,5.702301,5.94573,leave_one_out,-0.17894493014733592
FacebookAI_roberta-large,crane,17,5.761943,0.504952,0.975,5.659771,5.864116,leave_one_out,-0.17770992256866147
FacebookAI_roberta-large,crane,18,5.498532,0.502467,0.975,5.387793,5.609272,leave_one_out,-0.17421328166389105
FacebookAI_roberta-large,crane,19,5.611311,0.507743,0.975,5.499294,5.723328,leave_one_out,-0.1803525789491658
FacebookAI_roberta-large,crane,20,5.337319,0.493482,0.975,5.156571,5.518068,leave_one_out,-0.17325565314575997
FacebookAI_roberta-large,crane,21,5.381599,0.491829,0.975,5.256137,5.507061,leave_one_out,-0.17596703880408948
FacebookAI_roberta-large,crane,22,5.046809,0.49135,0.975,4.827122,5.266496,leave_one_out,-0.1717831790207146
FacebookAI_roberta-large,crane,23,4.8695,0.484399,0.975,4.589557,5.149444,leave_one_out,-0.1691594887867569
FacebookAI_roberta-large,crane,24,1.875112,0.460736,0.975,1.647003,2.103221,leave_one_out,-0.15745412764347821
FacebookAI_roberta-large,spring,0,1.5692,0.228354,0.575,0.185262,2.953138,leave_one_out,-0.10811442035869634
FacebookAI_roberta-large,spring,1,1.037378,0.193463,0.7,0.432219,1.642536,leave_one_out,-0.046951284710779584
FacebookAI_roberta-large,spring,2,2.041478,0.288519,0.975,1.720887,2.362069,leave_one_out,-0.08084365219578182
FacebookAI_roberta-large,spring,3,2.820555,0.338463,0.975,2.505473,3.135638,leave_one_out,-0.09980767956927539
FacebookAI_roberta-large,spring,4,3.643876,0.371582,1.0,3.355462,3.932291,leave_one_out,-0.11078941133920384
FacebookAI_roberta-large,spring,5,3.878671,0.387943,1.0,3.789474,3.967869,leave_one_out,-0.11351595692384142
FacebookAI_roberta-large,spring,6,4.572075,0.430317,1.0,4.443715,4.700435,leave_one_out,-0.13632985973865108
FacebookAI_roberta-large,spring,7,5.125991,0.451151,0.975,5.015822,5.23616,leave_one_out,-0.14665518016062296
FacebookAI_roberta-large,spring,8,4.998829,0.456386,0.95,4.903983,5.093674,leave_one_out,-0.1475208159225183
FacebookAI_roberta-large,spring,9,5.247276,0.45804,0.975,5.151765,5.342788,leave_one_out,-0.15014644848224246
FacebookAI_roberta-large,spring,10,4.637985,0.463968,0.975,4.710862,4.565108,leave_one_out,-0.15265300593510256
FacebookAI_roberta-large,spring,11,5.172517,0.464772,0.975,5.284841,5.060193,leave_one_out,-0.15258965640003297
FacebookAI_roberta-large,spring,12,5.750855,0.471495,1.0,5.806226,5.695484,leave_one_out,-0.1573409066185626
FacebookAI_roberta-large,spring,13,6.068191,0.4961,1.0,6.099472,6.036909,leave_one_out,-0.17178042653887082
FacebookAI_roberta-large,spring,14,6.758321,0.520005,1.0,6.851261,6.665381,leave_one_out,-0.18796256791394572
FacebookAI_roberta-large,spring,15,6.647311,0.523357,1.0,6.786065,6.508558,leave_one_out,-0.18793397872730933
FacebookAI_roberta-large,spring,16,7.182106,0.545479,1.0,7.328537,7.035675,leave_one_out,-0.20418777359087525
FacebookAI_roberta-large,spring,17,7.343881,0.55407,1.0,7.443446,7.244316,leave_one_out,-0.21374783094416072
FacebookAI_roberta-large,spring,18,7.519509,0.566599,1.0,7.6997,7.339318,leave_one_out,-0.22281818990423996
FacebookAI_roberta-large,spring,19,8.149614,0.586709,1.0,8.426243,7.872986,leave_one_out,-0.2365132321682002
FacebookAI_roberta-large,spring,20,7.794082,0.578094,1.0,7.98095,7.607214,leave_one_out,-0.22910843757313937
FacebookAI_roberta-large,spring,21,7.971377,0.580379,1.0,8.086457,7.856297,leave_one_out,-0.23004115445871998
FacebookAI_roberta-large,spring,22,7.930556,0.587326,1.0,7.859271,8.001841,leave_one_out,-0.23900159194496973
FacebookAI_roberta-large,spring,23,7.204813,0.573432,1.0,7.193823,7.215804,leave_one_out,-0.23036330799628313
FacebookAI_roberta-large,spring,24,2.542709,0.539626,1.0,2.466955,2.618462,leave_one_out,-0.20530493583631249
FacebookAI_roberta-large,match,0,0.549023,0.125766,0.6,1.406873,-0.308827,leave_one_out,-0.028791396157493487
FacebookAI_roberta-large,match,1,1.15656,0.209991,0.9,1.149998,1.163123,leave_one_out,-0.05252774178080866
FacebookAI_roberta-large,match,2,1.319253,0.224489,0.875,1.360855,1.27765,leave_one_out,-0.048788126638377505
FacebookAI_roberta-large,match,3,1.513085,0.233265,0.875,1.552797,1.473373,leave_one_out,-0.053122066815175506
FacebookAI_roberta-large,match,4,2.050303,0.267114,0.85,2.133629,1.966977,leave_one_out,-0.06275942019991076
FacebookAI_roberta-large,match,5,2.646206,0.300606,0.925,2.645752,2.64666,leave_one_out,-0.07461853360453419
FacebookAI_roberta-large,match,6,4.027608,0.382054,0.9,4.235177,3.820039,leave_one_out,-0.10504814107316329
FacebookAI_roberta-large,match,7,5.08837,0.431544,0.925,5.195607,4.981133,leave_one_out,-0.13088703944060498
FacebookAI_roberta-large,match,8,5.265096,0.452506,0.9,5.439977,5.090216,leave_one_out,-0.1437090059799846
FacebookAI_roberta-large,match,9,5.430598,0.458509,0.95,5.702877,5.158318,leave_one_out,-0.1493767433795159
FacebookAI_roberta-large,match,10,5.400989,0.47841,0.95,5.731653,5.070325,leave_one_out,-0.16110736731534003
FacebookAI_roberta-large,match,11,6.188065,0.487972,0.95,6.60504,5.77109,leave_one_out,-0.16517633200167814
FacebookAI_roberta-large,match,12,6.773734,0.49973,0.95,7.16395,6.383517,leave_one_out,-0.1751664906661179
FacebookAI_roberta-large,match,13,6.863116,0.509177,0.95,7.325749,6.400483,leave_one_out,-0.17786037428297585
FacebookAI_roberta-large,match,14,7.127865,0.517014,0.95,7.636897,6.618833,leave_one_out,-0.18265466260044283
FacebookAI_roberta-large,match,15,7.10415,0.519639,0.95,7.70641,6.50189,leave_one_out,-0.18357721946925654
FacebookAI_roberta-large,match,16,7.700375,0.546355,0.95,8.504741,6.896009,leave_one_out,-0.19655663799550782
FacebookAI_roberta-large,match,17,7.138395,0.538965,0.95,7.850603,6.426188,leave_one_out,-0.19434722233398993
FacebookAI_roberta-large,match,18,7.378359,0.543301,0.95,8.22471,6.532007,leave_one_out,-0.1960066448555271
FacebookAI_roberta-large,match,19,7.487104,0.548273,0.95,8.212264,6.761944,leave_one_out,-0.19986527236302498
FacebookAI_roberta-large,match,20,7.449833,0.544749,0.95,8.111236,6.78843,leave_one_out,-0.1962594381712296
FacebookAI_roberta-large,match,21,7.515644,0.540818,0.95,8.218012,6.813276,leave_one_out,-0.197218766509777
FacebookAI_roberta-large,match,22,6.788979,0.535004,0.95,7.599773,5.978185,leave_one_out,-0.19696086051193873
FacebookAI_roberta-large,match,23,6.560375,0.528143,0.975,7.403989,5.716761,leave_one_out,-0.19364800472799348
FacebookAI_roberta-large,match,24,2.474562,0.501111,0.975,2.79259,2.156535,leave_one_out,-0.177204651718328
FacebookAI_roberta-large,pitch,0,0.449356,0.172833,0.7,0.150385,0.748326,leave_one_out,-0.03325215622859945
FacebookAI_roberta-large,pitch,1,1.093808,0.23201,0.85,0.971885,1.21573,leave_one_out,-0.0516536176630531
FacebookAI_roberta-large,pitch,2,1.416097,0.255322,0.875,1.207715,1.624479,leave_one_out,-0.05719125720957874
FacebookAI_roberta-large,pitch,3,1.820848,0.276931,0.85,1.599251,2.042444,leave_one_out,-0.0649309146774697
FacebookAI_roberta-large,pitch,4,2.208897,0.301554,0.875,2.023134,2.39466,leave_one_out,-0.07099640891079628
FacebookAI_roberta-large,pitch,5,2.732844,0.322833,0.875,2.616685,2.849003,leave_one_out,-0.08208356385468252
FacebookAI_roberta-large,pitch,6,3.099164,0.348336,0.875,3.064124,3.134203,leave_one_out,-0.08950261897226741
FacebookAI_roberta-large,pitch,7,4.131698,0.400171,0.925,4.224629,4.038768,leave_one_out,-0.11521559561364692
FacebookAI_roberta-large,pitch,8,4.453097,0.432541,0.9,4.7725,4.133693,leave_one_out,-0.1322586448426828
FacebookAI_roberta-large,pitch,9,4.965317,0.450035,0.9,5.236406,4.694228,leave_one_out,-0.14284570154141163
FacebookAI_roberta-large,pitch,10,5.06755,0.468778,0.9,5.265931,4.869169,leave_one_out,-0.15261947359298622
FacebookAI_roberta-large,pitch,11,5.652484,0.479449,0.925,5.813404,5.491564,leave_one_out,-0.1609307652291997
FacebookAI_roberta-large,pitch,12,5.806575,0.476385,0.925,5.926826,5.686324,leave_one_out,-0.160279800366655
FacebookAI_roberta-large,pitch,13,6.107679,0.495858,0.975,6.242876,5.972481,leave_one_out,-0.1716918946616568
FacebookAI_roberta-large,pitch,14,7.709785,0.534139,0.975,7.816752,7.602818,leave_one_out,-0.19705258009944093
FacebookAI_roberta-large,pitch,15,7.107889,0.529276,0.975,7.259774,6.956004,leave_one_out,-0.19711024320613513
FacebookAI_roberta-large,pitch,16,6.923199,0.536225,0.975,7.165412,6.680985,leave_one_out,-0.20493617418990395
FacebookAI_roberta-large,pitch,17,6.821375,0.532072,0.975,7.020678,6.622071,leave_one_out,-0.19854183157706373
FacebookAI_roberta-large,pitch,18,6.779858,0.536714,0.975,6.953727,6.605988,leave_one_out,-0.19841265756553084
FacebookAI_roberta-large,pitch,19,7.282722,0.550793,0.975,7.505854,7.059591,leave_one_out,-0.2086093060248323
FacebookAI_roberta-large,pitch,20,7.661464,0.554457,0.975,7.878324,7.444604,leave_one_out,-0.20907327041057855
FacebookAI_roberta-large,pitch,21,8.04898,0.557985,0.975,8.303642,7.794317,leave_one_out,-0.21409391336062156
FacebookAI_roberta-large,pitch,22,7.137196,0.551232,0.975,7.470905,6.803488,leave_one_out,-0.21012277098597598
FacebookAI_roberta-large,pitch,23,7.314522,0.55378,0.975,7.637573,6.991471,leave_one_out,-0.21105027292346557
FacebookAI_roberta-large,pitch,24,2.716785,0.519689,0.975,2.798626,2.634944,leave_one_out,-0.19171791261926918
FacebookAI_xlm-roberta-large,bank,0,-0.126608,-0.078351,0.475,-0.161804,-0.091412,leave_one_out,0.008858118542627524
FacebookAI_xlm-roberta-large,bank,1,0.154357,0.08668,0.6,0.150362,0.158353,leave_one_out,-0.030467785012303295
FacebookAI_xlm-roberta-large,bank,2,0.530681,0.169524,0.875,0.498477,0.562885,leave_one_out,-0.04605443511226448
FacebookAI_xlm-roberta-large,bank,3,0.96518,0.244369,0.925,0.895353,1.035008,leave_one_out,-0.06956353158422068
FacebookAI_xlm-roberta-large,bank,4,1.994483,0.340304,0.925,1.961784,2.027181,leave_one_out,-0.10213855550443574
FacebookAI_xlm-roberta-large,bank,5,2.376889,0.378088,0.925,2.326328,2.42745,leave_one_out,-0.12457299212014983
FacebookAI_xlm-roberta-large,bank,6,2.486937,0.383434,0.95,2.394829,2.579046,leave_one_out,-0.1269436627589582
FacebookAI_xlm-roberta-large,bank,7,2.818318,0.400777,0.975,2.691831,2.944805,leave_one_out,-0.13577691543518533
FacebookAI_xlm-roberta-large,bank,8,3.223228,0.4313,0.925,3.051621,3.394836,leave_one_out,-0.15152575997178475
FacebookAI_xlm-roberta-large,bank,9,2.895029,0.410541,0.925,2.643556,3.146501,leave_one_out,-0.13976983156395617
FacebookAI_xlm-roberta-large,bank,10,3.401058,0.429954,0.95,3.106663,3.695453,leave_one_out,-0.14909668951969612
FacebookAI_xlm-roberta-large,bank,11,4.211272,0.459119,0.95,3.7976,4.624943,leave_one_out,-0.16181225652701048
FacebookAI_xlm-roberta-large,bank,12,4.796166,0.469081,0.95,4.366811,5.22552,leave_one_out,-0.16748975824303447
FacebookAI_xlm-roberta-large,bank,13,5.117789,0.490914,0.975,4.702273,5.533305,leave_one_out,-0.17648610864942904
FacebookAI_xlm-roberta-large,bank,14,5.280971,0.499928,0.975,4.926616,5.635325,leave_one_out,-0.1849818286429391
FacebookAI_xlm-roberta-large,bank,15,6.204448,0.511291,0.975,5.815699,6.593197,leave_one_out,-0.18958910940631046
FacebookAI_xlm-roberta-large,bank,16,5.467605,0.484193,0.975,5.188831,5.746378,leave_one_out,-0.1704804477033255
FacebookAI_xlm-roberta-large,bank,17,5.005525,0.471109,0.975,4.772328,5.238721,leave_one_out,-0.15922828823644664
FacebookAI_xlm-roberta-large,bank,18,5.203129,0.478637,0.975,4.924559,5.481699,leave_one_out,-0.1583120511445424
FacebookAI_xlm-roberta-large,bank,19,5.780321,0.496699,0.975,5.549077,6.011566,leave_one_out,-0.16907277171721247
FacebookAI_xlm-roberta-large,bank,20,5.516154,0.512877,0.975,5.147831,5.884477,leave_one_out,-0.18215120161054554
FacebookAI_xlm-roberta-large,bank,21,6.333602,0.563201,0.975,5.828182,6.839023,leave_one_out,-0.2233724745573039
FacebookAI_xlm-roberta-large,bank,22,6.093568,0.57128,0.975,5.521548,6.665588,leave_one_out,-0.23927082844494563
FacebookAI_xlm-roberta-large,bank,23,6.426253,0.581298,0.975,5.789214,7.063292,leave_one_out,-0.25426030770578867
FacebookAI_xlm-roberta-large,bank,24,1.650015,0.557868,0.975,1.467781,1.832249,leave_one_out,-0.2319470320696524
FacebookAI_xlm-roberta-large,bark,0,-0.11782,-0.103376,0.3,-0.098307,-0.137333,leave_one_out,0.015035159324064962
FacebookAI_xlm-roberta-large,bark,1,-0.063098,-0.049253,0.5,-0.049028,-0.077169,leave_one_out,0.00010272266644095751
FacebookAI_xlm-roberta-large,bark,2,0.223902,0.110868,0.75,0.21536,0.232444,leave_one_out,-0.036413330487146234
FacebookAI_xlm-roberta-large,bark,3,0.184037,0.106483,0.7,0.183149,0.184924,leave_one_out,-0.03397445317392889
FacebookAI_xlm-roberta-large,bark,4,0.311721,0.143791,0.75,0.311051,0.312391,leave_one_out,-0.03974979677262136
FacebookAI_xlm-roberta-large,bark,5,0.36682,0.158613,0.75,0.370331,0.363308,leave_one_out,-0.04649865354232663
FacebookAI_xlm-roberta-large,bark,6,0.436964,0.17782,0.75,0.443803,0.430125,leave_one_out,-0.051440671724798936
FacebookAI_xlm-roberta-large,bark,7,0.480176,0.176828,0.75,0.48882,0.471532,leave_one_out,-0.05144043784958241
FacebookAI_xlm-roberta-large,bark,8,0.616917,0.202298,0.825,0.612822,0.621013,leave_one_out,-0.05718700056894821
FacebookAI_xlm-roberta-large,bark,9,1.190524,0.285451,0.975,1.156346,1.224701,leave_one_out,-0.08942255521072218
FacebookAI_xlm-roberta-large,bark,10,1.674538,0.332269,0.975,1.646459,1.702617,leave_one_out,-0.1030859702777488
FacebookAI_xlm-roberta-large,bark,11,3.48508,0.454068,0.975,3.421469,3.548692,leave_one_out,-0.16086807071424847
FacebookAI_xlm-roberta-large,bark,12,2.878551,0.38146,1.0,2.937019,2.820082,leave_one_out,-0.14172926013191123
FacebookAI_xlm-roberta-large,bark,13,2.969477,0.3821,1.0,3.078853,2.8601,leave_one_out,-0.14814107835741241
FacebookAI_xlm-roberta-large,bark,14,3.275373,0.391757,1.0,3.444976,3.105771,leave_one_out,-0.15827304836379796
FacebookAI_xlm-roberta-large,bark,15,3.215988,0.370276,1.0,3.40069,3.031286,leave_one_out,-0.14666679463033483
FacebookAI_xlm-roberta-large,bark,16,2.909935,0.358941,1.0,3.118044,2.701827,leave_one_out,-0.13677227318515606
FacebookAI_xlm-roberta-large,bark,17,2.851754,0.360852,0.975,3.079807,2.623701,leave_one_out,-0.12637694839378388
FacebookAI_xlm-roberta-large,bark,18,2.761292,0.361708,1.0,2.926139,2.596446,leave_one_out,-0.12561043672821848
FacebookAI_xlm-roberta-large,bark,19,3.132109,0.382786,1.0,3.260781,3.003437,leave_one_out,-0.13632428251891116
FacebookAI_xlm-roberta-large,bark,20,3.010981,0.396906,0.975,3.066448,2.955514,leave_one_out,-0.14223521105578318
FacebookAI_xlm-roberta-large,bark,21,2.716696,0.403148,1.0,2.774304,2.659089,leave_one_out,-0.15373157051180597
FacebookAI_xlm-roberta-large,bark,22,2.216789,0.352711,0.925,2.263608,2.16997,leave_one_out,-0.15825284240969295
FacebookAI_xlm-roberta-large,bark,23,1.976397,0.330461,0.75,2.041671,1.911124,leave_one_out,-0.15779463807837701
FacebookAI_xlm-roberta-large,bark,24,0.501783,0.295012,0.75,0.509865,0.493701,leave_one_out,-0.12944361554955264
FacebookAI_xlm-roberta-large,bat,0,0.562854,0.151538,0.6,1.579373,-0.453664,leave_one_out,-0.04130368716175148
FacebookAI_xlm-roberta-large,bat,1,0.414201,0.131719,0.625,0.918379,-0.089976,leave_one_out,-0.03190451328919297
FacebookAI_xlm-roberta-large,bat,2,0.830536,0.196586,0.725,1.206406,0.454665,leave_one_out,-0.04334661013878749
FacebookAI_xlm-roberta-large,bat,3,0.909467,0.205621,0.75,1.219215,0.599719,leave_one_out,-0.04730037838204082
FacebookAI_xlm-roberta-large,bat,4,1.582254,0.280998,0.875,1.799579,1.364928,leave_one_out,-0.07375013845831047
FacebookAI_xlm-roberta-large,bat,5,1.837023,0.303576,0.925,2.017703,1.656343,leave_one_out,-0.07827792273310408
FacebookAI_xlm-roberta-large,bat,6,2.041838,0.320675,0.925,2.212177,1.871499,leave_one_out,-0.08519279393704204
FacebookAI_xlm-roberta-large,bat,7,2.226193,0.324133,0.925,2.336276,2.11611,leave_one_out,-0.08414445595642273
FacebookAI_xlm-roberta-large,bat,8,2.473308,0.350295,0.9,2.545997,2.400619,leave_one_out,-0.09393752939336297
FacebookAI_xlm-roberta-large,bat,9,2.415627,0.346933,0.925,2.515713,2.315542,leave_one_out,-0.09671702447776886
FacebookAI_xlm-roberta-large,bat,10,2.437122,0.342945,0.925,2.506688,2.367556,leave_one_out,-0.09508171103356067
FacebookAI_xlm-roberta-large,bat,11,3.744208,0.418485,0.975,3.843903,3.644512,leave_one_out,-0.13151944105123003
FacebookAI_xlm-roberta-large,bat,12,3.899841,0.410873,0.975,4.025737,3.773945,leave_one_out,-0.1308183730346988
FacebookAI_xlm-roberta-large,bat,13,3.429441,0.397474,0.975,3.590681,3.268201,leave_one_out,-0.12305395055791846
FacebookAI_xlm-roberta-large,bat,14,4.136189,0.431218,1.0,4.349217,3.923161,leave_one_out,-0.14685788107541564
FacebookAI_xlm-roberta-large,bat,15,4.067234,0.410242,1.0,4.266728,3.867741,leave_one_out,-0.13825301274431223
FacebookAI_xlm-roberta-large,bat,16,3.722195,0.402827,1.0,3.915193,3.529197,leave_one_out,-0.1296954432323678
FacebookAI_xlm-roberta-large,bat,17,3.262563,0.381138,1.0,3.39723,3.127895,leave_one_out,-0.1173896127602494
FacebookAI_xlm-roberta-large,bat,18,3.322159,0.382961,0.975,3.431605,3.212712,leave_one_out,-0.1167237157346308
FacebookAI_xlm-roberta-large,bat,19,3.673626,0.40361,0.975,3.722638,3.624614,leave_one_out,-0.12703483436652263
FacebookAI_xlm-roberta-large,bat,20,3.667745,0.418628,0.975,3.713393,3.622097,leave_one_out,-0.1399230315886646
FacebookAI_xlm-roberta-large,bat,21,4.801153,0.490789,1.0,4.959707,4.642599,leave_one_out,-0.18351949827884784
FacebookAI_xlm-roberta-large,bat,22,4.110037,0.472912,1.0,4.280837,3.939237,leave_one_out,-0.17806883502557957
FacebookAI_xlm-roberta-large,bat,23,4.244058,0.480102,1.0,4.514591,3.973525,leave_one_out,-0.18320493571135887
FacebookAI_xlm-roberta-large,bat,24,1.128526,0.456893,1.0,1.248941,1.008112,leave_one_out,-0.16178418322306942
FacebookAI_xlm-roberta-large,crane,0,1.461841,0.244477,0.675,-1.023751,3.947432,leave_one_out,-0.07834275917072886
FacebookAI_xlm-roberta-large,crane,1,1.165582,0.229858,0.675,-0.513196,2.84436,leave_one_out,-0.06986897389151492
FacebookAI_xlm-roberta-large,crane,2,1.122058,0.223308,0.675,-0.242825,2.48694,leave_one_out,-0.06511111021862248
FacebookAI_xlm-roberta-large,crane,3,1.093534,0.232012,0.675,-0.189249,2.376317,leave_one_out,-0.06917719795592348
FacebookAI_xlm-roberta-large,crane,4,0.963143,0.21748,0.675,-0.121259,2.047546,leave_one_out,-0.06267621735943762
FacebookAI_xlm-roberta-large,crane,5,0.969117,0.220505,0.675,-0.060851,1.999086,leave_one_out,-0.0642309340442585
FacebookAI_xlm-roberta-large,crane,6,0.987561,0.230019,0.675,0.048447,1.926674,leave_one_out,-0.06568734044780844
FacebookAI_xlm-roberta-large,crane,7,1.004193,0.233264,0.675,0.15676,1.851627,leave_one_out,-0.06611989270095187
FacebookAI_xlm-roberta-large,crane,8,0.929282,0.227809,0.675,0.22563,1.632934,leave_one_out,-0.062260710957970034
FacebookAI_xlm-roberta-large,crane,9,0.920825,0.228759,0.675,0.321967,1.519684,leave_one_out,-0.06396906585794848
FacebookAI_xlm-roberta-large,crane,10,1.04903,0.241579,0.7,0.535408,1.562652,leave_one_out,-0.06290349342875823
FacebookAI_xlm-roberta-large,crane,11,1.514049,0.288159,0.8,1.101848,1.926249,leave_one_out,-0.07949559551631868
FacebookAI_xlm-roberta-large,crane,12,1.711098,0.292419,0.9,1.385808,2.036388,leave_one_out,-0.08359934734428232
FacebookAI_xlm-roberta-large,crane,13,1.990035,0.320701,0.85,1.725538,2.254533,leave_one_out,-0.09317510163374976
FacebookAI_xlm-roberta-large,crane,14,2.245634,0.33681,0.85,2.002408,2.488861,leave_one_out,-0.10087669986977632
FacebookAI_xlm-roberta-large,crane,15,2.671783,0.345866,0.875,2.374957,2.968609,leave_one_out,-0.10557462051522992
FacebookAI_xlm-roberta-large,crane,16,2.270476,0.321177,0.85,2.011663,2.529288,leave_one_out,-0.0945435722886786
FacebookAI_xlm-roberta-large,crane,17,2.002959,0.306709,0.85,1.787718,2.2182,leave_one_out,-0.08720388658161204
FacebookAI_xlm-roberta-large,crane,18,2.220164,0.323753,0.875,2.006464,2.433864,leave_one_out,-0.08977364552011813
FacebookAI_xlm-roberta-large,crane,19,2.566155,0.348386,0.875,2.340512,2.791799,leave_one_out,-0.09444072316895802
FacebookAI_xlm-roberta-large,crane,20,2.541126,0.364526,0.875,2.27954,2.802712,leave_one_out,-0.10598439700062934
FacebookAI_xlm-roberta-large,crane,21,2.694508,0.389551,0.9,2.321505,3.067511,leave_one_out,-0.12491822908983574
FacebookAI_xlm-roberta-large,crane,22,2.631181,0.388026,0.875,2.22971,3.032652,leave_one_out,-0.13067140911082642
FacebookAI_xlm-roberta-large,crane,23,2.707148,0.386321,0.875,2.202221,3.212074,leave_one_out,-0.1406923905977182
FacebookAI_xlm-roberta-large,crane,24,0.687334,0.353747,0.85,0.55031,0.824358,leave_one_out,-0.1182780057866919
FacebookAI_xlm-roberta-large,spring,0,0.90705,0.198584,0.625,-0.520903,2.335003,leave_one_out,-0.10107026241048156
FacebookAI_xlm-roberta-large,spring,1,0.8405,0.195768,0.6,0.143937,1.537062,leave_one_out,-0.05312066751180411
FacebookAI_xlm-roberta-large,spring,2,1.53196,0.264497,0.9,1.116571,1.947349,leave_one_out,-0.08744749388805773
FacebookAI_xlm-roberta-large,spring,3,1.496063,0.269778,0.925,1.154035,1.838091,leave_one_out,-0.0829117082894677
FacebookAI_xlm-roberta-large,spring,4,1.417531,0.259345,0.95,1.131698,1.703363,leave_one_out,-0.0743176498195316
FacebookAI_xlm-roberta-large,spring,5,1.24676,0.250717,0.95,1.022311,1.47121,leave_one_out,-0.06882296334542504
FacebookAI_xlm-roberta-large,spring,6,1.143918,0.244067,0.95,0.955629,1.332207,leave_one_out,-0.06605133647457784
FacebookAI_xlm-roberta-large,spring,7,1.416667,0.27438,0.925,1.243585,1.589748,leave_one_out,-0.07327687593757304
FacebookAI_xlm-roberta-large,spring,8,1.333449,0.27648,0.925,1.205686,1.461212,leave_one_out,-0.07574715790885778
FacebookAI_xlm-roberta-large,spring,9,1.705703,0.316423,0.925,1.620036,1.79137,leave_one_out,-0.09362193670962404
FacebookAI_xlm-roberta-large,spring,10,1.871208,0.32858,0.95,1.803904,1.938513,leave_one_out,-0.0973549493525061
FacebookAI_xlm-roberta-large,spring,11,1.920872,0.321034,0.975,1.845527,1.996217,leave_one_out,-0.08964192809110816
FacebookAI_xlm-roberta-large,spring,12,2.312996,0.341999,0.975,2.357255,2.268737,leave_one_out,-0.09604160693926489
FacebookAI_xlm-roberta-large,spring,13,2.309017,0.343113,0.975,2.379815,2.238219,leave_one_out,-0.09626829972337059
FacebookAI_xlm-roberta-large,spring,14,2.207512,0.338143,0.925,2.385692,2.029333,leave_one_out,-0.09226643680654567
FacebookAI_xlm-roberta-large,spring,15,2.343242,0.329213,0.95,2.516484,2.17,leave_one_out,-0.08856112506323366
FacebookAI_xlm-roberta-large,spring,16,2.275721,0.320581,0.95,2.469551,2.08189,leave_one_out,-0.08378893374353535
FacebookAI_xlm-roberta-large,spring,17,2.347929,0.328957,0.95,2.538589,2.157269,leave_one_out,-0.08897031772558628
FacebookAI_xlm-roberta-large,spring,18,2.532655,0.33784,0.9,2.724142,2.341168,leave_one_out,-0.09168310646074174
FacebookAI_xlm-roberta-large,spring,19,2.780968,0.353619,0.9,3.006053,2.555883,leave_one_out,-0.09708247116906066
FacebookAI_xlm-roberta-large,spring,20,3.389432,0.398057,0.9,3.708011,3.070852,leave_one_out,-0.11818493692177956
FacebookAI_xlm-roberta-large,spring,21,3.981186,0.448795,0.9,4.444381,3.51799,leave_one_out,-0.144642077063172
FacebookAI_xlm-roberta-large,spring,22,4.547266,0.486853,0.9,5.130221,3.964311,leave_one_out,-0.1632399960789217
FacebookAI_xlm-roberta-large,spring,23,4.23614,0.471589,0.9,4.835069,3.637211,leave_one_out,-0.1570026199080481
FacebookAI_xlm-roberta-large,spring,24,1.085637,0.444241,0.9,1.183043,0.98823,leave_one_out,-0.1427439190759039
FacebookAI_xlm-roberta-large,match,0,0.460029,0.131459,0.625,1.510602,-0.590544,leave_one_out,-0.04136655413938051
FacebookAI_xlm-roberta-large,match,1,0.499507,0.144249,0.625,1.235279,-0.236265,leave_one_out,-0.0406772228635367
FacebookAI_xlm-roberta-large,match,2,0.508608,0.139274,0.6,0.854326,0.162889,leave_one_out,-0.03612147879722216
FacebookAI_xlm-roberta-large,match,3,0.715845,0.177659,0.725,0.962037,0.469654,leave_one_out,-0.04292010319456108
FacebookAI_xlm-roberta-large,match,4,0.86064,0.1927,0.675,1.124672,0.596609,leave_one_out,-0.045650717903380156
FacebookAI_xlm-roberta-large,match,5,1.091378,0.226747,0.75,1.357203,0.825552,leave_one_out,-0.05818510792476994
FacebookAI_xlm-roberta-large,match,6,1.106321,0.229764,0.775,1.373506,0.839137,leave_one_out,-0.05960317958234196
FacebookAI_xlm-roberta-large,match,7,1.163174,0.233753,0.775,1.457308,0.86904,leave_one_out,-0.06084521603775783
FacebookAI_xlm-roberta-large,match,8,1.038011,0.227224,0.775,1.29392,0.782101,leave_one_out,-0.05973162575568114
FacebookAI_xlm-roberta-large,match,9,1.00182,0.222129,0.725,1.22045,0.783189,leave_one_out,-0.05712715040484995
FacebookAI_xlm-roberta-large,match,10,1.423333,0.264994,0.775,1.765755,1.080911,leave_one_out,-0.07095471041698254
FacebookAI_xlm-roberta-large,match,11,1.436125,0.257913,0.8,1.744992,1.127259,leave_one_out,-0.06821919066701121
FacebookAI_xlm-roberta-large,match,12,1.786632,0.275286,0.775,2.246982,1.326282,leave_one_out,-0.07363894126150705
FacebookAI_xlm-roberta-large,match,13,1.759044,0.280216,0.85,2.195645,1.322443,leave_one_out,-0.07525457623234022
FacebookAI_xlm-roberta-large,match,14,1.8186,0.284944,0.825,2.392971,1.244229,leave_one_out,-0.07723997564436114
FacebookAI_xlm-roberta-large,match,15,2.217141,0.298686,0.85,2.792852,1.641429,leave_one_out,-0.0800625497425127
FacebookAI_xlm-roberta-large,match,16,2.25846,0.308326,0.925,2.742629,1.774291,leave_one_out,-0.0755852543561154
FacebookAI_xlm-roberta-large,match,17,2.424588,0.328319,0.9,2.900168,1.949007,leave_one_out,-0.08147796933195062
FacebookAI_xlm-roberta-large,match,18,2.348867,0.322464,0.925,2.825089,1.872644,leave_one_out,-0.08571573932126353
FacebookAI_xlm-roberta-large,match,19,2.683533,0.342835,0.925,3.169236,2.19783,leave_one_out,-0.09680133396078228
FacebookAI_xlm-roberta-large,match,20,2.931309,0.373425,0.95,3.532483,2.330135,leave_one_out,-0.1123274335503156
FacebookAI_xlm-roberta-large,match,21,2.863759,0.380785,0.925,3.598274,2.129244,leave_one_out,-0.1176601240639008
FacebookAI_xlm-roberta-large,match,22,3.023992,0.396869,0.925,3.896085,2.151899,leave_one_out,-0.12387618061669614
FacebookAI_xlm-roberta-large,match,23,3.035004,0.393709,0.925,3.982901,2.087106,leave_one_out,-0.12990849349774514
FacebookAI_xlm-roberta-large,match,24,0.815596,0.370931,0.925,1.052368,0.578824,leave_one_out,-0.12442618426543262
FacebookAI_xlm-roberta-large,pitch,0,0.492213,0.224453,0.65,0.244258,0.740168,leave_one_out,-0.056102752875540896
FacebookAI_xlm-roberta-large,pitch,1,0.535995,0.20041,0.725,0.401416,0.670575,leave_one_out,-0.030707164449891078
FacebookAI_xlm-roberta-large,pitch,2,0.713567,0.213228,0.8,0.49627,0.930864,leave_one_out,-0.04025704914734329
FacebookAI_xlm-roberta-large,pitch,3,0.864821,0.229202,0.85,0.71636,1.013281,leave_one_out,-0.0495165149087371
FacebookAI_xlm-roberta-large,pitch,4,1.471375,0.285209,0.825,1.354417,1.588332,leave_one_out,-0.06784356091781685
FacebookAI_xlm-roberta-large,pitch,5,1.745083,0.318463,0.825,1.587332,1.902833,leave_one_out,-0.08293715555166692
FacebookAI_xlm-roberta-large,pitch,6,1.952664,0.336714,0.825,1.836,2.069328,leave_one_out,-0.09032625616145618
FacebookAI_xlm-roberta-large,pitch,7,2.018802,0.33678,0.825,1.869061,2.168543,leave_one_out,-0.09217639485263651
FacebookAI_xlm-roberta-large,pitch,8,1.843394,0.32854,0.825,1.699354,1.987434,leave_one_out,-0.08896929200257109
FacebookAI_xlm-roberta-large,pitch,9,1.779349,0.326696,0.85,1.652869,1.90583,leave_one_out,-0.08715364618710819
FacebookAI_xlm-roberta-large,pitch,10,2.104971,0.345441,0.875,1.962543,2.247399,leave_one_out,-0.09698271875890419
FacebookAI_xlm-roberta-large,pitch,11,2.433985,0.357902,0.9,2.271607,2.596362,leave_one_out,-0.10089122758865054
FacebookAI_xlm-roberta-large,pitch,12,3.282101,0.395742,0.95,3.12404,3.440162,leave_one_out,-0.11544659580263505
FacebookAI_xlm-roberta-large,pitch,13,3.304396,0.401887,0.95,3.16677,3.442023,leave_one_out,-0.11900887339340582
FacebookAI_xlm-roberta-large,pitch,14,3.738402,0.428981,0.95,3.528258,3.948545,leave_one_out,-0.13379286200438523
FacebookAI_xlm-roberta-large,pitch,15,4.380702,0.444139,0.95,4.270307,4.491096,leave_one_out,-0.14204336062757938
FacebookAI_xlm-roberta-large,pitch,16,4.309289,0.444357,0.95,4.231608,4.386971,leave_one_out,-0.14202357815078503
FacebookAI_xlm-roberta-large,pitch,17,3.864378,0.427033,0.95,3.771143,3.957613,leave_one_out,-0.12981135703864544
FacebookAI_xlm-roberta-large,pitch,18,4.184146,0.438536,0.95,4.022248,4.346043,leave_one_out,-0.1386775393482883
FacebookAI_xlm-roberta-large,pitch,19,4.520237,0.45679,0.95,4.400332,4.640143,leave_one_out,-0.1402690866913593
FacebookAI_xlm-roberta-large,pitch,20,4.772982,0.482726,0.95,4.734434,4.81153,leave_one_out,-0.15809309134693483
FacebookAI_xlm-roberta-large,pitch,21,5.235422,0.517831,0.95,5.317435,5.153408,leave_one_out,-0.18677876012825434
FacebookAI_xlm-roberta-large,pitch,22,4.983977,0.521334,0.95,5.03303,4.934924,leave_one_out,-0.19419034203086782
FacebookAI_xlm-roberta-large,pitch,23,4.697643,0.51108,0.95,4.823048,4.572238,leave_one_out,-0.1867889264064294
FacebookAI_xlm-roberta-large,pitch,24,1.185868,0.484089,0.95,1.210357,1.161378,leave_one_out,-0.1622577595705722
Qwen_Qwen2.5-3B,bank,0,0.0,0.0,0.0,0.0,0.0,leave_one_out,0.0
Qwen_Qwen2.5-3B,bank,1,0.809965,0.224752,0.8,0.146898,1.473032,leave_one_out,-0.04509989204999171
Qwen_Qwen2.5-3B,bank,2,1.316249,0.254858,0.775,0.609577,2.022921,leave_one_out,-0.058639014064164774
Qwen_Qwen2.5-3B,bank,3,1.682034,0.266193,0.775,0.911814,2.452254,leave_one_out,-0.06404998565475624
Qwen_Qwen2.5-3B,bank,4,2.145299,0.281427,0.8,1.397605,2.892993,leave_one_out,-0.06916925667775352
Qwen_Qwen2.5-3B,bank,5,2.280617,0.262921,0.8,1.611923,2.949312,leave_one_out,-0.06523969343355819
Qwen_Qwen2.5-3B,bank,6,2.826537,0.276227,0.825,1.975263,3.677812,leave_one_out,-0.07403097357227408
Qwen_Qwen2.5-3B,bank,7,7.34791,0.380771,0.825,4.768863,9.926957,leave_one_out,-0.11586627652667428
Qwen_Qwen2.5-3B,bank,8,6.724473,0.361436,0.825,4.483352,8.965594,leave_one_out,-0.10856039594725946
Qwen_Qwen2.5-3B,bank,9,6.215128,0.329291,0.825,4.080502,8.349754,leave_one_out,-0.0913089887805741
Qwen_Qwen2.5-3B,bank,10,6.940536,0.322231,0.825,4.922127,8.958946,leave_one_out,-0.0879880257798745
Qwen_Qwen2.5-3B,bank,11,8.240623,0.332309,0.825,5.885312,10.595934,leave_one_out,-0.0899745721905552
Qwen_Qwen2.5-3B,bank,12,10.416852,0.348809,0.825,7.311015,13.52269,leave_one_out,-0.09608046829496895
Qwen_Qwen2.5-3B,bank,13,10.308915,0.345279,0.825,7.442717,13.175114,leave_one_out,-0.09047209009707548
Qwen_Qwen2.5-3B,bank,14,11.411826,0.351726,0.825,8.096405,14.727248,leave_one_out,-0.09682478282467884
Qwen_Qwen2.5-3B,bank,15,10.892146,0.332858,0.825,7.889149,13.895143,leave_one_out,-0.08376964856396099
Qwen_Qwen2.5-3B,bank,16,11.096683,0.329921,0.825,7.660019,14.533346,leave_one_out,-0.07669388534465864
Qwen_Qwen2.5-3B,bank,17,10.203885,0.315112,0.825,7.016608,13.391162,leave_one_out,-0.0634007144489369
Qwen_Qwen2.5-3B,bank,18,10.014329,0.305697,0.825,7.1385,12.890157,leave_one_out,-0.059909935444344274
Qwen_Qwen2.5-3B,bank,19,9.58677,0.295073,0.825,6.869176,12.304364,leave_one_out,-0.054126094615764245
Qwen_Qwen2.5-3B,bank,20,9.185076,0.284803,0.825,6.550835,11.819316,leave_one_out,-0.0487180923531021
Qwen_Qwen2.5-3B,bank,21,9.645853,0.293513,0.825,6.871555,12.420152,leave_one_out,-0.0494506448392612
Qwen_Qwen2.5-3B,bank,22,9.217004,0.287737,0.825,6.64738,11.786629,leave_one_out,-0.046179627367031274
Qwen_Qwen2.5-3B,bank,23,8.624579,0.277762,0.825,6.413593,10.835565,leave_one_out,-0.04348538250681452
Qwen_Qwen2.5-3B,bank,24,8.394651,0.268733,0.825,6.336785,10.452517,leave_one_out,-0.043211950067484836
Qwen_Qwen2.5-3B,bank,25,8.328055,0.256661,0.825,6.244436,10.411674,leave_one_out,-0.040503163574312655
Qwen_Qwen2.5-3B,bank,26,9.479637,0.268666,0.825,7.08681,11.872464,leave_one_out,-0.04622994308587642
Qwen_Qwen2.5-3B,bank,27,10.517868,0.270683,0.825,7.90779,13.127945,leave_one_out,-0.04777274481878444
Qwen_Qwen2.5-3B,bank,28,11.584526,0.270255,0.825,8.771107,14.397945,leave_one_out,-0.04991821228635659
Qwen_Qwen2.5-3B,bank,29,12.900959,0.265603,0.825,10.024629,15.77729,leave_one_out,-0.05008010914618801
Qwen_Qwen2.5-3B,bank,30,13.692879,0.25334,0.825,10.605344,16.780414,leave_one_out,-0.047398493308127246
Qwen_Qwen2.5-3B,bank,31,16.274181,0.249453,0.825,12.933149,19.615214,leave_one_out,-0.046610294821057004
Qwen_Qwen2.5-3B,bank,32,19.678281,0.241005,0.825,15.975093,23.381469,leave_one_out,-0.04910196153530948
Qwen_Qwen2.5-3B,bank,33,23.113998,0.242875,0.825,18.641211,27.586784,leave_one_out,-0.0512875308140626
Qwen_Qwen2.5-3B,bank,34,23.810081,0.235045,0.825,19.562621,28.057542,leave_one_out,-0.049227550096118136
Qwen_Qwen2.5-3B,bank,35,24.171397,0.224512,0.825,20.146911,28.195884,leave_one_out,-0.046146554599453465
Qwen_Qwen2.5-3B,bank,36,8.969498,0.217497,0.825,7.674749,10.264246,leave_one_out,-0.04546027266396407
Qwen_Qwen2.5-3B,bark,0,0.0,0.0,0.0,0.0,0.0,leave_one_out,0.0
Qwen_Qwen2.5-3B,bark,1,0.605213,0.199368,0.85,0.419115,0.791311,leave_one_out,-0.04439409968765775
Qwen_Qwen2.5-3B,bark,2,0.730735,0.184197,0.775,0.515094,0.946376,leave_one_out,-0.04182552497291111
Qwen_Qwen2.5-3B,bark,3,0.952031,0.188354,0.825,0.675828,1.228234,leave_one_out,-0.04516644602995674
Qwen_Qwen2.5-3B,bark,4,1.046566,0.180243,0.825,0.780151,1.312982,leave_one_out,-0.04309609771608503
Qwen_Qwen2.5-3B,bark,5,1.778512,0.208492,0.8,1.348873,2.208151,leave_one_out,-0.05163414030609032
Qwen_Qwen2.5-3B,bark,6,1.855842,0.201364,0.8,1.387615,2.324068,leave_one_out,-0.051616891151861535
Qwen_Qwen2.5-3B,bark,7,2.659295,0.228819,0.875,2.07506,3.243529,leave_one_out,-0.05863781763510182
Qwen_Qwen2.5-3B,bark,8,2.782422,0.233151,0.875,2.232782,3.332062,leave_one_out,-0.059380778876504406
Qwen_Qwen2.5-3B,bark,9,3.737744,0.259117,0.875,3.055303,4.420185,leave_one_out,-0.06820650076205785
Qwen_Qwen2.5-3B,bark,10,6.937488,0.331754,0.9,5.633721,8.241256,leave_one_out,-0.09478658527056597
Qwen_Qwen2.5-3B,bark,11,12.190006,0.410031,0.925,10.378721,14.001291,leave_one_out,-0.1278921508172521
Qwen_Qwen2.5-3B,bark,12,14.045223,0.420381,0.925,11.906479,16.183966,leave_one_out,-0.13580779402212595
Qwen_Qwen2.5-3B,bark,13,18.099482,0.456028,0.925,15.796527,20.402438,leave_one_out,-0.14926460212103532
Qwen_Qwen2.5-3B,bark,14,19.974197,0.459661,0.925,17.491532,22.456861,leave_one_out,-0.14969336350206341
Qwen_Qwen2.5-3B,bark,15,19.876763,0.449025,0.925,17.071479,22.682047,leave_one_out,-0.1374749190701543
Qwen_Qwen2.5-3B,bark,16,20.366684,0.446207,0.925,17.612732,23.120635,leave_one_out,-0.1290526854518458
Qwen_Qwen2.5-3B,bark,17,18.015366,0.421193,0.925,15.556847,20.473886,leave_one_out,-0.1080183843516809
Qwen_Qwen2.5-3B,bark,18,17.200876,0.408298,0.925,14.969778,19.431975,leave_one_out,-0.10086676108760725
Qwen_Qwen2.5-3B,bark,19,16.459105,0.395658,0.925,14.426623,18.491587,leave_one_out,-0.09038225997861278
Qwen_Qwen2.5-3B,bark,20,16.410235,0.390184,0.925,14.45174,18.36873,leave_one_out,-0.08740862465716653
Qwen_Qwen2.5-3B,bark,21,17.062494,0.396246,0.925,15.430864,18.694125,leave_one_out,-0.08928960812229393
Qwen_Qwen2.5-3B,bark,22,16.828854,0.393221,0.925,15.297657,18.360052,leave_one_out,-0.09041987323496543
Qwen_Qwen2.5-3B,bark,23,16.107997,0.384859,0.925,14.923115,17.292879,leave_one_out,-0.08693359430930295
Qwen_Qwen2.5-3B,bark,24,15.941159,0.374974,0.925,14.821494,17.060825,leave_one_out,-0.08521098766197942
Qwen_Qwen2.5-3B,bark,25,15.727455,0.358124,0.925,14.510013,16.944897,leave_one_out,-0.07944977765091728
Qwen_Qwen2.5-3B,bark,26,16.981212,0.366212,0.925,15.623485,18.338938,leave_one_out,-0.08267984219399063
Qwen_Qwen2.5-3B,bark,27,17.932854,0.362352,0.925,16.243956,19.621752,leave_one_out,-0.08238094582035875
Qwen_Qwen2.5-3B,bark,28,18.276473,0.348356,0.925,16.509288,20.043657,leave_one_out,-0.08323320861285018
Qwen_Qwen2.5-3B,bark,29,19.525075,0.339215,0.925,17.556795,21.493354,leave_one_out,-0.0818815917856791
Qwen_Qwen2.5-3B,bark,30,20.861946,0.327732,0.925,18.78,22.943892,leave_one_out,-0.07841797430738083
Qwen_Qwen2.5-3B,bark,31,23.828471,0.318869,0.9,21.476087,26.180855,leave_one_out,-0.0798635791774325
Qwen_Qwen2.5-3B,bark,32,31.671667,0.32671,0.9,28.16245,35.180884,leave_one_out,-0.08778898147172669
Qwen_Qwen2.5-3B,bark,33,37.08825,0.328637,0.9,32.807046,41.369455,leave_one_out,-0.08567661087665855
Qwen_Qwen2.5-3B,bark,34,37.438445,0.313069,0.9,33.414436,41.462453,leave_one_out,-0.08251148055732978
Qwen_Qwen2.5-3B,bark,35,37.796253,0.297803,0.9,34.22939,41.363115,leave_one_out,-0.07654573604913976
Qwen_Qwen2.5-3B,bark,36,14.369642,0.295278,0.85,13.574725,15.164559,leave_one_out,-0.07390300975277349
Qwen_Qwen2.5-3B,bat,0,0.026882,0.168205,0.6,0.201638,-0.147875,leave_one_out,-0.03029730238503394
Qwen_Qwen2.5-3B,bat,1,0.500794,0.136384,0.625,0.980001,0.021586,leave_one_out,-0.0330099935166996
Qwen_Qwen2.5-3B,bat,2,3.79638,0.229547,0.625,12.712522,-5.119762,leave_one_out,-0.05341605362718539
Qwen_Qwen2.5-3B,bat,3,113.565614,0.249553,0.625,531.058749,-303.927521,leave_one_out,-0.06074227832092133
Qwen_Qwen2.5-3B,bat,4,125.25495,0.249223,0.625,586.277896,-335.767996,leave_one_out,-0.0578944776954804
Qwen_Qwen2.5-3B,bat,5,128.249178,0.248834,0.625,599.452615,-342.95426,leave_one_out,-0.054103128046838214
Qwen_Qwen2.5-3B,bat,6,129.226759,0.248752,0.625,603.326767,-344.873248,leave_one_out,-0.05547575438333315
Qwen_Qwen2.5-3B,bat,7,129.339943,0.248232,0.625,601.55358,-342.873694,leave_one_out,-0.05534503987967623
Qwen_Qwen2.5-3B,bat,8,129.651884,0.248217,0.625,602.493918,-343.190149,leave_one_out,-0.052782761432862146
Qwen_Qwen2.5-3B,bat,9,130.392532,0.248767,0.625,601.80322,-341.018155,leave_one_out,-0.05410082648173399
Qwen_Qwen2.5-3B,bat,10,131.894298,0.249985,0.625,598.943805,-335.155209,leave_one_out,-0.07411120764813883
Qwen_Qwen2.5-3B,bat,11,132.516241,0.250355,0.625,597.59953,-332.567047,leave_one_out,-0.0924400674571131
Qwen_Qwen2.5-3B,bat,12,135.112077,0.253352,0.625,596.580579,-326.356424,leave_one_out,-0.11599944319839248
Qwen_Qwen2.5-3B,bat,13,134.643127,0.25284,0.625,593.559784,-324.273529,leave_one_out,-0.11716522102504301
Qwen_Qwen2.5-3B,bat,14,136.213976,0.254988,0.625,592.253317,-319.825366,leave_one_out,-0.1332934156525898
Qwen_Qwen2.5-3B,bat,15,134.165132,0.252957,0.625,588.137396,-319.807132,leave_one_out,-0.1268476433327
Qwen_Qwen2.5-3B,bat,16,135.133705,0.253936,0.625,588.742755,-318.475345,leave_one_out,-0.12051814946525241
Qwen_Qwen2.5-3B,bat,17,137.332089,0.253456,0.625,598.796442,-324.132263,leave_one_out,-0.10511820923051504
Qwen_Qwen2.5-3B,bat,18,140.098541,0.253427,0.625,610.941922,-330.744839,leave_one_out,-0.10226071049843025
Qwen_Qwen2.5-3B,bat,19,138.29855,0.251454,0.625,608.615671,-332.01857,leave_one_out,-0.09213112272421833
Qwen_Qwen2.5-3B,bat,20,139.429984,0.252092,0.625,610.837256,-331.977289,leave_one_out,-0.08704002130119282
Qwen_Qwen2.5-3B,bat,21,139.181602,0.252244,0.625,609.027502,-330.664297,leave_one_out,-0.09174896695163613
Qwen_Qwen2.5-3B,bat,22,138.510736,0.251781,0.625,608.10011,-331.078638,leave_one_out,-0.0881072080453152
Qwen_Qwen2.5-3B,bat,23,138.669682,0.252152,0.625,607.868988,-330.529623,leave_one_out,-0.08412037724963707
Qwen_Qwen2.5-3B,bat,24,137.678333,0.251094,0.625,605.40658,-330.049915,leave_one_out,-0.07844287997389714
Qwen_Qwen2.5-3B,bat,25,136.111186,0.249454,0.625,599.707272,-327.4849,leave_one_out,-0.07208263196075149
Qwen_Qwen2.5-3B,bat,26,136.17552,0.250152,0.625,595.524094,-323.173053,leave_one_out,-0.07635466350467265
Qwen_Qwen2.5-3B,bat,27,133.583316,0.247767,0.625,585.480969,-318.314337,leave_one_out,-0.07833288058264708
Qwen_Qwen2.5-3B,bat,28,133.757672,0.248408,0.625,579.608228,-312.092883,leave_one_out,-0.07787964058560082
Qwen_Qwen2.5-3B,bat,29,130.320265,0.24498,0.625,563.152481,-302.511951,leave_one_out,-0.07419051566622455
Qwen_Qwen2.5-3B,bat,30,129.552203,0.245052,0.625,547.590234,-288.485828,leave_one_out,-0.06967222378423636
Qwen_Qwen2.5-3B,bat,31,23.145664,0.300156,0.925,23.37786,22.913469,leave_one_out,-0.0667344126948025
Qwen_Qwen2.5-3B,bat,32,31.608528,0.30843,0.95,31.354305,31.862751,leave_one_out,-0.0748402915781023
Qwen_Qwen2.5-3B,bat,33,37.626344,0.30751,0.95,37.967235,37.285452,leave_one_out,-0.07701839799225965
Qwen_Qwen2.5-3B,bat,34,39.564089,0.296481,0.925,40.098357,39.029821,leave_one_out,-0.07417032912907466
Qwen_Qwen2.5-3B,bat,35,43.314642,0.293626,0.925,44.09953,42.529754,leave_one_out,-0.07218632241965652
Qwen_Qwen2.5-3B,bat,36,17.614111,0.294362,0.875,18.415776,16.812445,leave_one_out,-0.07352021277690352
Qwen_Qwen2.5-3B,crane,0,0.120231,0.335487,0.675,-0.156884,0.397346,leave_one_out,-0.11119967499256563
Qwen_Qwen2.5-3B,crane,1,1.48316,0.241652,0.675,-0.251581,3.217901,leave_one_out,-0.041992016707429726
Qwen_Qwen2.5-3B,crane,2,1.303399,0.170188,0.7,-2.126747,4.733546,leave_one_out,-0.02592220117029972
Qwen_Qwen2.5-3B,crane,3,-2.430545,0.10028,0.55,-160.415511,155.554422,leave_one_out,-0.013349905370570132
Qwen_Qwen2.5-3B,crane,4,-2.649999,0.100402,0.55,-176.590304,171.290305,leave_one_out,-0.017739297823009034
Qwen_Qwen2.5-3B,crane,5,-2.669032,0.100416,0.55,-181.213262,175.875199,leave_one_out,-0.016154720950236824
Qwen_Qwen2.5-3B,crane,6,-2.729307,0.100407,0.55,-182.005292,176.546678,leave_one_out,-0.017790316434111643
Qwen_Qwen2.5-3B,crane,7,-2.755116,0.100365,0.55,-182.021465,176.511234,leave_one_out,-0.016591316739170622
Qwen_Qwen2.5-3B,crane,8,-2.80116,0.100308,0.55,-182.265726,176.663405,leave_one_out,-0.014492462840510811
Qwen_Qwen2.5-3B,crane,9,-2.826587,0.100006,0.55,-181.874551,176.221378,leave_one_out,-0.014404996016716607
Qwen_Qwen2.5-3B,crane,10,-2.506995,0.100453,0.55,-181.162393,176.148403,leave_one_out,-0.023374871370233426
Qwen_Qwen2.5-3B,crane,11,-2.250283,0.100802,0.55,-179.5316,175.031034,leave_one_out,-0.03263951883781624
Qwen_Qwen2.5-3B,crane,12,-1.965271,0.101169,0.55,-178.453939,174.523396,leave_one_out,-0.03993695246760376
Qwen_Qwen2.5-3B,crane,13,-1.701022,0.10153,0.55,-178.106681,174.704636,leave_one_out,-0.042042600262853565
Qwen_Qwen2.5-3B,crane,14,-1.467648,0.10182,0.55,-177.414046,174.47875,leave_one_out,-0.041283969966857806
Qwen_Qwen2.5-3B,crane,15,-1.292198,0.102136,0.55,-177.32008,174.735683,leave_one_out,-0.04002042213250101
Qwen_Qwen2.5-3B,crane,16,-1.050513,0.102613,0.55,-178.308394,176.207368,leave_one_out,-0.03736194084833884
Qwen_Qwen2.5-3B,crane,17,-1.267659,0.102165,0.55,-181.217278,178.68196,leave_one_out,-0.03340693566680362
Qwen_Qwen2.5-3B,crane,18,-1.346927,0.102082,0.55,-184.56015,181.866296,leave_one_out,-0.03226401523918151
Qwen_Qwen2.5-3B,crane,19,-1.432693,0.101948,0.55,-185.245234,182.379848,leave_one_out,-0.02673677350570065
Qwen_Qwen2.5-3B,crane,20,-1.392431,0.102024,0.55,-185.714401,182.929539,leave_one_out,-0.025272628134291236
Qwen_Qwen2.5-3B,crane,21,-1.353241,0.102207,0.55,-184.041528,181.335046,leave_one_out,-0.029125907378602264
Qwen_Qwen2.5-3B,crane,22,-1.532724,0.101828,0.55,-183.04664,179.981192,leave_one_out,-0.028227574843216894
Qwen_Qwen2.5-3B,crane,23,-1.533644,0.101762,0.55,-183.372583,180.305294,leave_one_out,-0.02604933233976006
Qwen_Qwen2.5-3B,crane,24,-1.498466,0.101628,0.55,-182.992711,179.995779,leave_one_out,-0.023858129559888665
Qwen_Qwen2.5-3B,crane,25,-1.43453,0.101427,0.55,-182.286714,179.417654,leave_one_out,-0.021240308254013553
Qwen_Qwen2.5-3B,crane,26,-1.392982,0.101125,0.55,-180.015782,177.229819,leave_one_out,-0.021441952085093696
Qwen_Qwen2.5-3B,crane,27,-1.251168,0.100831,0.55,-176.709893,174.207557,leave_one_out,-0.022977836907091726
Qwen_Qwen2.5-3B,crane,28,-0.714185,0.101264,0.55,-174.614639,173.186269,leave_one_out,-0.026091302314157436
Qwen_Qwen2.5-3B,crane,29,0.358798,0.102398,0.55,-171.371509,172.089104,leave_one_out,-0.030151507687522127
Qwen_Qwen2.5-3B,crane,30,1.17523,0.102594,0.55,-166.630094,168.980555,leave_one_out,-0.027427377130499503
Qwen_Qwen2.5-3B,crane,31,14.428703,0.242951,0.825,8.858071,19.999335,leave_one_out,-0.035596594480063325
Qwen_Qwen2.5-3B,crane,32,23.395613,0.267279,0.825,13.567146,33.224079,leave_one_out,-0.05128978142008026
Qwen_Qwen2.5-3B,crane,33,26.627016,0.261411,0.825,14.608781,38.645252,leave_one_out,-0.04914080996768283
Qwen_Qwen2.5-3B,crane,34,29.719394,0.260327,0.825,15.962757,43.476031,leave_one_out,-0.048582499982841185
Qwen_Qwen2.5-3B,crane,35,30.916982,0.249118,0.825,16.693088,45.140875,leave_one_out,-0.04470047901554169
Qwen_Qwen2.5-3B,crane,36,12.009738,0.250099,0.725,5.046418,18.973059,leave_one_out,-0.03964707420260456
Qwen_Qwen2.5-3B,spring,0,0.039052,0.25,0.625,-0.107394,0.185498,leave_one_out,-0.07953260889454794
Qwen_Qwen2.5-3B,spring,1,2.597399,0.370778,0.95,1.415892,3.778905,leave_one_out,-0.15234248196863812
Qwen_Qwen2.5-3B,spring,2,8.675788,0.281313,0.625,-12.178659,29.530234,leave_one_out,-0.14835867774042993
Qwen_Qwen2.5-3B,spring,3,163.940086,0.252459,0.625,-433.219373,761.099545,leave_one_out,-0.14951886030345124
Qwen_Qwen2.5-3B,spring,4,178.958151,0.252244,0.625,-472.824835,830.741138,leave_one_out,-0.15288160806215562
Qwen_Qwen2.5-3B,spring,5,183.902295,0.252916,0.625,-480.623996,848.428586,leave_one_out,-0.15946818347297825
Qwen_Qwen2.5-3B,spring,6,184.859312,0.252659,0.625,-482.908838,852.627463,leave_one_out,-0.16045557039036898
Qwen_Qwen2.5-3B,spring,7,186.616621,0.253845,0.625,-480.81131,854.044553,leave_one_out,-0.16594703566137145
Qwen_Qwen2.5-3B,spring,8,187.681442,0.254444,0.625,-480.302106,855.66499,leave_one_out,-0.1699553430021519
Qwen_Qwen2.5-3B,spring,9,188.138902,0.254564,0.625,-478.902914,855.180719,leave_one_out,-0.17700922959350648
Qwen_Qwen2.5-3B,spring,10,187.555553,0.253825,0.625,-478.219574,853.330679,leave_one_out,-0.16477202323278975
Qwen_Qwen2.5-3B,spring,11,188.505003,0.254056,0.625,-476.755554,853.765561,leave_one_out,-0.16332622597815455
Qwen_Qwen2.5-3B,spring,12,190.398009,0.25474,0.625,-473.226129,854.022147,leave_one_out,-0.17910708727297955
Qwen_Qwen2.5-3B,spring,13,190.427547,0.25448,0.625,-470.057031,850.912125,leave_one_out,-0.16483962582676315
Qwen_Qwen2.5-3B,spring,14,188.56122,0.252938,0.625,-469.337119,846.459558,leave_one_out,-0.1583693553137969
Qwen_Qwen2.5-3B,spring,15,188.853703,0.253195,0.625,-467.31315,845.020557,leave_one_out,-0.14696986266609469
Qwen_Qwen2.5-3B,spring,16,189.274005,0.253642,0.625,-465.216196,843.764206,leave_one_out,-0.14847291268722038
Qwen_Qwen2.5-3B,spring,17,191.271786,0.253402,0.625,-471.683627,854.2272,leave_one_out,-0.1385931791373434
Qwen_Qwen2.5-3B,spring,18,193.060524,0.252271,0.625,-480.764279,866.885327,leave_one_out,-0.1371964261597463
Qwen_Qwen2.5-3B,spring,19,194.135933,0.252832,0.625,-479.68898,867.960846,leave_one_out,-0.13346261032812107
Qwen_Qwen2.5-3B,spring,20,193.992126,0.252585,0.625,-480.204379,868.188632,leave_one_out,-0.13091494559830877
Qwen_Qwen2.5-3B,spring,21,194.365144,0.252686,0.625,-478.318033,867.048322,leave_one_out,-0.13194693401802587
Qwen_Qwen2.5-3B,spring,22,195.169919,0.253554,0.625,-476.940082,867.279919,leave_one_out,-0.13068830557642674
Qwen_Qwen2.5-3B,spring,23,195.104887,0.253524,0.625,-475.307462,865.517236,leave_one_out,-0.12679343758381528
Qwen_Qwen2.5-3B,spring,24,194.772127,0.253571,0.625,-473.226498,862.770752,leave_one_out,-0.12941547177841797
Qwen_Qwen2.5-3B,spring,25,196.772423,0.255446,0.625,-466.752365,860.297211,leave_one_out,-0.12756578916891417
Qwen_Qwen2.5-3B,spring,26,196.209355,0.255961,0.625,-462.135156,854.553867,leave_one_out,-0.1288832658820796
Qwen_Qwen2.5-3B,spring,27,195.501555,0.256144,0.625,-456.244772,847.247882,leave_one_out,-0.12959972041053044
Qwen_Qwen2.5-3B,spring,28,192.36035,0.254524,0.625,-450.214569,834.935269,leave_one_out,-0.1277279400180508
Qwen_Qwen2.5-3B,spring,29,191.658247,0.255485,0.625,-435.567801,818.884296,leave_one_out,-0.12833364179743895
Qwen_Qwen2.5-3B,spring,30,187.267296,0.2542,0.625,-421.0005,795.535092,leave_one_out,-0.12354261031444551
Qwen_Qwen2.5-3B,spring,31,26.827504,0.343583,0.95,23.314291,30.340716,leave_one_out,-0.11207826179987275
Qwen_Qwen2.5-3B,spring,32,37.014054,0.356533,0.975,32.881826,41.146281,leave_one_out,-0.1263695398168919
Qwen_Qwen2.5-3B,spring,33,40.99962,0.34103,0.975,36.909293,45.089947,leave_one_out,-0.12288293212719086
Qwen_Qwen2.5-3B,spring,34,44.527808,0.337483,0.975,40.618905,48.436711,leave_one_out,-0.11909790538102334
Qwen_Qwen2.5-3B,spring,35,49.831797,0.34138,0.95,46.013703,53.649891,leave_one_out,-0.11765759671021835
Qwen_Qwen2.5-3B,spring,36,25.360537,0.379623,0.825,21.746887,28.974186,leave_one_out,-0.12218761080123461
Qwen_Qwen2.5-3B,match,0,0.04008,0.25,0.625,0.190381,-0.110221,leave_one_out,-0.0794353664393606
Qwen_Qwen2.5-3B,match,1,0.563224,0.143465,0.675,0.756883,0.369565,leave_one_out,-0.022525173428504863
Qwen_Qwen2.5-3B,match,2,0.589246,0.13249,0.725,0.773308,0.405183,leave_one_out,-0.02097691111858056
Qwen_Qwen2.5-3B,match,3,0.882058,0.160437,0.75,1.044976,0.719141,leave_one_out,-0.028081117800687973
Qwen_Qwen2.5-3B,match,4,1.171772,0.178416,0.8,1.335776,1.007768,leave_one_out,-0.03305397101972603
Qwen_Qwen2.5-3B,match,5,1.25382,0.171145,0.8,1.371097,1.136542,leave_one_out,-0.03142130920836915
Qwen_Qwen2.5-3B,match,6,2.098933,0.211374,0.825,2.089116,2.10875,leave_one_out,-0.044251844455034293
Qwen_Qwen2.5-3B,match,7,2.535288,0.210681,0.725,2.576532,2.494043,leave_one_out,-0.04290701619926403
Qwen_Qwen2.5-3B,match,8,2.526341,0.209803,0.725,2.562645,2.490036,leave_one_out,-0.03933383964864492
Qwen_Qwen2.5-3B,match,9,2.789083,0.21289,0.725,2.705781,2.872385,leave_one_out,-0.03720209935304433
Qwen_Qwen2.5-3B,match,10,5.118395,0.265348,0.85,5.29733,4.93946,leave_one_out,-0.050546516708767725
Qwen_Qwen2.5-3B,match,11,13.13508,0.392288,0.85,14.398279,11.871881,leave_one_out,-0.10895815593669417
Qwen_Qwen2.5-3B,match,12,14.923246,0.403644,0.875,16.807089,13.039403,leave_one_out,-0.11637089458492532
Qwen_Qwen2.5-3B,match,13,15.260897,0.396451,0.875,16.756545,13.765249,leave_one_out,-0.1109340463180522
Qwen_Qwen2.5-3B,match,14,16.303637,0.400475,0.875,18.272228,14.335047,leave_one_out,-0.10712618567683219
Qwen_Qwen2.5-3B,match,15,18.316439,0.407234,0.875,21.006417,15.626461,leave_one_out,-0.10955351253322988
Qwen_Qwen2.5-3B,match,16,17.965282,0.39417,0.875,20.57616,15.354403,leave_one_out,-0.09848795265555897
Qwen_Qwen2.5-3B,match,17,16.346752,0.37311,0.875,18.273573,14.419931,leave_one_out,-0.08004548334723642
Qwen_Qwen2.5-3B,match,18,15.970074,0.365886,0.875,17.797744,14.142405,leave_one_out,-0.07436878897997319
Qwen_Qwen2.5-3B,match,19,15.663146,0.359011,0.875,17.314652,14.01164,leave_one_out,-0.06742984082129648
Qwen_Qwen2.5-3B,match,20,15.044579,0.347421,0.875,16.676364,13.412795,leave_one_out,-0.06144317000817541
Qwen_Qwen2.5-3B,match,21,15.529776,0.353347,0.875,16.961384,14.098169,leave_one_out,-0.06378523460960994
Qwen_Qwen2.5-3B,match,22,15.16308,0.349156,0.875,16.489863,13.836297,leave_one_out,-0.06169486100679511
Qwen_Qwen2.5-3B,match,23,14.301084,0.339779,0.875,15.460771,13.141396,leave_one_out,-0.05711267234264255
Qwen_Qwen2.5-3B,match,24,13.927782,0.331757,0.875,14.747043,13.108522,leave_one_out,-0.053009964514158486
Qwen_Qwen2.5-3B,match,25,13.922463,0.318261,0.875,14.568607,13.276318,leave_one_out,-0.05155439946053237
Qwen_Qwen2.5-3B,match,26,14.773609,0.321267,0.875,15.611207,13.936011,leave_one_out,-0.05182902102708827
Qwen_Qwen2.5-3B,match,27,16.394202,0.32515,0.875,16.917928,15.870476,leave_one_out,-0.05355803865718466
Qwen_Qwen2.5-3B,match,28,16.647112,0.312034,0.875,16.913287,16.380936,leave_one_out,-0.05510223580581091
Qwen_Qwen2.5-3B,match,29,16.796603,0.290406,0.875,16.821065,16.772141,leave_one_out,-0.05366874309191284
Qwen_Qwen2.5-3B,match,30,17.47777,0.273972,0.875,17.464854,17.490687,leave_one_out,-0.04755508377315656
Qwen_Qwen2.5-3B,match,31,20.780392,0.272852,0.875,20.184877,21.375908,leave_one_out,-0.04871406851782886
Qwen_Qwen2.5-3B,match,32,26.054424,0.273776,0.775,25.483335,26.625513,leave_one_out,-0.05418281258829849
Qwen_Qwen2.5-3B,match,33,31.323067,0.279789,0.775,31.630857,31.015278,leave_one_out,-0.05869945591770816
Qwen_Qwen2.5-3B,match,34,31.343503,0.265935,0.775,32.511417,30.17559,leave_one_out,-0.0565531413552796
Qwen_Qwen2.5-3B,match,35,31.917373,0.254836,0.775,33.134119,30.700626,leave_one_out,-0.05297673670138992
Qwen_Qwen2.5-3B,match,36,11.614603,0.241785,0.7,11.991418,11.237789,leave_one_out,-0.049117378811106525
Qwen_Qwen2.5-3B,pitch,0,0.0,0.0,0.0,0.0,0.0,leave_one_out,0.0
Qwen_Qwen2.5-3B,pitch,1,0.600033,0.190106,0.775,0.121128,1.078939,leave_one_out,-0.03769874457162074
Qwen_Qwen2.5-3B,pitch,2,0.77973,0.198683,0.75,0.320078,1.239383,leave_one_out,-0.04220313881617865
Qwen_Qwen2.5-3B,pitch,3,0.988006,0.211977,0.725,0.569703,1.406309,leave_one_out,-0.046147087237836684
Qwen_Qwen2.5-3B,pitch,4,1.208777,0.221446,0.65,0.844769,1.572785,leave_one_out,-0.04751828146948698
Qwen_Qwen2.5-3B,pitch,5,1.792183,0.242332,0.725,1.183267,2.4011,leave_one_out,-0.061440433733333556
Qwen_Qwen2.5-3B,pitch,6,1.961832,0.242447,0.7,1.304796,2.618867,leave_one_out,-0.0621582785064809
Qwen_Qwen2.5-3B,pitch,7,2.315334,0.241827,0.725,1.413261,3.217408,leave_one_out,-0.05937334557147499
Qwen_Qwen2.5-3B,pitch,8,4.898198,0.315875,0.65,3.990441,5.805954,leave_one_out,-0.08673694488437902
Qwen_Qwen2.5-3B,pitch,9,5.265058,0.315963,0.675,4.083783,6.446333,leave_one_out,-0.08572034172194891
Qwen_Qwen2.5-3B,pitch,10,6.065763,0.315102,0.725,4.174422,7.957104,leave_one_out,-0.08164395507193191
Qwen_Qwen2.5-3B,pitch,11,7.590974,0.330568,0.725,5.666556,9.515392,leave_one_out,-0.08660186217707186
Qwen_Qwen2.5-3B,pitch,12,9.177914,0.340799,0.775,7.419074,10.936754,leave_one_out,-0.08922545477542103
Qwen_Qwen2.5-3B,pitch,13,10.96901,0.354895,0.8,9.235321,12.702699,leave_one_out,-0.09709264114381835
Qwen_Qwen2.5-3B,pitch,14,13.096226,0.368401,0.85,11.310187,14.882266,leave_one_out,-0.10322842003090187
Qwen_Qwen2.5-3B,pitch,15,12.398657,0.358165,0.9,10.509398,14.287916,leave_one_out,-0.09488225488661799
Qwen_Qwen2.5-3B,pitch,16,12.253543,0.351934,0.9,10.266477,14.240609,leave_one_out,-0.0896325199158682
Qwen_Qwen2.5-3B,pitch,17,11.751877,0.341564,0.9,9.417619,14.086135,leave_one_out,-0.07821766068326307
Qwen_Qwen2.5-3B,pitch,18,11.960795,0.342021,0.9,9.745931,14.175659,leave_one_out,-0.07559315225507299
Qwen_Qwen2.5-3B,pitch,19,11.887631,0.338194,0.9,9.594599,14.180663,leave_one_out,-0.07090025373392018
Qwen_Qwen2.5-3B,pitch,20,12.057578,0.337171,0.9,9.616255,14.498902,leave_one_out,-0.07013239710392191
Qwen_Qwen2.5-3B,pitch,21,12.499159,0.337521,0.9,10.284233,14.714086,leave_one_out,-0.07066974615704323
Qwen_Qwen2.5-3B,pitch,22,12.898367,0.34281,0.85,10.520238,15.276496,leave_one_out,-0.07291528953903581
Qwen_Qwen2.5-3B,pitch,23,12.708249,0.340219,0.85,10.455908,14.96059,leave_one_out,-0.07175454562250354
Qwen_Qwen2.5-3B,pitch,24,12.720706,0.335761,0.825,10.355746,15.085665,leave_one_out,-0.06907557602879759
Qwen_Qwen2.5-3B,pitch,25,13.296412,0.331486,0.825,10.458497,16.134326,leave_one_out,-0.06898148177664469
Qwen_Qwen2.5-3B,pitch,26,14.47072,0.337077,0.85,11.092991,17.848449,leave_one_out,-0.0726681603382674
Qwen_Qwen2.5-3B,pitch,27,17.230359,0.350614,0.825,12.906327,21.55439,leave_one_out,-0.077637324959297
Qwen_Qwen2.5-3B,pitch,28,18.432992,0.345651,0.825,13.490205,23.375779,leave_one_out,-0.07836539391209897
Qwen_Qwen2.5-3B,pitch,29,21.173698,0.344855,0.85,14.781781,27.565615,leave_one_out,-0.08058461936730253
Qwen_Qwen2.5-3B,pitch,30,22.840904,0.334443,0.85,15.434114,30.247694,leave_one_out,-0.07480219050329626
Qwen_Qwen2.5-3B,pitch,31,27.010687,0.333333,0.825,18.229316,35.792058,leave_one_out,-0.07548969747721565
Qwen_Qwen2.5-3B,pitch,32,36.822633,0.343461,0.85,24.97967,48.665596,leave_one_out,-0.08372356795648783
Qwen_Qwen2.5-3B,pitch,33,40.405458,0.336047,0.85,27.449963,53.360953,leave_one_out,-0.08198469696113492
Qwen_Qwen2.5-3B,pitch,34,44.570525,0.336096,0.825,30.645872,58.495178,leave_one_out,-0.08175113914691717
Qwen_Qwen2.5-3B,pitch,35,48.025268,0.3318,0.825,33.80653,62.244006,leave_one_out,-0.07828544534544901
Qwen_Qwen2.5-3B,pitch,36,18.04908,0.328782,0.8,14.234741,21.863419,leave_one_out,-0.07727130858253607
Qwen_Qwen2.5-7B,bank,0,0.0,0.0,0.0,0.0,0.0,leave_one_out,0.0
Qwen_Qwen2.5-7B,bank,1,0.512445,0.163212,0.7,0.283385,0.741505,leave_one_out,-0.033357423513640544
Qwen_Qwen2.5-7B,bank,2,1.295791,0.221011,0.675,0.956189,1.635392,leave_one_out,-0.052598812116244294
Qwen_Qwen2.5-7B,bank,3,1.578132,0.213605,0.675,1.368764,1.7875,leave_one_out,-0.052950092802091286
Qwen_Qwen2.5-7B,bank,4,-16.423138,0.149994,0.575,420.91532,-453.761597,leave_one_out,-0.017805852280098105
Qwen_Qwen2.5-7B,bank,5,-21.140839,0.149995,0.575,517.542578,-559.824255,leave_one_out,-0.019790466437573106
Qwen_Qwen2.5-7B,bank,6,-21.425232,0.149993,0.575,524.028516,-566.878979,leave_one_out,-0.033682589062506874
Qwen_Qwen2.5-7B,bank,7,-21.378833,0.149991,0.575,531.240063,-573.997729,leave_one_out,-0.03172862608748546
Qwen_Qwen2.5-7B,bank,8,-21.347717,0.149989,0.575,535.165308,-577.860742,leave_one_out,-0.03155984720880624
Qwen_Qwen2.5-7B,bank,9,-21.516699,0.149986,0.575,537.822363,-580.855762,leave_one_out,-0.030240061815314637
Qwen_Qwen2.5-7B,bank,10,-21.86947,0.149986,0.575,547.175635,-590.914575,leave_one_out,-0.02996956509585827
Qwen_Qwen2.5-7B,bank,11,-22.063171,0.149984,0.575,549.243091,-593.369434,leave_one_out,-0.029936794778475977
Qwen_Qwen2.5-7B,bank,12,-22.486731,0.149984,0.575,559.469531,-604.442993,leave_one_out,-0.02881405702619312
Qwen_Qwen2.5-7B,bank,13,-22.820068,0.149982,0.575,565.7521,-611.392236,leave_one_out,-0.02842207099550017
Qwen_Qwen2.5-7B,bank,14,-22.979919,0.149983,0.575,568.755591,-614.71543,leave_one_out,-0.02403949714519222
Qwen_Qwen2.5-7B,bank,15,-23.152332,0.149982,0.575,569.246265,-615.550928,leave_one_out,-0.023135884823250685
Qwen_Qwen2.5-7B,bank,16,-22.953296,0.149981,0.575,570.115967,-616.022559,leave_one_out,-0.021822401200860674
Qwen_Qwen2.5-7B,bank,17,-23.079126,0.14998,0.575,569.884888,-616.04314,leave_one_out,-0.019810482932184983
Qwen_Qwen2.5-7B,bank,18,-23.127637,0.149978,0.575,569.657642,-615.912915,leave_one_out,-0.019485524459767724
Qwen_Qwen2.5-7B,bank,19,-22.850513,0.149975,0.575,569.717334,-615.418359,leave_one_out,-0.019185721458886636
Qwen_Qwen2.5-7B,bank,20,-22.953503,0.149968,0.575,569.305957,-615.212964,leave_one_out,-0.02138177312759412
Qwen_Qwen2.5-7B,bank,21,-22.923962,0.149958,0.575,565.048633,-610.896558,leave_one_out,-0.025397310863753058
Qwen_Qwen2.5-7B,bank,22,-23.129102,0.149942,0.575,564.527124,-610.785327,leave_one_out,-0.028471596958891628
Qwen_Qwen2.5-7B,bank,23,-22.952954,0.14992,0.575,563.693628,-609.599536,leave_one_out,-0.030087662511213347
Qwen_Qwen2.5-7B,bank,24,-22.778467,0.149883,0.575,561.554175,-607.111108,leave_one_out,-0.03459423963017961
Qwen_Qwen2.5-7B,bank,25,-22.48429,0.149828,0.575,555.069897,-600.038477,leave_one_out,-0.03571306357021079
Qwen_Qwen2.5-7B,bank,26,-21.828088,0.14975,0.575,541.614624,-585.270801,leave_one_out,-0.03450407712949865
Qwen_Qwen2.5-7B,bank,27,-1.632614,0.145512,0.575,148.641901,-151.907129,leave_one_out,-0.03141238133687704
Qwen_Qwen2.5-7B,bank,28,21.752309,0.195768,0.775,19.55413,23.950489,leave_one_out,-0.04319642597401623
Qwen_Qwen2.5-7B,bark,0,0.0,0.0,0.0,0.0,0.0,leave_one_out,0.0
Qwen_Qwen2.5-7B,bark,1,0.541105,0.165769,0.725,0.484151,0.598059,leave_one_out,-0.03607057287915026
Qwen_Qwen2.5-7B,bark,2,0.672693,0.155824,0.65,0.765512,0.579874,leave_one_out,-0.03443211062747615
Qwen_Qwen2.5-7B,bark,3,0.881098,0.160278,0.6,1.071428,0.690767,leave_one_out,-0.033729394491904846
Qwen_Qwen2.5-7B,bark,4,214.306522,0.200001,0.6,1272.470453,-843.85741,leave_one_out,-0.0388554538803673
Qwen_Qwen2.5-7B,bark,5,269.242126,0.200001,0.6,1598.927307,-1060.443054,leave_one_out,-0.04339480430820935
Qwen_Qwen2.5-7B,bark,6,273.385583,0.2,0.6,1622.306921,-1075.535754,leave_one_out,-0.04278795564372353
Qwen_Qwen2.5-7B,bark,7,277.271692,0.200004,0.6,1644.727734,-1090.184351,leave_one_out,-0.05138930328697371
Qwen_Qwen2.5-7B,bark,8,279.080927,0.200013,0.6,1654.907959,-1096.746106,leave_one_out,-0.06085401823565892
Qwen_Qwen2.5-7B,bark,9,280.680475,0.200016,0.6,1664.317468,-1102.956519,leave_one_out,-0.06226971212316677
Qwen_Qwen2.5-7B,bark,10,285.9427,0.200024,0.6,1695.411108,-1123.525708,leave_one_out,-0.0665263243148986
Qwen_Qwen2.5-7B,bark,11,286.558069,0.200029,0.6,1700.603955,-1127.487817,leave_one_out,-0.07012867165122484
Qwen_Qwen2.5-7B,bark,12,292.663574,0.20003,0.6,1736.658582,-1151.331433,leave_one_out,-0.06713273896828621
Qwen_Qwen2.5-7B,bark,13,296.205518,0.200034,0.6,1757.893701,-1165.482666,leave_one_out,-0.06631279268481842
Qwen_Qwen2.5-7B,bark,14,298.042377,0.200031,0.6,1768.533252,-1172.448499,leave_one_out,-0.05945093028289338
Qwen_Qwen2.5-7B,bark,15,298.527295,0.20003,0.6,1771.329407,-1174.274817,leave_one_out,-0.05667728666936567
Qwen_Qwen2.5-7B,bark,16,298.801562,0.200031,0.6,1772.733301,-1175.130176,leave_one_out,-0.053947836801438415
Qwen_Qwen2.5-7B,bark,17,299.161713,0.200031,0.6,1773.989966,-1175.666541,leave_one_out,-0.052622526469376124
Qwen_Qwen2.5-7B,bark,18,298.710052,0.200032,0.6,1772.227661,-1174.807556,leave_one_out,-0.05083741155556954
Qwen_Qwen2.5-7B,bark,19,298.822284,0.200038,0.6,1771.84071,-1174.196143,leave_one_out,-0.05234571030880208
Qwen_Qwen2.5-7B,bark,20,298.46684,0.20005,0.6,1770.224548,-1173.290869,leave_one_out,-0.054582484333064854
Qwen_Qwen2.5-7B,bark,21,296.362585,0.200067,0.6,1757.091052,-1164.365881,leave_one_out,-0.05852469423542728
Qwen_Qwen2.5-7B,bark,22,296.484027,0.200087,0.6,1757.047339,-1164.079285,leave_one_out,-0.059130439152592806
Qwen_Qwen2.5-7B,bark,23,295.948138,0.200118,0.6,1752.664636,-1160.768359,leave_one_out,-0.0615002682673618
Qwen_Qwen2.5-7B,bark,24,295.830688,0.200167,0.6,1747.948779,-1156.287402,leave_one_out,-0.06535663527487982
Qwen_Qwen2.5-7B,bark,25,292.658948,0.200226,0.6,1726.442615,-1141.124719,leave_one_out,-0.06552430973694655
Qwen_Qwen2.5-7B,bark,26,287.98988,0.20029,0.6,1694.793774,-1118.814014,leave_one_out,-0.06338867524105815
Qwen_Qwen2.5-7B,bark,27,89.253882,0.20363,0.6,469.507877,-291.000113,leave_one_out,-0.05765300828108367
Qwen_Qwen2.5-7B,bark,28,26.588803,0.224407,0.9,26.705597,26.472009,leave_one_out,-0.06772922377700565
Qwen_Qwen2.5-7B,bat,0,0.026798,0.173367,0.6,0.19436,-0.140765,leave_one_out,-0.0314469805955919
Qwen_Qwen2.5-7B,bat,1,0.613478,0.165333,0.775,0.90057,0.326387,leave_one_out,-0.033207243712573206
Qwen_Qwen2.5-7B,bat,2,1.114502,0.193574,0.675,1.961811,0.267193,leave_one_out,-0.03486062985215636
Qwen_Qwen2.5-7B,bat,3,1.603164,0.2142,0.9,2.16102,1.045308,leave_one_out,-0.050543690946487814
Qwen_Qwen2.5-7B,bat,4,155.64516,0.199929,0.6,1060.569434,-749.279114,leave_one_out,-0.023406730232446927
Qwen_Qwen2.5-7B,bat,5,197.079663,0.199969,0.6,1347.432098,-953.272772,leave_one_out,-0.03876670894033183
Qwen_Qwen2.5-7B,bat,6,200.536517,0.199971,0.6,1369.552979,-968.479944,leave_one_out,-0.039420887561149615
Qwen_Qwen2.5-7B,bat,7,203.283746,0.199987,0.6,1388.194727,-981.627234,leave_one_out,-0.04613110162802679
Qwen_Qwen2.5-7B,bat,8,204.425763,0.200006,0.6,1396.002124,-987.150598,leave_one_out,-0.051772575975081836
Qwen_Qwen2.5-7B,bat,9,205.863837,0.200044,0.6,1404.862109,-993.134436,leave_one_out,-0.06277795995889641
Qwen_Qwen2.5-7B,bat,10,209.949451,0.200027,0.6,1432.866382,-1012.96748,leave_one_out,-0.05503706992836082
Qwen_Qwen2.5-7B,bat,11,210.669366,0.200047,0.6,1438.192139,-1016.853406,leave_one_out,-0.06152157036690489
Qwen_Qwen2.5-7B,bat,12,214.906708,0.200053,0.6,1468.025464,-1038.212048,leave_one_out,-0.060389400798126755
Qwen_Qwen2.5-7B,bat,13,217.753391,0.200063,0.6,1487.232709,-1051.725928,leave_one_out,-0.05972056571664854
Qwen_Qwen2.5-7B,bat,14,218.992654,0.20005,0.6,1496.22204,-1058.236731,leave_one_out,-0.05137779565576197
Qwen_Qwen2.5-7B,bat,15,220.14075,0.20005,0.6,1501.640546,-1061.359045,leave_one_out,-0.047494654479621576
Qwen_Qwen2.5-7B,bat,16,220.167081,0.200045,0.6,1502.124994,-1061.790833,leave_one_out,-0.04358352709954626
Qwen_Qwen2.5-7B,bat,17,220.744766,0.200045,0.6,1504.374493,-1062.884961,leave_one_out,-0.04168587766188055
Qwen_Qwen2.5-7B,bat,18,220.768259,0.200048,0.6,1504.227631,-1062.691113,leave_one_out,-0.040571744343671765
Qwen_Qwen2.5-7B,bat,19,220.789642,0.200057,0.6,1503.647314,-1062.06803,leave_one_out,-0.04264540821463138
Qwen_Qwen2.5-7B,bat,20,221.260007,0.200078,0.6,1504.69516,-1062.175146,leave_one_out,-0.04325825347276408
Qwen_Qwen2.5-7B,bat,21,219.870303,0.200103,0.6,1493.712469,-1053.971863,leave_one_out,-0.04489965269209723
Qwen_Qwen2.5-7B,bat,22,220.420554,0.200115,0.6,1495.111078,-1054.269971,leave_one_out,-0.04589638926783399
Qwen_Qwen2.5-7B,bat,23,220.967596,0.200136,0.6,1494.320923,-1052.38573,leave_one_out,-0.04804453192972567
Qwen_Qwen2.5-7B,bat,24,221.658353,0.20027,0.6,1490.61546,-1047.298755,leave_one_out,-0.06074188808484216
Qwen_Qwen2.5-7B,bat,25,219.399988,0.200445,0.6,1469.182239,-1030.382263,leave_one_out,-0.0639710066072304
Qwen_Qwen2.5-7B,bat,26,215.40455,0.200613,0.6,1436.630414,-1005.821313,leave_one_out,-0.06342143059125965
Qwen_Qwen2.5-7B,bat,27,79.980763,0.208006,0.6,406.867593,-246.906067,leave_one_out,-0.056181671353637476
Qwen_Qwen2.5-7B,bat,28,46.562943,0.313237,0.9,47.219706,45.906179,leave_one_out,-0.07671094354316982
Qwen_Qwen2.5-7B,crane,0,0.099282,0.335578,0.675,-0.129636,0.328199,leave_one_out,-0.11280562044282938
Qwen_Qwen2.5-7B,crane,1,0.697409,0.175577,0.675,0.159619,1.235199,leave_one_out,-0.028324533795072996
Qwen_Qwen2.5-7B,crane,2,0.548079,0.118013,0.675,0.246991,0.849166,leave_one_out,-0.019560959104565227
Qwen_Qwen2.5-7B,crane,3,0.774339,0.123054,0.65,0.325839,1.222839,leave_one_out,-0.022934867815147232
Qwen_Qwen2.5-7B,crane,4,-203.663972,-0.294109,0.35,-63.551859,-343.776086,leave_one_out,0.013108247950504212
Qwen_Qwen2.5-7B,crane,5,-257.621899,-0.29449,0.35,-78.78075,-436.463049,leave_one_out,0.010450042846156518
Qwen_Qwen2.5-7B,crane,6,-261.139519,-0.293831,0.35,-79.730295,-442.548743,leave_one_out,0.009758366699110618
Qwen_Qwen2.5-7B,crane,7,-264.644966,-0.291359,0.35,-80.032791,-449.257141,leave_one_out,0.007688482372930441
Qwen_Qwen2.5-7B,crane,8,-266.206342,-0.286365,0.35,-79.520789,-452.891895,leave_one_out,0.0030624239514034307
Qwen_Qwen2.5-7B,crane,9,-267.719585,-0.280212,0.35,-78.942514,-456.496655,leave_one_out,0.00034235769971844416
Qwen_Qwen2.5-7B,crane,10,-272.93815,-0.281443,0.35,-81.638483,-464.237817,leave_one_out,-0.00210246194570614
Qwen_Qwen2.5-7B,crane,11,-274.137198,-0.27838,0.35,-81.905585,-466.368811,leave_one_out,-0.0039169382446324775
Qwen_Qwen2.5-7B,crane,12,-280.013129,-0.279038,0.35,-84.181165,-475.845093,leave_one_out,-0.002744581835024274
Qwen_Qwen2.5-7B,crane,13,-283.570787,-0.278088,0.35,-85.434116,-481.707458,leave_one_out,-0.002438363363265243
Qwen_Qwen2.5-7B,crane,14,-285.32547,-0.279265,0.35,-86.364941,-484.285999,leave_one_out,0.000407928409634956
Qwen_Qwen2.5-7B,crane,15,-285.757816,-0.278818,0.35,-86.338007,-485.177625,leave_one_out,0.0018039892906598532
Qwen_Qwen2.5-7B,crane,16,-285.980989,-0.278444,0.35,-86.485733,-485.476245,leave_one_out,0.0028358307669938735
Qwen_Qwen2.5-7B,crane,17,-285.978752,-0.277434,0.35,-86.18884,-485.768665,leave_one_out,0.003034090709239167
Qwen_Qwen2.5-7B,crane,18,-285.930135,-0.276806,0.35,-86.193155,-485.667114,leave_one_out,0.0028796211958880555
Qwen_Qwen2.5-7B,crane,19,-285.612994,-0.274354,0.35,-86.003918,-485.22207,leave_one_out,0.0026289969091307123
Qwen_Qwen2.5-7B,crane,20,-285.517308,-0.270293,0.35,-86.004843,-485.029773,leave_one_out,0.0003265262567289114
Qwen_Qwen2.5-7B,crane,21,-283.263751,-0.263337,0.35,-84.789575,-481.737927,leave_one_out,-0.0012187896150564984
Qwen_Qwen2.5-7B,crane,22,-283.185297,-0.256301,0.35,-85.186548,-481.184045,leave_one_out,-0.005358247105205644
Qwen_Qwen2.5-7B,crane,23,-282.392795,-0.241786,0.35,-84.043036,-480.742554,leave_one_out,-0.012612438422141645
Qwen_Qwen2.5-7B,crane,24,-280.880144,-0.225369,0.35,-81.706161,-480.054126,leave_one_out,-0.01872142300520098
Qwen_Qwen2.5-7B,crane,25,-277.020328,-0.22955,0.35,-83.809955,-470.230701,leave_one_out,-0.02709339206547763
Qwen_Qwen2.5-7B,crane,26,-271.824689,-0.231738,0.35,-83.482117,-460.167261,leave_one_out,-0.02498109423920842
Qwen_Qwen2.5-7B,crane,27,-69.235346,-0.251731,0.35,-22.910735,-115.559958,leave_one_out,-0.015845523026871134
Qwen_Qwen2.5-7B,crane,28,23.68465,0.220651,0.8,17.497144,29.872156,leave_one_out,-0.030811661880389887
Qwen_Qwen2.5-7B,spring,0,0.056174,0.25,0.625,-0.15448,0.266828,leave_one_out,-0.07950483994861693
Qwen_Qwen2.5-7B,spring,1,2.023729,0.298755,0.9,1.413799,2.633659,leave_one_out,-0.1248942523773694
Qwen_Qwen2.5-7B,spring,2,2.23102,0.247879,0.825,1.017838,3.444203,leave_one_out,-0.12596567899518243
Qwen_Qwen2.5-7B,spring,3,2.769558,0.261265,0.95,2.198445,3.340671,leave_one_out,-0.11875544482448222
Qwen_Qwen2.5-7B,spring,4,39.111951,0.149907,0.575,768.626404,-690.402502,leave_one_out,-0.08107785432252827
Qwen_Qwen2.5-7B,spring,5,39.01618,0.149924,0.575,910.744861,-832.7125,leave_one_out,-0.08871454991386366
Qwen_Qwen2.5-7B,spring,6,39.363727,0.149925,0.575,921.279871,-842.552417,leave_one_out,-0.0902250897485714
Qwen_Qwen2.5-7B,spring,7,39.146637,0.149925,0.575,929.869006,-851.575732,leave_one_out,-0.08933448195743555
Qwen_Qwen2.5-7B,spring,8,38.710474,0.149923,0.575,933.613489,-856.192542,leave_one_out,-0.09658213616025234
Qwen_Qwen2.5-7B,spring,9,38.187018,0.149921,0.575,936.191431,-859.817395,leave_one_out,-0.09524557763618914
Qwen_Qwen2.5-7B,spring,10,38.107892,0.149922,0.575,949.559949,-873.344165,leave_one_out,-0.09278542745002472
Qwen_Qwen2.5-7B,spring,11,38.383417,0.149923,0.575,953.593433,-876.826599,leave_one_out,-0.09615010518570655
Qwen_Qwen2.5-7B,spring,12,38.840686,0.149925,0.575,969.838501,-892.157129,leave_one_out,-0.09358463704215217
Qwen_Qwen2.5-7B,spring,13,38.831305,0.149927,0.575,979.140161,-901.477551,leave_one_out,-0.09521195679834152
Qwen_Qwen2.5-7B,spring,14,38.719159,0.149927,0.575,983.163867,-905.725549,leave_one_out,-0.09275063146366806
Qwen_Qwen2.5-7B,spring,15,38.545441,0.149924,0.575,983.307178,-906.216296,leave_one_out,-0.09313988077078146
Qwen_Qwen2.5-7B,spring,16,37.638098,0.149916,0.575,980.323218,-905.047021,leave_one_out,-0.08961226429849505
Qwen_Qwen2.5-7B,spring,17,37.675745,0.149915,0.575,980.45448,-905.102991,leave_one_out,-0.08831379789476812
Qwen_Qwen2.5-7B,spring,18,37.470844,0.149914,0.575,979.542554,-904.600867,leave_one_out,-0.08697764945248848
Qwen_Qwen2.5-7B,spring,19,37.498358,0.149915,0.575,979.054675,-904.057959,leave_one_out,-0.08748296086775474
Qwen_Qwen2.5-7B,spring,20,37.889648,0.149911,0.575,980.13584,-904.356543,leave_one_out,-0.08689676936383561
Qwen_Qwen2.5-7B,spring,21,37.878955,0.149906,0.575,974.375317,-898.617407,leave_one_out,-0.08567494243440191
Qwen_Qwen2.5-7B,spring,22,37.328882,0.149899,0.575,972.149829,-897.492065,leave_one_out,-0.08580651594776538
Qwen_Qwen2.5-7B,spring,23,37.218451,0.149897,0.575,969.720349,-895.283447,leave_one_out,-0.0853716771935657
Qwen_Qwen2.5-7B,spring,24,37.972675,0.149895,0.575,968.99801,-893.052661,leave_one_out,-0.08240864210571461
Qwen_Qwen2.5-7B,spring,25,38.106165,0.149886,0.575,959.383533,-883.171204,leave_one_out,-0.08178907967562137
Qwen_Qwen2.5-7B,spring,26,35.628381,0.149843,0.575,926.954419,-855.697656,leave_one_out,-0.08018305920149482
Qwen_Qwen2.5-7B,spring,27,17.259544,0.14821,0.575,257.512085,-222.992996,leave_one_out,-0.06094411959594307
Qwen_Qwen2.5-7B,spring,28,47.222792,0.320559,0.8,43.10083,51.344754,leave_one_out,-0.08833884447002527
Qwen_Qwen2.5-7B,match,0,0.057565,0.25,0.625,0.273433,-0.158304,leave_one_out,-0.07956036809488613
Qwen_Qwen2.5-7B,match,1,0.278922,0.092665,0.625,0.319456,0.238387,leave_one_out,-0.013435951641307129
Qwen_Qwen2.5-7B,match,2,0.987167,0.16613,0.65,0.728134,1.2462,leave_one_out,-0.02937091127814687
Qwen_Qwen2.5-7B,match,3,1.307569,0.175227,0.75,1.10445,1.510687,leave_one_out,-0.03266780817094551
Qwen_Qwen2.5-7B,match,4,-167.505026,-0.995017,0.0,-170.649652,-164.3604,leave_one_out,0.0033785294336176504
Qwen_Qwen2.5-7B,match,5,-210.476801,-0.994904,0.0,-211.469006,-209.484595,leave_one_out,-0.00450676205161825
Qwen_Qwen2.5-7B,match,6,-213.310748,-0.989054,0.0,-214.12583,-212.495667,leave_one_out,-0.025455783040627757
Qwen_Qwen2.5-7B,match,7,-216.168665,-0.986948,0.0,-218.514099,-213.82323,leave_one_out,-0.026293012467090166
Qwen_Qwen2.5-7B,match,8,-217.47301,-0.983108,0.0,-221.509741,-213.436279,leave_one_out,-0.0252439939768788
Qwen_Qwen2.5-7B,match,9,-218.635687,-0.973062,0.0,-222.479187,-214.792188,leave_one_out,-0.0379342671635973
Qwen_Qwen2.5-7B,match,10,-222.735028,-0.965612,0.0,-228.582861,-216.887195,leave_one_out,-0.05157026227752974
Qwen_Qwen2.5-7B,match,11,-223.744965,-0.964588,0.0,-229.511975,-217.977954,leave_one_out,-0.04960927628026875
Qwen_Qwen2.5-7B,match,12,-228.541425,-0.96472,0.0,-234.039319,-223.04353,leave_one_out,-0.0442763085609497
Qwen_Qwen2.5-7B,match,13,-231.432935,-0.962261,0.0,-235.676672,-227.189197,leave_one_out,-0.041496389863052166
Qwen_Qwen2.5-7B,match,14,-232.866058,-0.964405,0.0,-236.277917,-229.454199,leave_one_out,-0.03388837661458864
Qwen_Qwen2.5-7B,match,15,-233.261218,-0.964962,0.0,-235.004553,-231.517883,leave_one_out,-0.03008920502888307
Qwen_Qwen2.5-7B,match,16,-233.408771,-0.964145,0.0,-235.53114,-231.286401,leave_one_out,-0.02515804861759542
Qwen_Qwen2.5-7B,match,17,-233.479865,-0.964686,0.0,-234.33125,-232.628479,leave_one_out,-0.02178408543738049
Qwen_Qwen2.5-7B,match,18,-233.398364,-0.963467,0.0,-234.139893,-232.656836,leave_one_out,-0.01988977805238129
Qwen_Qwen2.5-7B,match,19,-233.10412,-0.958387,0.0,-236.722913,-229.485327,leave_one_out,-0.020413294591898088
Qwen_Qwen2.5-7B,match,20,-233.077454,-0.950208,0.0,-236.669775,-229.485132,leave_one_out,-0.01977971033856708
Qwen_Qwen2.5-7B,match,21,-231.22926,-0.938211,0.0,-232.246643,-230.211877,leave_one_out,-0.02292276292783606
Qwen_Qwen2.5-7B,match,22,-231.221631,-0.924023,0.0,-234.681421,-227.761841,leave_one_out,-0.02058864462347958
Qwen_Qwen2.5-7B,match,23,-230.568555,-0.902317,0.0,-233.161646,-227.975464,leave_one_out,-0.02326586296405344
Qwen_Qwen2.5-7B,match,24,-229.311926,-0.870414,0.0,-232.382117,-226.241736,leave_one_out,-0.026670029233458615
Qwen_Qwen2.5-7B,match,25,-225.782733,-0.814735,0.0,-225.714587,-225.850879,leave_one_out,-0.035210919305095775
Qwen_Qwen2.5-7B,match,26,-221.179364,-0.76734,0.0,-222.398816,-219.959912,leave_one_out,-0.034847949261661515
Qwen_Qwen2.5-7B,match,27,-51.668707,-0.266069,0.0,-53.912912,-49.424503,leave_one_out,-0.025851143253258685
Qwen_Qwen2.5-7B,match,28,22.624247,0.205629,0.8,22.308326,22.940167,leave_one_out,-0.04364071058961938
Qwen_Qwen2.5-7B,pitch,0,0.0,0.0,0.0,0.0,0.0,leave_one_out,0.0
Qwen_Qwen2.5-7B,pitch,1,0.546974,0.183448,0.65,0.391132,0.702816,leave_one_out,-0.03756072479212193
Qwen_Qwen2.5-7B,pitch,2,0.892875,0.201477,0.625,0.905142,0.880609,leave_one_out,-0.041987811264362296
Qwen_Qwen2.5-7B,pitch,3,2.726553,0.284421,0.675,2.444238,3.008868,leave_one_out,-0.07543519253114722
Qwen_Qwen2.5-7B,pitch,4,437.420203,0.249998,0.625,1418.235754,-543.395349,leave_one_out,-0.04933292284977695
Qwen_Qwen2.5-7B,pitch,5,545.317944,0.25,0.625,1768.4995,-677.863611,leave_one_out,-0.05458230070246029
Qwen_Qwen2.5-7B,pitch,6,552.694464,0.25,0.625,1792.163733,-686.774805,leave_one_out,-0.05533235702997255
Qwen_Qwen2.5-7B,pitch,7,559.579419,0.25,0.625,1814.521729,-695.362891,leave_one_out,-0.054054160827842264
Qwen_Qwen2.5-7B,pitch,8,562.902576,0.250002,0.625,1825.687878,-699.882727,leave_one_out,-0.05926695012796975
Qwen_Qwen2.5-7B,pitch,9,565.05224,0.250003,0.625,1833.483301,-703.378821,leave_one_out,-0.059751082298715744
Qwen_Qwen2.5-7B,pitch,10,575.798138,0.250002,0.625,1867.761157,-716.16488,leave_one_out,-0.05671626666567769
Qwen_Qwen2.5-7B,pitch,11,578.515753,0.250002,0.625,1876.306421,-719.274915,leave_one_out,-0.05508694261284073
Qwen_Qwen2.5-7B,pitch,12,590.017072,0.250002,0.625,1913.209656,-733.175513,leave_one_out,-0.05445947365245477
Qwen_Qwen2.5-7B,pitch,13,597.431635,0.250004,0.625,1936.885425,-742.022156,leave_one_out,-0.05533905913307777
Qwen_Qwen2.5-7B,pitch,14,601.010229,0.250003,0.625,1948.28158,-746.261121,leave_one_out,-0.05453742144677351
Qwen_Qwen2.5-7B,pitch,15,602.102112,0.250003,0.625,1951.650623,-747.446399,leave_one_out,-0.0525016174082724
Qwen_Qwen2.5-7B,pitch,16,602.187854,0.250001,0.625,1952.193652,-747.817944,leave_one_out,-0.050871279958083736
Qwen_Qwen2.5-7B,pitch,17,602.418378,0.250001,0.625,1952.781128,-747.944373,leave_one_out,-0.05051543285930606
Qwen_Qwen2.5-7B,pitch,18,602.441162,0.250001,0.625,1952.749365,-747.867041,leave_one_out,-0.05067959670778773
Qwen_Qwen2.5-7B,pitch,19,601.213129,0.250002,0.625,1949.409045,-746.982788,leave_one_out,-0.052145180911441304
Qwen_Qwen2.5-7B,pitch,20,602.156781,0.250002,0.625,1951.528308,-747.214746,leave_one_out,-0.05172786659146071
Qwen_Qwen2.5-7B,pitch,21,598.284686,0.25,0.625,1938.647656,-742.078284,leave_one_out,-0.052685533934335976
Qwen_Qwen2.5-7B,pitch,22,597.750879,0.249998,0.625,1937.214355,-741.712598,leave_one_out,-0.05106134429088855
Qwen_Qwen2.5-7B,pitch,23,597.127606,0.250008,0.625,1934.213184,-739.957971,leave_one_out,-0.05617821306909353
Qwen_Qwen2.5-7B,pitch,24,594.677393,0.250013,0.625,1925.728296,-736.373511,leave_one_out,-0.05970707536958045
Qwen_Qwen2.5-7B,pitch,25,589.463287,0.250015,0.625,1906.445667,-727.519092,leave_one_out,-0.058555292690544034
Qwen_Qwen2.5-7B,pitch,26,577.665796,0.250004,0.625,1865.631274,-710.299683,leave_one_out,-0.0581715734087804
Qwen_Qwen2.5-7B,pitch,27,177.905376,0.250673,0.625,537.798978,-181.988226,leave_one_out,-0.059718652138217025
Qwen_Qwen2.5-7B,pitch,28,37.556997,0.285867,0.75,27.569151,47.544843,leave_one_out,-0.06198509466689153
mistralai_Mistral-Nemo-Base-2407,bank,0,0.0,0.0,0.0,0.0,0.0,leave_one_out,0.0
mistralai_Mistral-Nemo-Base-2407,bank,1,0.056795,0.212071,0.675,0.002726,0.110863,leave_one_out,-0.045026069370792794
mistralai_Mistral-Nemo-Base-2407,bank,2,0.20224,0.254237,0.825,0.110855,0.293625,leave_one_out,-0.06181510696655124
mistralai_Mistral-Nemo-Base-2407,bank,3,0.407053,0.287548,0.825,0.252189,0.561918,leave_one_out,-0.07297893961458982
mistralai_Mistral-Nemo-Base-2407,bank,4,0.966419,0.348307,0.825,0.65337,1.279469,leave_one_out,-0.09818170591331919
mistralai_Mistral-Nemo-Base-2407,bank,5,1.325737,0.345784,0.825,0.927858,1.723616,leave_one_out,-0.0953866096662131
mistralai_Mistral-Nemo-Base-2407,bank,6,1.628256,0.336084,0.825,1.175263,2.081249,leave_one_out,-0.08884999281719039
mistralai_Mistral-Nemo-Base-2407,bank,7,2.096297,0.345213,0.825,1.539029,2.653564,leave_one_out,-0.09198931859145922
mistralai_Mistral-Nemo-Base-2407,bank,8,2.271049,0.32781,0.825,1.687629,2.85447,leave_one_out,-0.08114158180679933
mistralai_Mistral-Nemo-Base-2407,bank,9,2.33886,0.313815,0.825,1.741199,2.936521,leave_one_out,-0.0741986531399645
mistralai_Mistral-Nemo-Base-2407,bank,10,2.439162,0.309602,0.825,1.793017,3.085307,leave_one_out,-0.07216303397559684
mistralai_Mistral-Nemo-Base-2407,bank,11,2.595369,0.308774,0.825,1.89904,3.291699,leave_one_out,-0.06852764389392174
mistralai_Mistral-Nemo-Base-2407,bank,12,2.791485,0.312766,0.825,1.999822,3.583148,leave_one_out,-0.07056307169656292
mistralai_Mistral-Nemo-Base-2407,bank,13,2.895814,0.308831,0.825,2.067469,3.724159,leave_one_out,-0.06755573387747381
mistralai_Mistral-Nemo-Base-2407,bank,14,2.824101,0.297496,0.825,2.032761,3.615441,leave_one_out,-0.061282495417683845
mistralai_Mistral-Nemo-Base-2407,bank,15,2.898543,0.295023,0.825,2.085721,3.711364,leave_one_out,-0.0591592764879141
mistralai_Mistral-Nemo-Base-2407,bank,16,2.943931,0.289007,0.825,2.128761,3.759101,leave_one_out,-0.05545557364042454
mistralai_Mistral-Nemo-Base-2407,bank,17,3.080101,0.286059,0.825,2.234648,3.925554,leave_one_out,-0.05513633863606566
mistralai_Mistral-Nemo-Base-2407,bank,18,3.649854,0.295719,0.825,2.729967,4.56974,leave_one_out,-0.05778310089633146
mistralai_Mistral-Nemo-Base-2407,bank,19,4.129412,0.290628,0.825,3.265812,4.993011,leave_one_out,-0.05614526435918038
mistralai_Mistral-Nemo-Base-2407,bank,20,4.644474,0.291841,0.825,3.683797,5.605151,leave_one_out,-0.060136844177116656
mistralai_Mistral-Nemo-Base-2407,bank,21,5.197064,0.292566,0.825,4.217353,6.176775,leave_one_out,-0.0619326556539964
mistralai_Mistral-Nemo-Base-2407,bank,22,5.488878,0.288569,0.825,4.467297,6.510459,leave_one_out,-0.0616646274540916
mistralai_Mistral-Nemo-Base-2407,bank,23,6.054886,0.287548,0.825,4.854168,7.255603,leave_one_out,-0.06197202397782566
mistralai_Mistral-Nemo-Base-2407,bank,24,7.140971,0.295022,0.825,5.661349,8.620593,leave_one_out,-0.06813107452625429
mistralai_Mistral-Nemo-Base-2407,bank,25,7.840261,0.289111,0.825,6.131194,9.549327,leave_one_out,-0.06464952295431853
mistralai_Mistral-Nemo-Base-2407,bank,26,8.41704,0.286666,0.825,6.564409,10.26967,leave_one_out,-0.06501341185925023
mistralai_Mistral-Nemo-Base-2407,bank,27,8.776307,0.280605,0.825,6.741545,10.81107,leave_one_out,-0.06303013123148955
mistralai_Mistral-Nemo-Base-2407,bank,28,9.24061,0.277981,0.825,6.987424,11.493796,leave_one_out,-0.06220790721033962
mistralai_Mistral-Nemo-Base-2407,bank,29,9.728732,0.276462,0.825,7.282365,12.175099,leave_one_out,-0.06251763242971292
mistralai_Mistral-Nemo-Base-2407,bank,30,10.327265,0.276556,0.825,7.682038,12.972491,leave_one_out,-0.06311169114459375
mistralai_Mistral-Nemo-Base-2407,bank,31,10.641583,0.272658,0.825,7.87842,13.404747,leave_one_out,-0.06115571941000795
mistralai_Mistral-Nemo-Base-2407,bank,32,11.127824,0.267622,0.825,8.235526,14.020123,leave_one_out,-0.05892813953644783
mistralai_Mistral-Nemo-Base-2407,bank,33,11.51465,0.26508,0.825,8.459035,14.570265,leave_one_out,-0.058235526967912885
mistralai_Mistral-Nemo-Base-2407,bank,34,12.056888,0.262225,0.825,8.796749,15.317027,leave_one_out,-0.057230998313703145
mistralai_Mistral-Nemo-Base-2407,bank,35,12.802341,0.25981,0.825,9.310868,16.293814,leave_one_out,-0.05669465478476563
mistralai_Mistral-Nemo-Base-2407,bank,36,13.889403,0.258826,0.825,10.157734,17.621071,leave_one_out,-0.05729773015205379
mistralai_Mistral-Nemo-Base-2407,bank,37,15.109614,0.255434,0.825,10.988947,19.230281,leave_one_out,-0.05692861561839112
mistralai_Mistral-Nemo-Base-2407,bank,38,15.99357,0.244216,0.825,11.410649,20.57649,leave_one_out,-0.05466922991408871
mistralai_Mistral-Nemo-Base-2407,bank,39,17.767504,0.222827,0.825,13.451873,22.083135,leave_one_out,-0.05407462939673828
mistralai_Mistral-Nemo-Base-2407,bank,40,30.426157,0.179235,0.825,30.138026,30.714288,leave_one_out,-0.05375802991352115
mistralai_Mistral-Nemo-Base-2407,bark,0,0.0,0.0,0.0,0.0,0.0,leave_one_out,0.0
mistralai_Mistral-Nemo-Base-2407,bark,1,0.06184,0.205366,0.7,0.049422,0.074258,leave_one_out,-0.04604336036880973
mistralai_Mistral-Nemo-Base-2407,bark,2,0.126989,0.209028,0.8,0.088241,0.165737,leave_one_out,-0.04660521668900524
mistralai_Mistral-Nemo-Base-2407,bark,3,0.32887,0.257317,0.925,0.252772,0.404967,leave_one_out,-0.06262194416583242
mistralai_Mistral-Nemo-Base-2407,bark,4,1.013342,0.363801,0.925,0.870026,1.156659,leave_one_out,-0.10458032645108245
mistralai_Mistral-Nemo-Base-2407,bark,5,1.59507,0.386007,0.925,1.427568,1.762572,leave_one_out,-0.11361559968729833
mistralai_Mistral-Nemo-Base-2407,bark,6,2.238643,0.3957,0.925,2.005486,2.471801,leave_one_out,-0.11958294799640246
mistralai_Mistral-Nemo-Base-2407,bark,7,2.80327,0.409208,0.925,2.5085,3.09804,leave_one_out,-0.12548709759073323
mistralai_Mistral-Nemo-Base-2407,bark,8,3.206819,0.399915,0.925,2.876655,3.536983,leave_one_out,-0.11606292785338963
mistralai_Mistral-Nemo-Base-2407,bark,9,3.279425,0.384784,0.925,2.924805,3.634046,leave_one_out,-0.10945548471353515
mistralai_Mistral-Nemo-Base-2407,bark,10,3.472273,0.380648,0.925,3.088091,3.856454,leave_one_out,-0.10698194019946762
mistralai_Mistral-Nemo-Base-2407,bark,11,3.801531,0.384185,0.925,3.433329,4.169733,leave_one_out,-0.10661680323741995
mistralai_Mistral-Nemo-Base-2407,bark,12,4.057095,0.392993,0.925,3.675813,4.438378,leave_one_out,-0.11359504824191555
mistralai_Mistral-Nemo-Base-2407,bark,13,4.114806,0.380853,0.925,3.727566,4.502046,leave_one_out,-0.10845347667277293
mistralai_Mistral-Nemo-Base-2407,bark,14,4.039754,0.368173,0.925,3.679481,4.400027,leave_one_out,-0.09917204269536535
mistralai_Mistral-Nemo-Base-2407,bark,15,4.073443,0.360283,0.925,3.788931,4.357954,leave_one_out,-0.0933116919898424
mistralai_Mistral-Nemo-Base-2407,bark,16,4.315958,0.363181,0.925,3.974091,4.657825,leave_one_out,-0.0911170177293337
mistralai_Mistral-Nemo-Base-2407,bark,17,4.257135,0.347728,0.925,3.976072,4.538198,leave_one_out,-0.08596499421897132
mistralai_Mistral-Nemo-Base-2407,bark,18,4.742573,0.350545,0.925,4.49416,4.990985,leave_one_out,-0.08567108777379902
mistralai_Mistral-Nemo-Base-2407,bark,19,5.351791,0.342898,0.925,5.146467,5.557116,leave_one_out,-0.08629013682412107
mistralai_Mistral-Nemo-Base-2407,bark,20,6.029872,0.348751,0.925,5.753433,6.306311,leave_one_out,-0.0884463930310477
mistralai_Mistral-Nemo-Base-2407,bark,21,6.642991,0.347381,0.925,6.35428,6.931703,leave_one_out,-0.09106091582739613
mistralai_Mistral-Nemo-Base-2407,bark,22,6.970867,0.33983,0.925,6.712068,7.229666,leave_one_out,-0.08903166896696611
mistralai_Mistral-Nemo-Base-2407,bark,23,7.753398,0.337984,0.925,7.568608,7.938187,leave_one_out,-0.0892078562882101
mistralai_Mistral-Nemo-Base-2407,bark,24,8.84078,0.340367,0.925,8.77606,8.9055,leave_one_out,-0.09454554762543538
mistralai_Mistral-Nemo-Base-2407,bark,25,10.044413,0.340857,0.925,9.998082,10.090743,leave_one_out,-0.09392108358573302
mistralai_Mistral-Nemo-Base-2407,bark,26,10.830704,0.339486,0.925,10.826571,10.834837,leave_one_out,-0.09362103918559866
mistralai_Mistral-Nemo-Base-2407,bark,27,11.853216,0.340198,0.925,11.922172,11.784259,leave_one_out,-0.09513982284439343
mistralai_Mistral-Nemo-Base-2407,bark,28,12.868806,0.342684,0.925,12.905588,12.832023,leave_one_out,-0.09597185257142782
mistralai_Mistral-Nemo-Base-2407,bark,29,13.199483,0.337454,0.925,13.212414,13.186552,leave_one_out,-0.09470516402860446
mistralai_Mistral-Nemo-Base-2407,bark,30,14.452113,0.343188,0.925,14.314594,14.589633,leave_one_out,-0.09661802966697934
mistralai_Mistral-Nemo-Base-2407,bark,31,15.018203,0.340566,0.925,14.851088,15.185319,leave_one_out,-0.09532022265685249
mistralai_Mistral-Nemo-Base-2407,bark,32,15.811967,0.335213,0.925,15.608126,16.015809,leave_one_out,-0.09328164319953361
mistralai_Mistral-Nemo-Base-2407,bark,33,16.35591,0.331089,0.925,16.091634,16.620187,leave_one_out,-0.09151599133704828
mistralai_Mistral-Nemo-Base-2407,bark,34,17.112303,0.326977,0.925,16.732505,17.4921,leave_one_out,-0.08973539127238621
mistralai_Mistral-Nemo-Base-2407,bark,35,17.931144,0.321985,0.925,17.474492,18.387797,leave_one_out,-0.08778241654348035
mistralai_Mistral-Nemo-Base-2407,bark,36,18.765824,0.315074,0.925,18.300397,19.23125,leave_one_out,-0.08530064836693704
mistralai_Mistral-Nemo-Base-2407,bark,37,19.733214,0.30638,0.925,19.19745,20.268978,leave_one_out,-0.08219636156513264
mistralai_Mistral-Nemo-Base-2407,bark,38,21.23652,0.29748,0.925,20.532331,21.940709,leave_one_out,-0.07994998242611015
mistralai_Mistral-Nemo-Base-2407,bark,39,22.727636,0.266838,0.925,21.961017,23.494254,leave_one_out,-0.07646613301663338
mistralai_Mistral-Nemo-Base-2407,bark,40,37.862585,0.208646,0.925,34.819524,40.905646,leave_one_out,-0.07707615442156177
mistralai_Mistral-Nemo-Base-2407,bat,0,0.017132,0.172495,0.6,0.124873,-0.090609,leave_one_out,-0.031231728959027864
mistralai_Mistral-Nemo-Base-2407,bat,1,0.071989,0.190374,0.725,0.114892,0.029085,leave_one_out,-0.04626325322547803
mistralai_Mistral-Nemo-Base-2407,bat,2,0.124503,0.169316,0.8,0.127731,0.121275,leave_one_out,-0.03287283605871483
mistralai_Mistral-Nemo-Base-2407,bat,3,0.300167,0.225164,0.925,0.301217,0.299117,leave_one_out,-0.04707924971156578
mistralai_Mistral-Nemo-Base-2407,bat,4,0.801247,0.311462,0.95,0.761353,0.84114,leave_one_out,-0.07687288370008136
mistralai_Mistral-Nemo-Base-2407,bat,5,1.483457,0.369782,0.95,1.369177,1.597738,leave_one_out,-0.10381309744229716
mistralai_Mistral-Nemo-Base-2407,bat,6,2.136629,0.393308,0.95,1.988362,2.284895,leave_one_out,-0.1148368756598669
mistralai_Mistral-Nemo-Base-2407,bat,7,3.438589,0.449237,0.95,3.234919,3.64226,leave_one_out,-0.14512012581143505
mistralai_Mistral-Nemo-Base-2407,bat,8,3.86737,0.442316,0.95,3.62424,4.1105,leave_one_out,-0.1420142058067748
mistralai_Mistral-Nemo-Base-2407,bat,9,4.03698,0.43486,0.95,3.760472,4.313489,leave_one_out,-0.13679041222512167
mistralai_Mistral-Nemo-Base-2407,bat,10,4.317002,0.431749,0.95,3.976731,4.657273,leave_one_out,-0.13487771044199356
mistralai_Mistral-Nemo-Base-2407,bat,11,4.74563,0.43579,0.95,4.357732,5.133528,leave_one_out,-0.13257108629705983
mistralai_Mistral-Nemo-Base-2407,bat,12,4.85931,0.43263,0.95,4.464298,5.254322,leave_one_out,-0.1314039259332725
mistralai_Mistral-Nemo-Base-2407,bat,13,4.63419,0.407918,0.95,4.288113,4.980266,leave_one_out,-0.11848619226785731
mistralai_Mistral-Nemo-Base-2407,bat,14,4.456624,0.390529,0.95,4.127976,4.785273,leave_one_out,-0.10844631753836936
mistralai_Mistral-Nemo-Base-2407,bat,15,4.513353,0.387791,0.95,4.159977,4.866728,leave_one_out,-0.1038464590416147
mistralai_Mistral-Nemo-Base-2407,bat,16,4.542643,0.383052,0.95,4.186981,4.898304,leave_one_out,-0.09857676672931777
mistralai_Mistral-Nemo-Base-2407,bat,17,4.573163,0.3719,0.95,4.118492,5.027835,leave_one_out,-0.09390686200973977
mistralai_Mistral-Nemo-Base-2407,bat,18,4.942207,0.370231,0.95,4.344737,5.539678,leave_one_out,-0.08875206871031288
mistralai_Mistral-Nemo-Base-2407,bat,19,5.225541,0.349542,0.95,4.471712,5.97937,leave_one_out,-0.08017811785103218
mistralai_Mistral-Nemo-Base-2407,bat,20,5.777739,0.348005,0.95,4.895602,6.659876,leave_one_out,-0.07903139381423176
mistralai_Mistral-Nemo-Base-2407,bat,21,7.499136,0.371487,0.95,6.489877,8.508395,leave_one_out,-0.09745801015052576
mistralai_Mistral-Nemo-Base-2407,bat,22,7.439954,0.349907,0.95,6.451785,8.428123,leave_one_out,-0.08659473609862826
mistralai_Mistral-Nemo-Base-2407,bat,23,7.81932,0.341326,0.95,6.752864,8.885777,leave_one_out,-0.08506278222162855
mistralai_Mistral-Nemo-Base-2407,bat,24,8.906263,0.343812,0.95,7.766795,10.045731,leave_one_out,-0.08676949423737955
mistralai_Mistral-Nemo-Base-2407,bat,25,9.800766,0.333808,0.95,8.504984,11.096548,leave_one_out,-0.08414833633193224
mistralai_Mistral-Nemo-Base-2407,bat,26,10.832279,0.332412,0.95,9.593366,12.071193,leave_one_out,-0.08321714380645842
mistralai_Mistral-Nemo-Base-2407,bat,27,11.485935,0.32657,0.95,10.200704,12.771167,leave_one_out,-0.08081850506468931
mistralai_Mistral-Nemo-Base-2407,bat,28,12.659223,0.331289,0.95,11.245607,14.07284,leave_one_out,-0.08132897861825435
mistralai_Mistral-Nemo-Base-2407,bat,29,13.640837,0.332162,0.95,12.214718,15.066956,leave_one_out,-0.08099929285460872
mistralai_Mistral-Nemo-Base-2407,bat,30,14.255696,0.328055,0.95,12.766363,15.745029,leave_one_out,-0.07958379128182316
mistralai_Mistral-Nemo-Base-2407,bat,31,14.761695,0.32385,0.95,13.057869,16.465521,leave_one_out,-0.07933394861989604
mistralai_Mistral-Nemo-Base-2407,bat,32,15.446294,0.318618,0.95,13.650428,17.24216,leave_one_out,-0.07809664576553883
mistralai_Mistral-Nemo-Base-2407,bat,33,15.893615,0.313258,0.95,14.151925,17.635304,leave_one_out,-0.07537264170507592
mistralai_Mistral-Nemo-Base-2407,bat,34,16.442702,0.306876,0.925,14.595543,18.28986,leave_one_out,-0.07419470198477834
mistralai_Mistral-Nemo-Base-2407,bat,35,17.421419,0.305159,0.925,15.418551,19.424287,leave_one_out,-0.07337965774973582
mistralai_Mistral-Nemo-Base-2407,bat,36,18.253701,0.299791,0.925,16.130544,20.376858,leave_one_out,-0.07187647529344496
mistralai_Mistral-Nemo-Base-2407,bat,37,19.77372,0.299073,0.925,17.38139,22.16605,leave_one_out,-0.07152339100809386
mistralai_Mistral-Nemo-Base-2407,bat,38,21.776759,0.297108,0.925,19.026615,24.526903,leave_one_out,-0.07026787165825908
mistralai_Mistral-Nemo-Base-2407,bat,39,29.653495,0.317142,0.9,25.656881,33.650109,leave_one_out,-0.07381956789163995
mistralai_Mistral-Nemo-Base-2407,bat,40,86.47883,0.35866,0.875,75.642435,97.315224,leave_one_out,-0.08643925474794037
mistralai_Mistral-Nemo-Base-2407,crane,0,0.074493,0.343669,0.675,-0.091258,0.240244,leave_one_out,-0.12005855974307385
mistralai_Mistral-Nemo-Base-2407,crane,1,0.119571,0.248033,0.65,-0.002638,0.241779,leave_one_out,-0.05829798123249866
mistralai_Mistral-Nemo-Base-2407,crane,2,0.113958,0.18023,0.675,0.008275,0.21964,leave_one_out,-0.03319134027442986
mistralai_Mistral-Nemo-Base-2407,crane,3,0.164194,0.160508,0.725,0.021806,0.306582,leave_one_out,-0.023886972062971298
mistralai_Mistral-Nemo-Base-2407,crane,4,0.384131,0.215736,0.775,0.180445,0.587817,leave_one_out,-0.03783861850154072
mistralai_Mistral-Nemo-Base-2407,crane,5,0.627048,0.237167,0.8,0.327631,0.926466,leave_one_out,-0.04566577437959386
mistralai_Mistral-Nemo-Base-2407,crane,6,0.900463,0.252646,0.8,0.483176,1.317749,leave_one_out,-0.0513040976776789
mistralai_Mistral-Nemo-Base-2407,crane,7,1.140193,0.25971,0.8,0.638973,1.641413,leave_one_out,-0.05350231378471028
mistralai_Mistral-Nemo-Base-2407,crane,8,1.283059,0.2538,0.8,0.686907,1.879211,leave_one_out,-0.0503451816772488
mistralai_Mistral-Nemo-Base-2407,crane,9,1.41858,0.250119,0.8,0.768703,2.068457,leave_one_out,-0.04830773442746477
mistralai_Mistral-Nemo-Base-2407,crane,10,1.469269,0.242942,0.8,0.81176,2.126778,leave_one_out,-0.04441180654154345
mistralai_Mistral-Nemo-Base-2407,crane,11,1.504047,0.233776,0.8,0.778771,2.229324,leave_one_out,-0.04116734837192288
mistralai_Mistral-Nemo-Base-2407,crane,12,1.473196,0.226922,0.8,0.770118,2.176273,leave_one_out,-0.04049423193771427
mistralai_Mistral-Nemo-Base-2407,crane,13,1.550054,0.222905,0.8,0.850756,2.249353,leave_one_out,-0.03883020560921853
mistralai_Mistral-Nemo-Base-2407,crane,14,1.428466,0.207708,0.8,0.758219,2.098713,leave_one_out,-0.03476203771439894
mistralai_Mistral-Nemo-Base-2407,crane,15,1.44464,0.205112,0.8,0.809081,2.080198,leave_one_out,-0.032307152656013235
mistralai_Mistral-Nemo-Base-2407,crane,16,1.454718,0.200982,0.8,0.859292,2.050144,leave_one_out,-0.030100276899097694
mistralai_Mistral-Nemo-Base-2407,crane,17,1.472402,0.195877,0.8,0.953131,1.991673,leave_one_out,-0.026445959328550876
mistralai_Mistral-Nemo-Base-2407,crane,18,1.528065,0.190657,0.8,1.017131,2.038999,leave_one_out,-0.026959182819800323
mistralai_Mistral-Nemo-Base-2407,crane,19,1.752564,0.191183,0.8,1.366518,2.13861,leave_one_out,-0.027173350998428887
mistralai_Mistral-Nemo-Base-2407,crane,20,2.151426,0.204709,0.8,1.75849,2.544361,leave_one_out,-0.031059271319354015
mistralai_Mistral-Nemo-Base-2407,crane,21,2.299313,0.199812,0.8,1.910432,2.688195,leave_one_out,-0.030746215386240047
mistralai_Mistral-Nemo-Base-2407,crane,22,2.732734,0.207052,0.8,2.345332,3.120137,leave_one_out,-0.03561031673541318
mistralai_Mistral-Nemo-Base-2407,crane,23,3.068978,0.208038,0.8,2.606614,3.531342,leave_one_out,-0.03541651632909425
mistralai_Mistral-Nemo-Base-2407,crane,24,3.706443,0.216733,0.8,3.187147,4.225739,leave_one_out,-0.03653997775773021
mistralai_Mistral-Nemo-Base-2407,crane,25,4.307083,0.220183,0.8,3.738261,4.875904,leave_one_out,-0.03811537165589541
mistralai_Mistral-Nemo-Base-2407,crane,26,4.7188,0.217245,0.8,4.057302,5.380298,leave_one_out,-0.03752473247550039
mistralai_Mistral-Nemo-Base-2407,crane,27,5.486469,0.224548,0.8,4.518713,6.454224,leave_one_out,-0.04004338306653617
mistralai_Mistral-Nemo-Base-2407,crane,28,5.661898,0.220365,0.8,4.469432,6.854364,leave_one_out,-0.03934113408580107
mistralai_Mistral-Nemo-Base-2407,crane,29,6.075873,0.220789,0.8,4.689375,7.462371,leave_one_out,-0.04021244906056526
mistralai_Mistral-Nemo-Base-2407,crane,30,6.874807,0.227001,0.8,5.324133,8.425482,leave_one_out,-0.041703663925410216
mistralai_Mistral-Nemo-Base-2407,crane,31,7.230137,0.226138,0.8,5.58679,8.873485,leave_one_out,-0.04112571294392555
mistralai_Mistral-Nemo-Base-2407,crane,32,7.494328,0.220276,0.8,5.833002,9.155654,leave_one_out,-0.03956708976656049
mistralai_Mistral-Nemo-Base-2407,crane,33,7.804561,0.217927,0.8,6.134114,9.475007,leave_one_out,-0.038944488486315085
mistralai_Mistral-Nemo-Base-2407,crane,34,8.060248,0.213535,0.8,6.151816,9.968679,leave_one_out,-0.03773295833225198
mistralai_Mistral-Nemo-Base-2407,crane,35,8.425331,0.210405,0.8,6.459694,10.390967,leave_one_out,-0.03649318452805986
mistralai_Mistral-Nemo-Base-2407,crane,36,9.037335,0.209247,0.8,6.919761,11.15491,leave_one_out,-0.03589790364669852
mistralai_Mistral-Nemo-Base-2407,crane,37,9.595187,0.205158,0.8,7.254759,11.935615,leave_one_out,-0.03462515680539871
mistralai_Mistral-Nemo-Base-2407,crane,38,10.166862,0.198827,0.775,7.700448,12.633275,leave_one_out,-0.0334275803096474
mistralai_Mistral-Nemo-Base-2407,crane,39,11.739439,0.192048,0.775,8.995318,14.483559,leave_one_out,-0.03425103875496646
mistralai_Mistral-Nemo-Base-2407,crane,40,25.064524,0.183492,0.775,15.582935,34.546113,leave_one_out,-0.036440331312310864
mistralai_Mistral-Nemo-Base-2407,spring,0,0.037796,0.25,0.625,-0.103938,0.179529,leave_one_out,-0.07947039091777637
mistralai_Mistral-Nemo-Base-2407,spring,1,0.364379,0.497518,0.975,0.25098,0.477778,leave_one_out,-0.24422554405664834
mistralai_Mistral-Nemo-Base-2407,spring,2,0.49189,0.424125,0.975,0.338207,0.645574,leave_one_out,-0.17566726295250523
mistralai_Mistral-Nemo-Base-2407,spring,3,0.651073,0.382667,0.95,0.473248,0.828898,leave_one_out,-0.148898545803467
mistralai_Mistral-Nemo-Base-2407,spring,4,0.962675,0.36104,0.975,0.763361,1.161989,leave_one_out,-0.13944730493483057
mistralai_Mistral-Nemo-Base-2407,spring,5,1.199509,0.339313,0.975,1.019868,1.37915,leave_one_out,-0.12496329763353722
mistralai_Mistral-Nemo-Base-2407,spring,6,1.495394,0.330842,1.0,1.329861,1.660927,leave_one_out,-0.1173551581822626
mistralai_Mistral-Nemo-Base-2407,spring,7,1.761469,0.321269,1.0,1.62832,1.894618,leave_one_out,-0.1128037574799347
mistralai_Mistral-Nemo-Base-2407,spring,8,2.227915,0.296055,0.975,1.623784,2.832046,leave_one_out,-0.11106256717591048
mistralai_Mistral-Nemo-Base-2407,spring,9,2.422522,0.301381,0.975,1.867951,2.977093,leave_one_out,-0.11039362357626814
mistralai_Mistral-Nemo-Base-2407,spring,10,2.444873,0.294269,0.975,2.007594,2.882152,leave_one_out,-0.10676297314267857
mistralai_Mistral-Nemo-Base-2407,spring,11,2.52489,0.293573,0.975,2.194588,2.855191,leave_one_out,-0.10184259698106378
mistralai_Mistral-Nemo-Base-2407,spring,12,2.564748,0.292851,0.975,2.283999,2.845498,leave_one_out,-0.10066624142739919
mistralai_Mistral-Nemo-Base-2407,spring,13,2.967773,0.296671,0.975,2.424013,3.511533,leave_one_out,-0.10252185894074935
mistralai_Mistral-Nemo-Base-2407,spring,14,3.190252,0.291966,0.975,2.318188,4.062315,leave_one_out,-0.1004816923224648
mistralai_Mistral-Nemo-Base-2407,spring,15,3.180597,0.2939,0.975,2.501133,3.86006,leave_one_out,-0.09965012314675302
mistralai_Mistral-Nemo-Base-2407,spring,16,3.286718,0.293076,0.975,2.56062,4.012816,leave_one_out,-0.09940575988650993
mistralai_Mistral-Nemo-Base-2407,spring,17,3.326907,0.297243,0.975,2.902154,3.751659,leave_one_out,-0.09847603686917637
mistralai_Mistral-Nemo-Base-2407,spring,18,3.446331,0.29134,0.975,3.070088,3.822575,leave_one_out,-0.09732060111669136
mistralai_Mistral-Nemo-Base-2407,spring,19,4.086906,0.300106,1.0,3.653518,4.520293,leave_one_out,-0.10105660754381743
mistralai_Mistral-Nemo-Base-2407,spring,20,4.393883,0.297993,1.0,3.980029,4.807737,leave_one_out,-0.10231162450059754
mistralai_Mistral-Nemo-Base-2407,spring,21,5.052414,0.304393,1.0,4.449137,5.655691,leave_one_out,-0.10475085157232136
mistralai_Mistral-Nemo-Base-2407,spring,22,5.571067,0.307114,0.975,4.891168,6.250967,leave_one_out,-0.10454672682093835
mistralai_Mistral-Nemo-Base-2407,spring,23,6.129141,0.306915,1.0,5.322434,6.935848,leave_one_out,-0.10726102147336108
mistralai_Mistral-Nemo-Base-2407,spring,24,6.881254,0.304542,1.0,6.099642,7.662866,leave_one_out,-0.10814979406050478
mistralai_Mistral-Nemo-Base-2407,spring,25,7.93723,0.304461,1.0,7.109467,8.764992,leave_one_out,-0.10852360151721964
mistralai_Mistral-Nemo-Base-2407,spring,26,9.184495,0.30916,1.0,8.395735,9.973256,leave_one_out,-0.11077092375644314
mistralai_Mistral-Nemo-Base-2407,spring,27,9.789387,0.305024,1.0,8.981188,10.597587,leave_one_out,-0.10822339630574691
mistralai_Mistral-Nemo-Base-2407,spring,28,10.338992,0.302666,1.0,9.55947,11.118515,leave_one_out,-0.1072550719046877
mistralai_Mistral-Nemo-Base-2407,spring,29,10.851977,0.29962,1.0,10.126681,11.577273,leave_one_out,-0.10574159989749544
mistralai_Mistral-Nemo-Base-2407,spring,30,11.537649,0.298482,1.0,10.900824,12.174475,leave_one_out,-0.1060064891325332
mistralai_Mistral-Nemo-Base-2407,spring,31,12.078777,0.296444,1.0,11.540524,12.617031,leave_one_out,-0.10496984277106579
mistralai_Mistral-Nemo-Base-2407,spring,32,13.056223,0.295833,1.0,12.471357,13.641089,leave_one_out,-0.10441213853386544
mistralai_Mistral-Nemo-Base-2407,spring,33,13.731919,0.295009,1.0,13.118846,14.344993,leave_one_out,-0.10370803377834995
mistralai_Mistral-Nemo-Base-2407,spring,34,14.999393,0.29743,1.0,14.272063,15.726723,leave_one_out,-0.10425903153811907
mistralai_Mistral-Nemo-Base-2407,spring,35,16.128702,0.297978,1.0,15.317073,16.940332,leave_one_out,-0.10354874908839573
mistralai_Mistral-Nemo-Base-2407,spring,36,17.289703,0.295926,1.0,16.282405,18.297001,leave_one_out,-0.10324091048666563
mistralai_Mistral-Nemo-Base-2407,spring,37,18.554274,0.293415,1.0,17.270013,19.838535,leave_one_out,-0.10082537926745434
mistralai_Mistral-Nemo-Base-2407,spring,38,21.183392,0.296324,0.975,19.286073,23.08071,leave_one_out,-0.10167865923923952
mistralai_Mistral-Nemo-Base-2407,spring,39,30.881547,0.322687,0.825,26.34472,35.418374,leave_one_out,-0.10325880409271479
mistralai_Mistral-Nemo-Base-2407,spring,40,101.41709,0.377078,0.725,83.427571,119.406609,leave_one_out,-0.11575055049126069
mistralai_Mistral-Nemo-Base-2407,match,0,0.032698,0.25,0.625,0.155316,-0.08992,leave_one_out,-0.07948594659505634
mistralai_Mistral-Nemo-Base-2407,match,1,0.026005,0.102276,0.65,0.053052,-0.001041,leave_one_out,-0.019718551009412378
mistralai_Mistral-Nemo-Base-2407,match,2,0.119638,0.160334,0.7,0.118615,0.120661,leave_one_out,-0.028377718228081984
mistralai_Mistral-Nemo-Base-2407,match,3,0.317121,0.218266,0.85,0.320279,0.313963,leave_one_out,-0.041156566978719195
mistralai_Mistral-Nemo-Base-2407,match,4,0.742913,0.283182,0.85,0.784444,0.701382,leave_one_out,-0.060910909459634566
mistralai_Mistral-Nemo-Base-2407,match,5,1.557622,0.349137,0.85,1.705551,1.409693,leave_one_out,-0.08857022153039906
mistralai_Mistral-Nemo-Base-2407,match,6,1.984564,0.35019,0.85,2.211626,1.757502,leave_one_out,-0.08722023955175104
mistralai_Mistral-Nemo-Base-2407,match,7,2.427117,0.358714,0.875,2.678667,2.175568,leave_one_out,-0.09021528606745222
mistralai_Mistral-Nemo-Base-2407,match,8,2.72759,0.35336,0.875,3.008945,2.446236,leave_one_out,-0.08499376692021499
mistralai_Mistral-Nemo-Base-2407,match,9,2.964421,0.34966,0.875,3.260881,2.667961,leave_one_out,-0.08371692598302845
mistralai_Mistral-Nemo-Base-2407,match,10,3.06382,0.343709,0.875,3.342714,2.784926,leave_one_out,-0.08081196717803002
mistralai_Mistral-Nemo-Base-2407,match,11,3.240454,0.342316,0.875,3.518582,2.962326,leave_one_out,-0.07907292321866254
mistralai_Mistral-Nemo-Base-2407,match,12,3.157756,0.332354,0.875,3.403316,2.912197,leave_one_out,-0.07351729604588982
mistralai_Mistral-Nemo-Base-2407,match,13,3.415477,0.330554,0.875,3.736967,3.093987,leave_one_out,-0.07339538985231939
mistralai_Mistral-Nemo-Base-2407,match,14,3.374979,0.322065,0.875,3.668996,3.080963,leave_one_out,-0.06718794131389408
mistralai_Mistral-Nemo-Base-2407,match,15,3.478945,0.320306,0.875,3.811446,3.146445,leave_one_out,-0.06424395103224559
mistralai_Mistral-Nemo-Base-2407,match,16,3.560123,0.314777,0.875,3.883292,3.236953,leave_one_out,-0.06012023124595453
mistralai_Mistral-Nemo-Base-2407,match,17,3.675133,0.307376,0.875,4.005726,3.34454,leave_one_out,-0.057466889742737656
mistralai_Mistral-Nemo-Base-2407,match,18,3.982388,0.304364,0.875,4.240247,3.724528,leave_one_out,-0.0562472455181366
mistralai_Mistral-Nemo-Base-2407,match,19,4.660448,0.300095,0.875,4.947412,4.373483,leave_one_out,-0.053784407192545236
mistralai_Mistral-Nemo-Base-2407,match,20,6.142746,0.327083,0.875,6.550556,5.734936,leave_one_out,-0.06789251559658901
mistralai_Mistral-Nemo-Base-2407,match,21,5.985854,0.309439,0.875,6.30543,5.666277,leave_one_out,-0.06100139200438323
mistralai_Mistral-Nemo-Base-2407,match,22,6.130581,0.300214,0.875,6.385309,5.875853,leave_one_out,-0.05728635139273773
mistralai_Mistral-Nemo-Base-2407,match,23,6.585154,0.29449,0.875,6.784244,6.386064,leave_one_out,-0.055927163980303174
mistralai_Mistral-Nemo-Base-2407,match,24,8.317902,0.312135,0.875,8.450956,8.184848,leave_one_out,-0.06684303425924787
mistralai_Mistral-Nemo-Base-2407,match,25,9.96105,0.316996,0.875,10.106783,9.815316,leave_one_out,-0.0677632179383977
mistralai_Mistral-Nemo-Base-2407,match,26,10.205155,0.306785,0.875,10.336928,10.073382,leave_one_out,-0.06436533430788086
mistralai_Mistral-Nemo-Base-2407,match,27,10.472925,0.297826,0.875,10.638258,10.307591,leave_one_out,-0.06211076885462954
mistralai_Mistral-Nemo-Base-2407,match,28,10.804827,0.292705,0.875,10.983143,10.62651,leave_one_out,-0.06128813767643961
mistralai_Mistral-Nemo-Base-2407,match,29,10.899172,0.285545,0.85,11.141496,10.656848,leave_one_out,-0.058882092698330994
mistralai_Mistral-Nemo-Base-2407,match,30,11.356102,0.283182,0.85,11.608143,11.104061,leave_one_out,-0.0583338253023995
mistralai_Mistral-Nemo-Base-2407,match,31,12.150912,0.285064,0.875,12.466049,11.835775,leave_one_out,-0.05961786103432216
mistralai_Mistral-Nemo-Base-2407,match,32,12.65051,0.279205,0.875,13.070103,12.230917,leave_one_out,-0.0580769189201498
mistralai_Mistral-Nemo-Base-2407,match,33,13.356676,0.278553,0.875,13.954811,12.758541,leave_one_out,-0.05805478348716052
mistralai_Mistral-Nemo-Base-2407,match,34,13.801728,0.273584,0.875,14.418752,13.184704,leave_one_out,-0.05663681377210296
mistralai_Mistral-Nemo-Base-2407,match,35,14.795882,0.272861,0.875,15.588115,14.003649,leave_one_out,-0.057533692594197314
mistralai_Mistral-Nemo-Base-2407,match,36,15.772694,0.269843,0.875,16.648662,14.896727,leave_one_out,-0.05676802168116513
mistralai_Mistral-Nemo-Base-2407,match,37,17.014572,0.266017,0.875,17.961071,16.068072,leave_one_out,-0.05560718395525774
mistralai_Mistral-Nemo-Base-2407,match,38,18.65501,0.260235,0.875,19.515547,17.794474,leave_one_out,-0.05461673301631867
mistralai_Mistral-Nemo-Base-2407,match,39,21.190853,0.243086,0.875,21.806365,20.575341,leave_one_out,-0.05434128565416567
mistralai_Mistral-Nemo-Base-2407,match,40,36.448373,0.201288,0.85,37.330812,35.565933,leave_one_out,-0.052236787579568386
mistralai_Mistral-Nemo-Base-2407,pitch,0,0.0,0.0,0.0,0.0,0.0,leave_one_out,0.0
mistralai_Mistral-Nemo-Base-2407,pitch,1,0.077453,0.260269,0.75,0.031889,0.123018,leave_one_out,-0.06505496997789344
mistralai_Mistral-Nemo-Base-2407,pitch,2,0.207615,0.27449,0.875,0.083359,0.331872,leave_one_out,-0.06609370544060697
mistralai_Mistral-Nemo-Base-2407,pitch,3,0.423883,0.297335,0.9,0.230658,0.617107,leave_one_out,-0.07544556888152637
mistralai_Mistral-Nemo-Base-2407,pitch,4,0.870618,0.339216,0.85,0.567451,1.173784,leave_one_out,-0.08776837066303664
mistralai_Mistral-Nemo-Base-2407,pitch,5,1.335202,0.355867,0.875,0.89949,1.770914,leave_one_out,-0.09576351936665715
mistralai_Mistral-Nemo-Base-2407,pitch,6,1.703242,0.353414,0.85,1.151345,2.255139,leave_one_out,-0.09308210095741203
mistralai_Mistral-Nemo-Base-2407,pitch,7,2.152975,0.367525,0.85,1.522551,2.7834,leave_one_out,-0.09582385885164431
mistralai_Mistral-Nemo-Base-2407,pitch,8,2.399269,0.357804,0.85,1.729187,3.069351,leave_one_out,-0.08866097970606439
mistralai_Mistral-Nemo-Base-2407,pitch,9,2.691117,0.359171,0.85,1.95855,3.423684,leave_one_out,-0.08684620841448847
mistralai_Mistral-Nemo-Base-2407,pitch,10,2.832688,0.352323,0.85,2.071112,3.594265,leave_one_out,-0.08451465039853001
mistralai_Mistral-Nemo-Base-2407,pitch,11,3.077871,0.352638,0.875,2.240368,3.915373,leave_one_out,-0.08438618007458898
mistralai_Mistral-Nemo-Base-2407,pitch,12,3.122414,0.347929,0.875,2.25407,3.990758,leave_one_out,-0.08589258676768702
mistralai_Mistral-Nemo-Base-2407,pitch,13,3.34595,0.347782,0.9,2.395286,4.296614,leave_one_out,-0.0852579204188656
mistralai_Mistral-Nemo-Base-2407,pitch,14,3.419265,0.345348,0.9,2.436732,4.401799,leave_one_out,-0.08205463712498234
mistralai_Mistral-Nemo-Base-2407,pitch,15,3.626195,0.349824,0.9,2.57305,4.67934,leave_one_out,-0.08242907384661731
mistralai_Mistral-Nemo-Base-2407,pitch,16,3.870488,0.353727,0.9,2.710366,5.030609,leave_one_out,-0.08261760180574375
mistralai_Mistral-Nemo-Base-2407,pitch,17,4.098747,0.350625,0.9,2.898764,5.298729,leave_one_out,-0.08038011565524461
mistralai_Mistral-Nemo-Base-2407,pitch,18,4.562661,0.352645,0.9,3.135331,5.989992,leave_one_out,-0.08249161720522738
mistralai_Mistral-Nemo-Base-2407,pitch,19,6.129415,0.375091,0.9,4.267033,7.991798,leave_one_out,-0.09255955293647788
mistralai_Mistral-Nemo-Base-2407,pitch,20,6.807378,0.377241,0.9,4.703491,8.911264,leave_one_out,-0.09649563844423958
mistralai_Mistral-Nemo-Base-2407,pitch,21,7.66427,0.381318,0.9,5.298546,10.029995,leave_one_out,-0.09858247053596182
mistralai_Mistral-Nemo-Base-2407,pitch,22,9.318649,0.398394,0.875,6.558602,12.078696,leave_one_out,-0.10648656847725108
mistralai_Mistral-Nemo-Base-2407,pitch,23,10.921684,0.407489,0.875,7.589926,14.253442,leave_one_out,-0.10915833853064588
mistralai_Mistral-Nemo-Base-2407,pitch,24,13.128912,0.416174,0.875,9.337694,16.920129,leave_one_out,-0.11744246102160164
mistralai_Mistral-Nemo-Base-2407,pitch,25,15.25191,0.419404,0.875,10.754966,19.748854,leave_one_out,-0.11644745201960222
mistralai_Mistral-Nemo-Base-2407,pitch,26,16.411935,0.41606,0.875,11.537062,21.286809,leave_one_out,-0.11293760385794238
mistralai_Mistral-Nemo-Base-2407,pitch,27,17.420226,0.412222,0.875,12.154116,22.686336,leave_one_out,-0.1109618224616365
mistralai_Mistral-Nemo-Base-2407,pitch,28,17.74841,0.40427,0.875,12.246247,23.250574,leave_one_out,-0.10983319888260927
mistralai_Mistral-Nemo-Base-2407,pitch,29,18.196925,0.397813,0.875,12.373275,24.020576,leave_one_out,-0.109106259249746
mistralai_Mistral-Nemo-Base-2407,pitch,30,18.719373,0.392943,0.875,12.653466,24.785279,leave_one_out,-0.10700573004494261
mistralai_Mistral-Nemo-Base-2407,pitch,31,19.18968,0.387727,0.875,12.756749,25.622612,leave_one_out,-0.10428601877390324
mistralai_Mistral-Nemo-Base-2407,pitch,32,20.043242,0.381805,0.875,13.163265,26.923218,leave_one_out,-0.10141221635821934
mistralai_Mistral-Nemo-Base-2407,pitch,33,20.767325,0.379108,0.875,13.572438,27.962211,leave_one_out,-0.1006492289553208
mistralai_Mistral-Nemo-Base-2407,pitch,34,21.47464,0.373907,0.875,13.900241,29.049039,leave_one_out,-0.09825514535912043
mistralai_Mistral-Nemo-Base-2407,pitch,35,22.653053,0.370412,0.875,14.497755,30.80835,leave_one_out,-0.09667332219466392
mistralai_Mistral-Nemo-Base-2407,pitch,36,24.318236,0.368978,0.875,15.595323,33.04115,leave_one_out,-0.0960697443329454
mistralai_Mistral-Nemo-Base-2407,pitch,37,26.380565,0.365284,0.875,16.577738,36.183391,leave_one_out,-0.09572140291216083
mistralai_Mistral-Nemo-Base-2407,pitch,38,30.154362,0.365347,0.875,18.173513,42.13521,leave_one_out,-0.09466640919642917
mistralai_Mistral-Nemo-Base-2407,pitch,39,40.411524,0.37617,0.85,23.686819,57.136228,leave_one_out,-0.09503763559877716
mistralai_Mistral-Nemo-Base-2407,pitch,40,100.246758,0.387261,0.75,69.35141,131.142105,leave_one_out,-0.09903947830859214
allenai_OLMo-2-1124-7B,bank,0,0.0,0.0,0.0,0.0,0.0,leave_one_out,0.0
allenai_OLMo-2-1124-7B,bank,1,0.114379,0.178421,0.775,0.073861,0.154897,leave_one_out,-0.04075368481399411
allenai_OLMo-2-1124-7B,bank,2,0.405165,0.259814,0.8,0.271579,0.53875,leave_one_out,-0.06286615231807346
allenai_OLMo-2-1124-7B,bank,3,0.547717,0.264075,0.825,0.323679,0.771756,leave_one_out,-0.062085777241995155
allenai_OLMo-2-1124-7B,bank,4,0.803248,0.283075,0.825,0.520371,1.086125,leave_one_out,-0.07111345728257823
allenai_OLMo-2-1124-7B,bank,5,1.081325,0.295451,0.825,0.688646,1.474004,leave_one_out,-0.07480423020482896
allenai_OLMo-2-1124-7B,bank,6,1.527924,0.330062,0.825,0.994866,2.060981,leave_one_out,-0.08843791854951366
allenai_OLMo-2-1124-7B,bank,7,1.665703,0.324226,0.825,1.100889,2.230516,leave_one_out,-0.08583573299544367
allenai_OLMo-2-1124-7B,bank,8,1.754344,0.315446,0.825,1.162648,2.34604,leave_one_out,-0.08135516746538773
allenai_OLMo-2-1124-7B,bank,9,1.709882,0.289318,0.825,1.190062,2.229701,leave_one_out,-0.07108932959448733
allenai_OLMo-2-1124-7B,bank,10,1.804995,0.290235,0.825,1.255024,2.354966,leave_one_out,-0.07057592691447057
allenai_OLMo-2-1124-7B,bank,11,1.883574,0.291863,0.825,1.293783,2.473364,leave_one_out,-0.06998799157509972
allenai_OLMo-2-1124-7B,bank,12,1.858685,0.28466,0.825,1.267513,2.449856,leave_one_out,-0.06719162432148595
allenai_OLMo-2-1124-7B,bank,13,1.811468,0.27781,0.825,1.221596,2.40134,leave_one_out,-0.0637951608306585
allenai_OLMo-2-1124-7B,bank,14,1.784557,0.271745,0.825,1.24887,2.320244,leave_one_out,-0.06167416983337248
allenai_OLMo-2-1124-7B,bank,15,1.875971,0.272233,0.825,1.311669,2.440272,leave_one_out,-0.061406175813928376
allenai_OLMo-2-1124-7B,bank,16,2.222809,0.285247,0.825,1.579029,2.866588,leave_one_out,-0.06737782848881868
allenai_OLMo-2-1124-7B,bank,17,2.364482,0.283253,0.825,1.683951,3.045012,leave_one_out,-0.06664132607956863
allenai_OLMo-2-1124-7B,bank,18,2.532844,0.281435,0.825,1.822914,3.242775,leave_one_out,-0.06638011393676324
allenai_OLMo-2-1124-7B,bank,19,2.829018,0.284605,0.825,2.059049,3.598986,leave_one_out,-0.06657864073901631
allenai_OLMo-2-1124-7B,bank,20,3.017335,0.278907,0.825,2.220899,3.813772,leave_one_out,-0.06514933095010733
allenai_OLMo-2-1124-7B,bank,21,3.471167,0.283787,0.825,2.514765,4.42757,leave_one_out,-0.06616285323456084
allenai_OLMo-2-1124-7B,bank,22,3.63298,0.282175,0.825,2.613265,4.652695,leave_one_out,-0.06561581367409897
allenai_OLMo-2-1124-7B,bank,23,4.109076,0.281217,0.825,2.936531,5.28162,leave_one_out,-0.06483045260046238
allenai_OLMo-2-1124-7B,bank,24,4.394161,0.280911,0.825,3.125053,5.663269,leave_one_out,-0.06453431085523809
allenai_OLMo-2-1124-7B,bank,25,4.666748,0.279191,0.825,3.254616,6.07888,leave_one_out,-0.06394379924876903
allenai_OLMo-2-1124-7B,bank,26,4.908772,0.273769,0.825,3.425475,6.392069,leave_one_out,-0.061896447899167595
allenai_OLMo-2-1124-7B,bank,27,5.222889,0.265403,0.825,3.58241,6.863369,leave_one_out,-0.05885490108503366
allenai_OLMo-2-1124-7B,bank,28,5.49489,0.263607,0.825,3.792531,7.197249,leave_one_out,-0.05861449481074521
allenai_OLMo-2-1124-7B,bank,29,5.824467,0.262461,0.825,4.040488,7.608447,leave_one_out,-0.05784759401664996
allenai_OLMo-2-1124-7B,bank,30,6.18184,0.256462,0.825,4.383545,7.980135,leave_one_out,-0.05796451653861223
allenai_OLMo-2-1124-7B,bank,31,6.513149,0.2456,0.825,4.758621,8.267678,leave_one_out,-0.05720633177379775
allenai_OLMo-2-1124-7B,bank,32,8.182666,0.23233,0.825,6.710734,9.654599,leave_one_out,-0.055826426915730365
allenai_OLMo-2-1124-7B,bark,0,0.0,0.0,0.0,0.0,0.0,leave_one_out,0.0
allenai_OLMo-2-1124-7B,bark,1,0.183785,0.203865,0.7,0.185615,0.181956,leave_one_out,-0.048453554080700845
allenai_OLMo-2-1124-7B,bark,2,0.305177,0.216658,0.825,0.24946,0.360894,leave_one_out,-0.05117839883868236
allenai_OLMo-2-1124-7B,bark,3,0.462033,0.224231,0.875,0.347966,0.576101,leave_one_out,-0.05189866339255833
allenai_OLMo-2-1124-7B,bark,4,0.901114,0.282379,0.875,0.735867,1.06636,leave_one_out,-0.07242822238268043
allenai_OLMo-2-1124-7B,bark,5,1.37064,0.315204,0.9,1.114649,1.626631,leave_one_out,-0.08358855202316984
allenai_OLMo-2-1124-7B,bark,6,1.721119,0.331495,0.9,1.471769,1.970469,leave_one_out,-0.09070179091039476
allenai_OLMo-2-1124-7B,bark,7,2.230301,0.358178,0.9,1.9693,2.491302,leave_one_out,-0.10002697820334605
allenai_OLMo-2-1124-7B,bark,8,2.239216,0.345058,0.925,1.957674,2.520758,leave_one_out,-0.09482221343614461
allenai_OLMo-2-1124-7B,bark,9,2.226604,0.324916,0.925,1.94241,2.510798,leave_one_out,-0.0863118481994537
allenai_OLMo-2-1124-7B,bark,10,2.281909,0.321158,0.925,1.987664,2.576154,leave_one_out,-0.08484228384274073
allenai_OLMo-2-1124-7B,bark,11,2.508767,0.331843,0.925,2.188201,2.829333,leave_one_out,-0.08884319115822037
allenai_OLMo-2-1124-7B,bark,12,2.507661,0.325442,0.925,2.197788,2.817534,leave_one_out,-0.08700792727675277
allenai_OLMo-2-1124-7B,bark,13,2.462414,0.318806,0.925,2.167116,2.757712,leave_one_out,-0.0843132982732594
allenai_OLMo-2-1124-7B,bark,14,2.463849,0.315078,0.925,2.158584,2.769114,leave_one_out,-0.08328054254996209
allenai_OLMo-2-1124-7B,bark,15,2.535992,0.313632,0.925,2.25906,2.812925,leave_one_out,-0.08170157820159218
allenai_OLMo-2-1124-7B,bark,16,2.705371,0.313034,0.925,2.404077,3.006665,leave_one_out,-0.08126581742532024
allenai_OLMo-2-1124-7B,bark,17,3.174556,0.323601,0.925,2.851581,3.497531,leave_one_out,-0.08607685306962609
allenai_OLMo-2-1124-7B,bark,18,3.47897,0.323908,0.925,3.111435,3.846505,leave_one_out,-0.08764538060186333
allenai_OLMo-2-1124-7B,bark,19,3.966395,0.332514,0.925,3.541178,4.391612,leave_one_out,-0.09152044160317763
allenai_OLMo-2-1124-7B,bark,20,4.290964,0.329162,0.925,3.82852,4.753409,leave_one_out,-0.08885699827637694
allenai_OLMo-2-1124-7B,bark,21,4.509479,0.321499,0.925,3.982064,5.036894,leave_one_out,-0.08479226209893997
allenai_OLMo-2-1124-7B,bark,22,5.094869,0.330339,0.925,4.466765,5.722973,leave_one_out,-0.08773514096713841
allenai_OLMo-2-1124-7B,bark,23,5.557618,0.326311,0.925,4.882027,6.233209,leave_one_out,-0.08633655557508002
allenai_OLMo-2-1124-7B,bark,24,6.126455,0.330564,0.925,5.341088,6.911821,leave_one_out,-0.08729750476465092
allenai_OLMo-2-1124-7B,bark,25,6.749096,0.333498,0.925,5.872777,7.625414,leave_one_out,-0.08780282371438597
allenai_OLMo-2-1124-7B,bark,26,7.136498,0.327831,0.925,6.159117,8.11388,leave_one_out,-0.08525289261889069
allenai_OLMo-2-1124-7B,bark,27,7.503227,0.321242,0.925,6.46986,8.536594,leave_one_out,-0.08155936971578759
allenai_OLMo-2-1124-7B,bark,28,7.789447,0.316511,0.925,6.680778,8.898116,leave_one_out,-0.08018936423640677
allenai_OLMo-2-1124-7B,bark,29,7.919613,0.309016,0.925,6.751097,9.088128,leave_one_out,-0.07811226607264221
allenai_OLMo-2-1124-7B,bark,30,8.225687,0.299591,0.925,7.037073,9.414301,leave_one_out,-0.07599888580245129
allenai_OLMo-2-1124-7B,bark,31,8.380549,0.282319,0.925,7.231951,9.529147,leave_one_out,-0.0741290151762678
allenai_OLMo-2-1124-7B,bark,32,10.821874,0.274044,0.925,9.727742,11.916006,leave_one_out,-0.07238867693413265
allenai_OLMo-2-1124-7B,bat,0,0.118795,0.162281,0.6,0.919175,-0.681586,leave_one_out,-0.029457169528908755
allenai_OLMo-2-1124-7B,bat,1,0.202593,0.174299,0.6,0.40888,-0.003694,leave_one_out,-0.045201179894807986
allenai_OLMo-2-1124-7B,bat,2,0.251339,0.180925,0.75,0.381237,0.121441,leave_one_out,-0.042211691688203046
allenai_OLMo-2-1124-7B,bat,3,0.413781,0.201438,0.875,0.460339,0.367223,leave_one_out,-0.04187843703165228
allenai_OLMo-2-1124-7B,bat,4,0.919173,0.283041,0.95,0.86475,0.973595,leave_one_out,-0.06671707492005685
allenai_OLMo-2-1124-7B,bat,5,1.286248,0.309902,0.95,1.177308,1.395187,leave_one_out,-0.07603264103551122
allenai_OLMo-2-1124-7B,bat,6,1.777735,0.343765,0.95,1.617645,1.937824,leave_one_out,-0.09079531037420285
allenai_OLMo-2-1124-7B,bat,7,2.49235,0.390244,0.95,2.297305,2.687395,leave_one_out,-0.11129376348680253
allenai_OLMo-2-1124-7B,bat,8,2.822359,0.400491,0.95,2.596133,3.048586,leave_one_out,-0.11598133886073514
allenai_OLMo-2-1124-7B,bat,9,2.845573,0.380095,0.95,2.582478,3.108668,leave_one_out,-0.10745184889920523
allenai_OLMo-2-1124-7B,bat,10,3.078328,0.387659,0.95,2.776378,3.380277,leave_one_out,-0.11119836020014962
allenai_OLMo-2-1124-7B,bat,11,3.259742,0.393286,0.95,2.922781,3.596703,leave_one_out,-0.1144252714595958
allenai_OLMo-2-1124-7B,bat,12,3.342604,0.39244,0.95,2.985395,3.699813,leave_one_out,-0.11421410699661627
allenai_OLMo-2-1124-7B,bat,13,3.251987,0.387026,0.95,2.891584,3.61239,leave_one_out,-0.11019519470900818
allenai_OLMo-2-1124-7B,bat,14,3.2256,0.383588,0.95,2.866734,3.584466,leave_one_out,-0.10886946990469959
allenai_OLMo-2-1124-7B,bat,15,3.422983,0.390201,0.95,3.061006,3.784959,leave_one_out,-0.11263836108901737
allenai_OLMo-2-1124-7B,bat,16,3.562093,0.384207,0.95,3.120304,4.003882,leave_one_out,-0.10986216049994613
allenai_OLMo-2-1124-7B,bat,17,3.808363,0.38179,0.95,3.313669,4.303056,leave_one_out,-0.10758764385467723
allenai_OLMo-2-1124-7B,bat,18,4.010266,0.37242,0.95,3.508329,4.512203,leave_one_out,-0.10258974646285834
allenai_OLMo-2-1124-7B,bat,19,4.35797,0.372529,0.95,3.823117,4.892822,leave_one_out,-0.10108345938899
allenai_OLMo-2-1124-7B,bat,20,4.393954,0.351669,0.95,3.703002,5.084905,leave_one_out,-0.09129331718199984
allenai_OLMo-2-1124-7B,bat,21,5.198883,0.362277,0.95,4.420997,5.976769,leave_one_out,-0.09706163017944991
allenai_OLMo-2-1124-7B,bat,22,5.992144,0.373502,0.95,5.148664,6.835625,leave_one_out,-0.10274186778245553
allenai_OLMo-2-1124-7B,bat,23,6.516038,0.364773,0.95,5.54413,7.487945,leave_one_out,-0.09955459108887366
allenai_OLMo-2-1124-7B,bat,24,7.279656,0.368608,0.95,6.247277,8.312035,leave_one_out,-0.10169294004126161
allenai_OLMo-2-1124-7B,bat,25,7.887951,0.366364,0.95,6.836194,8.939708,leave_one_out,-0.1006025824033222
allenai_OLMo-2-1124-7B,bat,26,8.513385,0.364737,0.95,7.377351,9.649419,leave_one_out,-0.09953428696172595
allenai_OLMo-2-1124-7B,bat,27,9.083608,0.359849,0.95,7.825011,10.342205,leave_one_out,-0.09706009781665925
allenai_OLMo-2-1124-7B,bat,28,9.44041,0.354095,0.95,8.137668,10.743152,leave_one_out,-0.09363731636563966
allenai_OLMo-2-1124-7B,bat,29,9.974406,0.351925,0.95,8.611269,11.337543,leave_one_out,-0.09203048807678416
allenai_OLMo-2-1124-7B,bat,30,10.839173,0.350626,0.95,9.301083,12.377262,leave_one_out,-0.0905433768000582
allenai_OLMo-2-1124-7B,bat,31,12.196442,0.349943,0.925,10.540386,13.852498,leave_one_out,-0.0874984013566088
allenai_OLMo-2-1124-7B,bat,32,17.513972,0.351927,0.925,15.777301,19.250642,leave_one_out,-0.08711579852818818
allenai_OLMo-2-1124-7B,crane,0,0.812112,0.344572,0.675,-0.987661,2.611885,leave_one_out,-0.11932014749325126
allenai_OLMo-2-1124-7B,crane,1,0.624739,0.263705,0.675,-0.245531,1.49501,leave_one_out,-0.07111165859694635
allenai_OLMo-2-1124-7B,crane,2,0.529178,0.239194,0.675,-0.113393,1.171749,leave_one_out,-0.057004274855379844
allenai_OLMo-2-1124-7B,crane,3,0.499629,0.213851,0.675,0.029889,0.96937,leave_one_out,-0.04445995511202394
allenai_OLMo-2-1124-7B,crane,4,0.563503,0.206989,0.775,0.221418,0.905588,leave_one_out,-0.04199101945189532
allenai_OLMo-2-1124-7B,crane,5,0.773378,0.227106,0.775,0.467202,1.079554,leave_one_out,-0.04711809881306839
allenai_OLMo-2-1124-7B,crane,6,0.856008,0.229528,0.8,0.582583,1.129433,leave_one_out,-0.047419806494250594
allenai_OLMo-2-1124-7B,crane,7,1.089702,0.250635,0.8,0.836234,1.343169,leave_one_out,-0.05367963757472605
allenai_OLMo-2-1124-7B,crane,8,1.140815,0.245299,0.8,0.889495,1.392135,leave_one_out,-0.051486058562490555
allenai_OLMo-2-1124-7B,crane,9,1.145272,0.230896,0.8,0.923128,1.367416,leave_one_out,-0.04649305725050845
allenai_OLMo-2-1124-7B,crane,10,1.229048,0.235666,0.8,0.992073,1.466023,leave_one_out,-0.04727047861782685
allenai_OLMo-2-1124-7B,crane,11,1.353633,0.245547,0.8,1.061792,1.645475,leave_one_out,-0.050670613748087345
allenai_OLMo-2-1124-7B,crane,12,1.367194,0.24223,0.8,1.086485,1.647903,leave_one_out,-0.048651995906464074
allenai_OLMo-2-1124-7B,crane,13,1.331606,0.237018,0.8,1.067656,1.595555,leave_one_out,-0.04702897379013793
allenai_OLMo-2-1124-7B,crane,14,1.340351,0.235038,0.8,1.068069,1.612633,leave_one_out,-0.04623825206585719
allenai_OLMo-2-1124-7B,crane,15,1.364012,0.234252,0.8,1.085662,1.642363,leave_one_out,-0.04593961495925869
allenai_OLMo-2-1124-7B,crane,16,1.375767,0.230047,0.8,1.105061,1.646473,leave_one_out,-0.044660087428147976
allenai_OLMo-2-1124-7B,crane,17,1.462623,0.227884,0.8,1.197242,1.728004,leave_one_out,-0.04433979307206393
allenai_OLMo-2-1124-7B,crane,18,1.517089,0.22054,0.8,1.251926,1.782252,leave_one_out,-0.04158458938419651
allenai_OLMo-2-1124-7B,crane,19,1.843058,0.235356,0.8,1.563836,2.12228,leave_one_out,-0.04608288543355754
allenai_OLMo-2-1124-7B,crane,20,1.762449,0.217054,0.8,1.482843,2.042055,leave_one_out,-0.040695804742986064
allenai_OLMo-2-1124-7B,crane,21,2.006452,0.220054,0.8,1.728946,2.283957,leave_one_out,-0.0421137790850884
allenai_OLMo-2-1124-7B,crane,22,2.431821,0.23518,0.8,2.146165,2.717477,leave_one_out,-0.04754036943197415
allenai_OLMo-2-1124-7B,crane,23,2.628832,0.230655,0.8,2.303972,2.953691,leave_one_out,-0.045975542856059426
allenai_OLMo-2-1124-7B,crane,24,2.916374,0.233581,0.8,2.571364,3.261383,leave_one_out,-0.04669790717236921
allenai_OLMo-2-1124-7B,crane,25,3.521352,0.244475,0.8,3.164677,3.878027,leave_one_out,-0.050055634405062666
allenai_OLMo-2-1124-7B,crane,26,3.810582,0.243452,0.8,3.409474,4.21169,leave_one_out,-0.050011862468927304
allenai_OLMo-2-1124-7B,crane,27,4.024693,0.237985,0.8,3.632898,4.416488,leave_one_out,-0.04784458369400568
allenai_OLMo-2-1124-7B,crane,28,4.233573,0.23481,0.8,3.812555,4.65459,leave_one_out,-0.046909439453293955
allenai_OLMo-2-1124-7B,crane,29,4.517762,0.233647,0.8,4.030167,5.005357,leave_one_out,-0.047093157415109776
allenai_OLMo-2-1124-7B,crane,30,4.642504,0.223923,0.8,4.146269,5.138739,leave_one_out,-0.04516230569815449
allenai_OLMo-2-1124-7B,crane,31,4.923818,0.214012,0.8,4.154483,5.693153,leave_one_out,-0.042578350477330495
allenai_OLMo-2-1124-7B,crane,32,7.530223,0.221077,0.8,5.369027,9.691418,leave_one_out,-0.04030307412638523
allenai_OLMo-2-1124-7B,spring,0,0.262379,0.25,0.625,-0.721543,1.2463,leave_one_out,-0.07956175867712717
allenai_OLMo-2-1124-7B,spring,1,0.839576,0.398334,0.9,0.365294,1.313859,leave_one_out,-0.19093549763607176
allenai_OLMo-2-1124-7B,spring,2,1.023598,0.402827,0.925,0.620182,1.427014,leave_one_out,-0.17383600324526305
allenai_OLMo-2-1124-7B,spring,3,1.13553,0.38396,0.925,0.751717,1.519343,leave_one_out,-0.1542824433715546
allenai_OLMo-2-1124-7B,spring,4,1.404526,0.385315,0.975,1.117778,1.691274,leave_one_out,-0.14582969003916424
allenai_OLMo-2-1124-7B,spring,5,1.635489,0.377036,0.975,1.39117,1.879809,leave_one_out,-0.13863408409861255
allenai_OLMo-2-1124-7B,spring,6,1.982155,0.389832,0.975,1.767006,2.197305,leave_one_out,-0.14378638255544884
allenai_OLMo-2-1124-7B,spring,7,2.4041,0.398428,0.975,2.227273,2.580926,leave_one_out,-0.14594480555166878
allenai_OLMo-2-1124-7B,spring,8,2.568121,0.391406,0.975,2.375676,2.760566,leave_one_out,-0.14179575287761992
allenai_OLMo-2-1124-7B,spring,9,2.694241,0.375936,0.975,2.508089,2.880394,leave_one_out,-0.1331488493561257
allenai_OLMo-2-1124-7B,spring,10,2.800895,0.374007,0.975,2.578941,3.022849,leave_one_out,-0.13228861827758343
allenai_OLMo-2-1124-7B,spring,11,2.926968,0.374301,0.975,2.701046,3.15289,leave_one_out,-0.133060590348149
allenai_OLMo-2-1124-7B,spring,12,2.906733,0.367553,0.95,2.651955,3.16151,leave_one_out,-0.12974232142912645
allenai_OLMo-2-1124-7B,spring,13,2.944582,0.365568,0.975,2.654852,3.234311,leave_one_out,-0.1264164710719652
allenai_OLMo-2-1124-7B,spring,14,3.023014,0.365273,0.95,2.679213,3.366814,leave_one_out,-0.12654714208146534
allenai_OLMo-2-1124-7B,spring,15,3.026768,0.360038,0.95,2.663903,3.389632,leave_one_out,-0.125071914612498
allenai_OLMo-2-1124-7B,spring,16,3.302159,0.362851,0.95,2.888281,3.716038,leave_one_out,-0.12746641734395903
allenai_OLMo-2-1124-7B,spring,17,3.589843,0.364219,0.975,3.099165,4.08052,leave_one_out,-0.12695432046473576
allenai_OLMo-2-1124-7B,spring,18,3.810925,0.363026,0.975,3.260019,4.361832,leave_one_out,-0.12656831430111537
allenai_OLMo-2-1124-7B,spring,19,4.197961,0.366578,0.975,3.575274,4.820647,leave_one_out,-0.130443358662357
allenai_OLMo-2-1124-7B,spring,20,4.698267,0.370233,0.975,3.961153,5.435381,leave_one_out,-0.13201085853383243
allenai_OLMo-2-1124-7B,spring,21,5.273096,0.371366,0.975,4.436051,6.110141,leave_one_out,-0.13338883175371474
allenai_OLMo-2-1124-7B,spring,22,6.035854,0.382567,0.975,5.172579,6.899129,leave_one_out,-0.14028213506103748
allenai_OLMo-2-1124-7B,spring,23,6.639183,0.376253,0.975,5.696617,7.581749,leave_one_out,-0.13647995264808666
allenai_OLMo-2-1124-7B,spring,24,7.185555,0.376803,0.975,6.251029,8.12008,leave_one_out,-0.13616312831564314
allenai_OLMo-2-1124-7B,spring,25,7.548662,0.372071,0.975,6.610073,8.487252,leave_one_out,-0.13362050112491397
allenai_OLMo-2-1124-7B,spring,26,8.009468,0.366418,0.975,7.063831,8.955106,leave_one_out,-0.13012736773819167
allenai_OLMo-2-1124-7B,spring,27,8.257397,0.355756,0.975,7.272735,9.242059,leave_one_out,-0.12401714751716286
allenai_OLMo-2-1124-7B,spring,28,8.551583,0.350695,0.975,7.543307,9.55986,leave_one_out,-0.12081689889609448
allenai_OLMo-2-1124-7B,spring,29,9.031932,0.349537,0.975,8.000369,10.063496,leave_one_out,-0.11976271305795516
allenai_OLMo-2-1124-7B,spring,30,9.861318,0.349006,0.975,8.625347,11.097289,leave_one_out,-0.11774276591321742
allenai_OLMo-2-1124-7B,spring,31,11.495159,0.353683,0.95,9.757458,13.23286,leave_one_out,-0.11507711656998765
allenai_OLMo-2-1124-7B,spring,32,17.662475,0.359989,0.95,15.384246,19.940703,leave_one_out,-0.11700073780782849
allenai_OLMo-2-1124-7B,match,0,0.147805,0.25,0.625,0.702073,-0.406463,leave_one_out,-0.07949372479316169
allenai_OLMo-2-1124-7B,match,1,0.116709,0.148649,0.675,0.214846,0.018571,leave_one_out,-0.03324127134208277
allenai_OLMo-2-1124-7B,match,2,0.252671,0.190474,0.7,0.270363,0.234979,leave_one_out,-0.03788061192769643
allenai_OLMo-2-1124-7B,match,3,0.38487,0.195439,0.75,0.399366,0.370373,leave_one_out,-0.03633261988748404
allenai_OLMo-2-1124-7B,match,4,0.766807,0.254813,0.75,0.797779,0.735835,leave_one_out,-0.053847172202460825
allenai_OLMo-2-1124-7B,match,5,0.988215,0.265066,0.775,1.031084,0.945346,leave_one_out,-0.05758323754609718
allenai_OLMo-2-1124-7B,match,6,1.46495,0.305243,0.875,1.555944,1.373955,leave_one_out,-0.07216110911109841
allenai_OLMo-2-1124-7B,match,7,1.831128,0.322888,0.875,1.971132,1.691125,leave_one_out,-0.07815128754239409
allenai_OLMo-2-1124-7B,match,8,1.993762,0.324893,0.875,2.159402,1.828123,leave_one_out,-0.07911227981870905
allenai_OLMo-2-1124-7B,match,9,1.967086,0.304556,0.875,2.103556,1.830615,leave_one_out,-0.07053540294441452
allenai_OLMo-2-1124-7B,match,10,2.223557,0.316782,0.875,2.399997,2.047117,leave_one_out,-0.07468831462666992
allenai_OLMo-2-1124-7B,match,11,2.447515,0.325951,0.875,2.667486,2.227544,leave_one_out,-0.07814026403911634
allenai_OLMo-2-1124-7B,match,12,2.460217,0.319921,0.875,2.663561,2.256872,leave_one_out,-0.07564054218880012
allenai_OLMo-2-1124-7B,match,13,2.469679,0.317862,0.875,2.668601,2.270758,leave_one_out,-0.07451060816654198
allenai_OLMo-2-1124-7B,match,14,2.554198,0.320257,0.875,2.747973,2.360423,leave_one_out,-0.07526903231931759
allenai_OLMo-2-1124-7B,match,15,2.774169,0.327234,0.875,2.999731,2.548607,leave_one_out,-0.07841671222371016
allenai_OLMo-2-1124-7B,match,16,3.016737,0.328594,0.875,3.284667,2.748806,leave_one_out,-0.07826162585506102
allenai_OLMo-2-1124-7B,match,17,3.262776,0.328027,0.875,3.550116,2.975436,leave_one_out,-0.07847490981222804
allenai_OLMo-2-1124-7B,match,18,3.429595,0.32047,0.875,3.728724,3.130467,leave_one_out,-0.07392833439811675
allenai_OLMo-2-1124-7B,match,19,3.824494,0.324617,0.875,4.041948,3.60704,leave_one_out,-0.07525313919308052
allenai_OLMo-2-1124-7B,match,20,3.896413,0.308053,0.875,4.175854,3.616972,leave_one_out,-0.06873749857629219
allenai_OLMo-2-1124-7B,match,21,4.328841,0.309123,0.875,4.633021,4.02466,leave_one_out,-0.06930138031919786
allenai_OLMo-2-1124-7B,match,22,5.428293,0.334673,0.875,5.826813,5.029773,leave_one_out,-0.08142735636852416
allenai_OLMo-2-1124-7B,match,23,5.596788,0.319805,0.875,5.910537,5.283038,leave_one_out,-0.07499604151181005
allenai_OLMo-2-1124-7B,match,24,6.246317,0.324581,0.875,6.608584,5.88405,leave_one_out,-0.07649140267145027
allenai_OLMo-2-1124-7B,match,25,6.754761,0.323199,0.875,7.273266,6.236255,leave_one_out,-0.07676585377012446
allenai_OLMo-2-1124-7B,match,26,7.142814,0.318103,0.875,7.726317,6.559311,leave_one_out,-0.07444702942403048
allenai_OLMo-2-1124-7B,match,27,7.477785,0.310261,0.875,8.02941,6.926161,leave_one_out,-0.07125659851334143
allenai_OLMo-2-1124-7B,match,28,7.730934,0.305362,0.875,8.355838,7.10603,leave_one_out,-0.06874270768873147
allenai_OLMo-2-1124-7B,match,29,8.013419,0.300763,0.875,8.740696,7.286142,leave_one_out,-0.06695111666611908
allenai_OLMo-2-1124-7B,match,30,8.416159,0.293877,0.875,9.108376,7.723942,leave_one_out,-0.0653429036683999
allenai_OLMo-2-1124-7B,match,31,8.841114,0.283206,0.875,9.429364,8.252865,leave_one_out,-0.06383181091474344
allenai_OLMo-2-1124-7B,match,32,11.617262,0.277453,0.875,12.331633,10.90289,leave_one_out,-0.062453018282781714
allenai_OLMo-2-1124-7B,pitch,0,0.0,0.0,0.0,0.0,0.0,leave_one_out,0.0
allenai_OLMo-2-1124-7B,pitch,1,0.150776,0.213639,0.675,0.101638,0.199915,leave_one_out,-0.05015048771431574
allenai_OLMo-2-1124-7B,pitch,2,0.308848,0.242175,0.725,0.182408,0.435288,leave_one_out,-0.05573059855649487
allenai_OLMo-2-1124-7B,pitch,3,0.439621,0.247445,0.825,0.237324,0.641917,leave_one_out,-0.056870512446822286
allenai_OLMo-2-1124-7B,pitch,4,0.713824,0.270927,0.825,0.458215,0.969433,leave_one_out,-0.06433744511634376
allenai_OLMo-2-1124-7B,pitch,5,1.008861,0.290456,0.825,0.64974,1.367982,leave_one_out,-0.07061250319179047
allenai_OLMo-2-1124-7B,pitch,6,1.275232,0.303753,0.825,0.882406,1.668059,leave_one_out,-0.07487022031326462
allenai_OLMo-2-1124-7B,pitch,7,1.54776,0.31276,0.825,1.138028,1.957492,leave_one_out,-0.07859986693055276
allenai_OLMo-2-1124-7B,pitch,8,1.605612,0.307154,0.825,1.149942,2.061281,leave_one_out,-0.07623684184188273
allenai_OLMo-2-1124-7B,pitch,9,1.64495,0.293143,0.825,1.147421,2.142479,leave_one_out,-0.07195046467652111
allenai_OLMo-2-1124-7B,pitch,10,1.690503,0.29191,0.85,1.172422,2.208585,leave_one_out,-0.07154770846365655
allenai_OLMo-2-1124-7B,pitch,11,1.772612,0.295731,0.85,1.242087,2.303137,leave_one_out,-0.07140171399277795
allenai_OLMo-2-1124-7B,pitch,12,1.75449,0.288664,0.85,1.214933,2.294047,leave_one_out,-0.06855962415310823
allenai_OLMo-2-1124-7B,pitch,13,1.760282,0.288893,0.825,1.207798,2.312767,leave_one_out,-0.06775940095284516
allenai_OLMo-2-1124-7B,pitch,14,1.895522,0.296962,0.825,1.287132,2.503912,leave_one_out,-0.07026767876250906
allenai_OLMo-2-1124-7B,pitch,15,2.05705,0.303996,0.825,1.360437,2.753663,leave_one_out,-0.07298258149415571
allenai_OLMo-2-1124-7B,pitch,16,2.249207,0.305243,0.825,1.455174,3.043241,leave_one_out,-0.07361651456749185
allenai_OLMo-2-1124-7B,pitch,17,2.398328,0.303035,0.825,1.49023,3.306426,leave_one_out,-0.07337655353965877
allenai_OLMo-2-1124-7B,pitch,18,2.754486,0.311974,0.825,1.655347,3.853625,leave_one_out,-0.0771137271861273
allenai_OLMo-2-1124-7B,pitch,19,3.507105,0.335353,0.825,2.051792,4.962418,leave_one_out,-0.0873090575735167
allenai_OLMo-2-1124-7B,pitch,20,4.017879,0.336031,0.825,2.396493,5.639264,leave_one_out,-0.08823138311102274
allenai_OLMo-2-1124-7B,pitch,21,4.644466,0.3424,0.825,2.759739,6.529193,leave_one_out,-0.09117678316925859
allenai_OLMo-2-1124-7B,pitch,22,5.190783,0.348493,0.825,3.145569,7.235996,leave_one_out,-0.09304169214273428
allenai_OLMo-2-1124-7B,pitch,23,5.618739,0.338317,0.825,3.361752,7.875726,leave_one_out,-0.08812939726490587
allenai_OLMo-2-1124-7B,pitch,24,5.970674,0.335685,0.825,3.559546,8.381802,leave_one_out,-0.08726905830018361
allenai_OLMo-2-1124-7B,pitch,25,6.417264,0.334329,0.825,3.842186,8.992342,leave_one_out,-0.08726885394088957
allenai_OLMo-2-1124-7B,pitch,26,6.741984,0.328693,0.825,4.054391,9.429578,leave_one_out,-0.08485681839598913
allenai_OLMo-2-1124-7B,pitch,27,7.070867,0.32006,0.825,4.071456,10.070278,leave_one_out,-0.08196699367918936
allenai_OLMo-2-1124-7B,pitch,28,7.332827,0.315572,0.825,4.253551,10.412104,leave_one_out,-0.0797930603049074
allenai_OLMo-2-1124-7B,pitch,29,7.755243,0.314128,0.825,4.520866,10.98962,leave_one_out,-0.07823562818820129
allenai_OLMo-2-1124-7B,pitch,30,8.575571,0.315608,0.8,4.948562,12.20258,leave_one_out,-0.0764832552507595
allenai_OLMo-2-1124-7B,pitch,31,10.313134,0.327352,0.8,5.974767,14.651502,leave_one_out,-0.0762780726803658
allenai_OLMo-2-1124-7B,pitch,32,15.624784,0.342924,0.775,10.464581,20.784987,leave_one_out,-0.07821173953403204
