model,word,held_out_sentence_index,sense,selected_layer,last_layer,M_raw_selected,M_norm_selected,adequate_selected,M_raw_last,M_norm_last,adequate_last
answerdotai_ModernBERT-large,bank,0,0,24,28,53.958809,0.474899,True,83.556046,0.475649,True
answerdotai_ModernBERT-large,bank,1,0,25,28,77.569473,0.577888,True,87.030884,0.499568,True
answerdotai_ModernBERT-large,bank,2,0,25,28,54.988327,0.406394,True,57.283554,0.325344,True
answerdotai_ModernBERT-large,bank,3,0,23,28,14.465126,0.144017,True,36.578049,0.204849,True
answerdotai_ModernBERT-large,bank,4,0,24,28,62.546288,0.550487,True,91.888672,0.522483,True
answerdotai_ModernBERT-large,bank,5,0,24,28,61.943108,0.54619,True,85.096458,0.48332,True
answerdotai_ModernBERT-large,bank,6,0,25,28,71.678879,0.531619,True,88.265808,0.50567,True
answerdotai_ModernBERT-large,bank,7,0,23,28,36.91695,0.370618,True,72.900047,0.411165,True
answerdotai_ModernBERT-large,bank,8,0,24,28,56.473808,0.500368,True,67.336914,0.383208,True
answerdotai_ModernBERT-large,bank,9,0,24,28,57.103809,0.501298,True,83.64534,0.474112,True
answerdotai_ModernBERT-large,bank,10,0,25,28,87.874352,0.653951,True,100.970352,0.577673,True
answerdotai_ModernBERT-large,bank,11,0,25,28,70.521576,0.522698,True,82.174881,0.468732,True
answerdotai_ModernBERT-large,bank,12,0,24,28,57.981544,0.510748,True,87.100281,0.49559,True
answerdotai_ModernBERT-large,bank,13,0,24,28,76.040497,0.674625,True,97.821899,0.558968,True
answerdotai_ModernBERT-large,bank,14,0,24,28,46.348831,0.405517,True,75.84314,0.428997,True
answerdotai_ModernBERT-large,bank,15,0,25,28,75.454445,0.563248,True,87.530197,0.503294,True
answerdotai_ModernBERT-large,bank,16,0,25,28,88.463249,0.661591,True,92.420258,0.529436,True
answerdotai_ModernBERT-large,bank,17,0,24,28,52.98201,0.468867,True,73.370392,0.417969,True
answerdotai_ModernBERT-large,bank,18,0,24,28,41.788292,0.36563,True,64.069168,0.362179,True
answerdotai_ModernBERT-large,bank,19,0,26,28,-3.862556,-0.025344,False,16.694168,0.092986,True
answerdotai_ModernBERT-large,bank,20,1,24,28,85.398384,0.760237,True,125.339218,0.719308,True
answerdotai_ModernBERT-large,bank,21,1,24,28,66.741226,0.588787,True,108.256195,0.616604,True
answerdotai_ModernBERT-large,bank,22,1,24,28,69.896896,0.618238,True,106.61277,0.607299,True
answerdotai_ModernBERT-large,bank,23,1,24,28,67.120575,0.592027,True,107.121155,0.61066,True
answerdotai_ModernBERT-large,bank,24,1,25,28,45.46727,0.331505,True,43.955109,0.246261,True
answerdotai_ModernBERT-large,bank,25,1,24,28,67.841919,0.599006,True,108.782295,0.620569,True
answerdotai_ModernBERT-large,bank,26,1,25,28,71.736252,0.526676,True,84.500008,0.477945,True
answerdotai_ModernBERT-large,bank,27,1,24,28,72.926849,0.64441,True,120.12999,0.687107,True
answerdotai_ModernBERT-large,bank,28,1,24,28,59.250015,0.521254,True,96.054703,0.546022,True
answerdotai_ModernBERT-large,bank,29,1,24,28,82.200348,0.730993,True,130.66008,0.748718,True
answerdotai_ModernBERT-large,bank,30,1,24,28,76.632416,0.679531,True,113.072083,0.64499,True
answerdotai_ModernBERT-large,bank,31,1,24,28,69.599548,0.612773,True,111.981621,0.636466,True
answerdotai_ModernBERT-large,bank,32,1,25,28,45.278374,0.330589,True,59.0662,0.33231,True
answerdotai_ModernBERT-large,bank,33,1,25,28,70.677536,0.518591,True,83.97982,0.474089,True
answerdotai_ModernBERT-large,bank,34,1,24,28,73.241432,0.646317,True,99.513237,0.564643,True
answerdotai_ModernBERT-large,bank,35,1,24,28,69.736122,0.614736,True,115.826248,0.660664,True
answerdotai_ModernBERT-large,bank,36,1,24,28,77.839264,0.690585,True,123.633934,0.707709,True
answerdotai_ModernBERT-large,bank,37,1,24,28,78.857788,0.696643,True,112.211288,0.637734,True
answerdotai_ModernBERT-large,bank,38,1,24,28,84.434212,0.749656,True,126.804062,0.725341,True
answerdotai_ModernBERT-large,bank,39,1,24,28,55.57748,0.486837,True,82.489731,0.46641,True
answerdotai_ModernBERT-large,bark,0,0,25,28,89.474266,0.673317,True,103.997192,0.637679,True
answerdotai_ModernBERT-large,bark,1,0,25,28,60.172768,0.44367,True,51.613113,0.309112,True
answerdotai_ModernBERT-large,bark,2,0,25,28,85.42411,0.635894,True,95.29557,0.577542,True
answerdotai_ModernBERT-large,bark,3,0,25,28,90.861572,0.678676,True,106.126793,0.645786,True
answerdotai_ModernBERT-large,bark,4,0,25,28,74.494522,0.552114,True,81.116386,0.489565,True
answerdotai_ModernBERT-large,bark,5,0,25,28,48.815292,0.361365,True,40.297668,0.24158,True
answerdotai_ModernBERT-large,bark,6,0,25,28,85.544823,0.63893,True,98.719635,0.60175,True
answerdotai_ModernBERT-large,bark,7,0,25,28,83.705109,0.623667,True,92.917343,0.564717,True
answerdotai_ModernBERT-large,bark,8,0,25,28,68.313538,0.505531,True,74.003532,0.446064,True
answerdotai_ModernBERT-large,bark,9,0,25,28,56.85247,0.42063,True,63.710022,0.384122,True
answerdotai_ModernBERT-large,bark,10,0,25,28,82.134476,0.610168,True,79.085838,0.476751,True
answerdotai_ModernBERT-large,bark,11,0,25,28,77.741074,0.580108,True,74.728867,0.451981,True
answerdotai_ModernBERT-large,bark,12,0,25,28,82.304115,0.61157,True,99.764099,0.60507,True
answerdotai_ModernBERT-large,bark,13,0,25,28,30.449272,0.222758,True,33.556946,0.200238,True
answerdotai_ModernBERT-large,bark,14,0,25,28,18.278008,0.132988,True,23.468124,0.139193,True
answerdotai_ModernBERT-large,bark,15,0,25,28,89.356369,0.6668,True,98.612068,0.599765,True
answerdotai_ModernBERT-large,bark,16,0,25,28,52.933594,0.392144,True,46.089462,0.276391,True
answerdotai_ModernBERT-large,bark,17,0,25,28,75.203827,0.562045,True,91.405197,0.557215,True
answerdotai_ModernBERT-large,bark,18,0,25,28,68.328056,0.505664,True,84.40303,0.509802,True
answerdotai_ModernBERT-large,bark,19,0,25,28,40.527679,0.298499,True,31.646408,0.188894,True
answerdotai_ModernBERT-large,bark,20,1,25,28,81.627068,0.606107,True,87.600662,0.529887,True
answerdotai_ModernBERT-large,bark,21,1,25,28,83.632294,0.622487,True,82.083466,0.496408,True
answerdotai_ModernBERT-large,bark,22,1,25,28,82.783356,0.615679,True,93.0522,0.565625,True
answerdotai_ModernBERT-large,bark,23,1,25,28,40.456146,0.298956,True,38.550659,0.231538,True
answerdotai_ModernBERT-large,bark,24,1,25,28,88.949875,0.661255,True,101.052948,0.612785,True
answerdotai_ModernBERT-large,bark,25,1,25,28,54.114784,0.398888,True,56.486969,0.338777,True
answerdotai_ModernBERT-large,bark,26,1,25,28,58.01886,0.427696,True,57.403473,0.34406,True
answerdotai_ModernBERT-large,bark,27,1,25,28,89.84951,0.669216,True,103.192703,0.625555,True
answerdotai_ModernBERT-large,bark,28,1,25,28,60.465118,0.446677,True,62.547226,0.376172,True
answerdotai_ModernBERT-large,bark,29,1,25,28,85.410797,0.635091,True,92.108795,0.558829,True
answerdotai_ModernBERT-large,bark,30,1,25,28,59.502319,0.439732,True,54.79187,0.32933,True
answerdotai_ModernBERT-large,bark,31,1,25,28,91.712814,0.683133,True,100.51696,0.608044,True
answerdotai_ModernBERT-large,bark,32,1,25,28,75.613014,0.560835,True,86.21434,0.520582,True
answerdotai_ModernBERT-large,bark,33,1,25,28,81.216499,0.604605,True,92.133545,0.557947,True
answerdotai_ModernBERT-large,bark,34,1,25,28,78.125595,0.58042,True,84.36409,0.509347,True
answerdotai_ModernBERT-large,bark,35,1,25,28,87.913429,0.655798,True,94.306198,0.573387,True
answerdotai_ModernBERT-large,bark,36,1,25,28,58.263145,0.431535,True,56.377441,0.339713,True
answerdotai_ModernBERT-large,bark,37,1,25,28,70.408379,0.521008,True,72.18895,0.434568,True
answerdotai_ModernBERT-large,bark,38,1,25,28,84.309296,0.627136,True,93.496674,0.565091,True
answerdotai_ModernBERT-large,bark,39,1,25,28,45.816696,0.338721,True,41.566849,0.249723,True
answerdotai_ModernBERT-large,bat,0,0,25,28,41.789185,0.385745,True,31.641037,0.237867,True
answerdotai_ModernBERT-large,bat,1,0,14,28,10.213669,0.297773,True,41.996124,0.313903,True
answerdotai_ModernBERT-large,bat,2,0,14,28,16.834951,0.495683,True,77.657104,0.588929,True
answerdotai_ModernBERT-large,bat,3,0,14,28,19.476494,0.576217,True,73.471207,0.554755,True
answerdotai_ModernBERT-large,bat,4,0,14,28,1.420021,0.040826,True,13.710648,0.101469,True
answerdotai_ModernBERT-large,bat,5,0,25,28,60.379944,0.563522,True,71.741028,0.547395,True
answerdotai_ModernBERT-large,bat,6,0,25,28,52.855202,0.487282,True,58.13459,0.436418,True
answerdotai_ModernBERT-large,bat,7,0,14,28,9.887627,0.288289,True,54.490707,0.408358,True
answerdotai_ModernBERT-large,bat,8,0,27,28,37.283005,0.294004,True,38.335175,0.290392,True
answerdotai_ModernBERT-large,bat,9,0,14,28,15.263983,0.449155,True,48.242287,0.360744,True
answerdotai_ModernBERT-large,bat,10,0,14,28,14.113525,0.417676,True,31.615227,0.235076,True
answerdotai_ModernBERT-large,bat,11,0,14,28,11.326414,0.330146,True,56.738884,0.426736,True
answerdotai_ModernBERT-large,bat,12,0,14,28,8.825872,0.256255,True,64.473839,0.484961,True
answerdotai_ModernBERT-large,bat,13,0,14,28,13.248032,0.38963,True,64.314125,0.484992,True
answerdotai_ModernBERT-large,bat,14,0,14,28,16.38534,0.482632,True,54.000511,0.404809,True
answerdotai_ModernBERT-large,bat,15,0,14,28,2.808544,0.080857,True,45.127274,0.337531,True
answerdotai_ModernBERT-large,bat,16,0,14,28,16.529333,0.487873,True,58.770584,0.441046,True
answerdotai_ModernBERT-large,bat,17,0,14,28,3.849438,0.111356,True,30.071945,0.224804,True
answerdotai_ModernBERT-large,bat,18,0,14,28,10.960537,0.320608,True,44.517441,0.333665,True
answerdotai_ModernBERT-large,bat,19,0,14,28,13.626667,0.398819,True,64.058578,0.484102,True
answerdotai_ModernBERT-large,bat,20,1,14,28,15.921108,0.468049,True,66.891869,0.503074,True
answerdotai_ModernBERT-large,bat,21,1,14,28,13.762131,0.402027,True,62.207153,0.466244,True
answerdotai_ModernBERT-large,bat,22,1,14,28,17.043125,0.505221,True,77.272659,0.585865,True
answerdotai_ModernBERT-large,bat,23,1,14,28,8.194157,0.240344,True,30.926987,0.232438,True
answerdotai_ModernBERT-large,bat,24,1,14,28,13.394958,0.395447,True,45.964462,0.345691,True
answerdotai_ModernBERT-large,bat,25,1,25,28,38.970352,0.355656,True,43.72271,0.326689,True
answerdotai_ModernBERT-large,bat,26,1,14,28,13.733799,0.403118,True,31.90123,0.237901,True
answerdotai_ModernBERT-large,bat,27,1,14,28,15.651447,0.463225,True,68.086494,0.515374,True
answerdotai_ModernBERT-large,bat,28,1,14,28,17.374641,0.514838,True,46.022766,0.347184,True
answerdotai_ModernBERT-large,bat,29,1,9,28,-0.296808,-0.011725,False,39.584244,0.29484,True
answerdotai_ModernBERT-large,bat,30,1,14,28,14.009476,0.412337,True,46.986877,0.352451,True
answerdotai_ModernBERT-large,bat,31,1,25,28,-6.177887,-0.055343,False,-5.691345,-0.041714,False
answerdotai_ModernBERT-large,bat,32,1,14,28,14.057037,0.413983,True,72.456238,0.548933,True
answerdotai_ModernBERT-large,bat,33,1,14,28,13.242992,0.391404,True,50.141876,0.377388,True
answerdotai_ModernBERT-large,bat,34,1,25,28,27.673767,0.252575,True,29.380356,0.219007,True
answerdotai_ModernBERT-large,bat,35,1,14,28,16.148411,0.477904,True,73.733948,0.559452,True
answerdotai_ModernBERT-large,bat,36,1,14,28,11.19762,0.331763,True,35.990402,0.271558,True
answerdotai_ModernBERT-large,bat,37,1,25,28,51.191071,0.470768,True,55.720749,0.418953,True
answerdotai_ModernBERT-large,bat,38,1,14,28,14.097511,0.416523,True,55.564453,0.419826,True
answerdotai_ModernBERT-large,bat,39,1,14,28,16.308893,0.48082,True,57.126488,0.428592,True
answerdotai_ModernBERT-large,crane,0,0,26,28,39.929237,0.349422,True,39.855934,0.318152,True
answerdotai_ModernBERT-large,crane,1,0,26,28,79.516838,0.715597,True,82.747734,0.682697,True
answerdotai_ModernBERT-large,crane,2,0,26,28,69.312958,0.618777,True,66.386452,0.538553,True
answerdotai_ModernBERT-large,crane,3,0,26,28,57.18708,0.511395,True,64.720932,0.529179,True
answerdotai_ModernBERT-large,crane,4,0,26,28,77.338463,0.69276,True,79.731918,0.651815,True
answerdotai_ModernBERT-large,crane,5,0,26,28,51.726006,0.453701,True,49.85038,0.398438,True
answerdotai_ModernBERT-large,crane,6,0,26,28,31.144836,0.274559,True,25.094467,0.201155,True
answerdotai_ModernBERT-large,crane,7,0,26,28,70.871407,0.633046,True,69.41555,0.566319,True
answerdotai_ModernBERT-large,crane,8,0,26,28,71.414406,0.637008,True,70.319916,0.572008,True
answerdotai_ModernBERT-large,crane,9,0,26,28,43.823769,0.385022,True,39.364082,0.314775,True
answerdotai_ModernBERT-large,crane,10,0,26,28,62.765335,0.557557,True,65.678848,0.533261,True
answerdotai_ModernBERT-large,crane,11,0,26,28,83.005989,0.744858,True,83.844124,0.685574,True
answerdotai_ModernBERT-large,crane,12,0,26,28,59.385361,0.526951,True,61.469025,0.497687,True
answerdotai_ModernBERT-large,crane,13,0,26,28,76.837296,0.684249,True,75.462044,0.611202,True
answerdotai_ModernBERT-large,crane,14,0,26,28,-63.058403,-0.530289,False,-68.350563,-0.523889,False
answerdotai_ModernBERT-large,crane,15,0,26,28,27.766014,0.24282,True,23.181976,0.184748,True
answerdotai_ModernBERT-large,crane,16,0,26,28,67.909927,0.601173,True,55.906204,0.4491,True
answerdotai_ModernBERT-large,crane,17,0,26,28,53.308777,0.472583,True,57.075432,0.462652,True
answerdotai_ModernBERT-large,crane,18,0,26,28,53.244804,0.470857,True,51.053589,0.411642,True
answerdotai_ModernBERT-large,crane,19,0,26,28,10.302437,0.089419,True,8.075912,0.063877,True
answerdotai_ModernBERT-large,crane,20,1,26,28,67.917831,0.601101,True,75.164513,0.6077,True
answerdotai_ModernBERT-large,crane,21,1,26,28,44.997162,0.395541,True,43.207527,0.346696,True
answerdotai_ModernBERT-large,crane,22,1,26,28,62.910835,0.564916,True,56.710785,0.46176,True
answerdotai_ModernBERT-large,crane,23,1,26,28,41.65184,0.365652,True,46.759193,0.374782,True
answerdotai_ModernBERT-large,crane,24,1,26,28,10.203529,0.088379,True,14.556183,0.115169,True
answerdotai_ModernBERT-large,crane,25,1,26,28,64.529678,0.573473,True,70.360374,0.570645,True
answerdotai_ModernBERT-large,crane,26,1,26,28,78.889137,0.712525,True,82.929611,0.681599,True
answerdotai_ModernBERT-large,crane,27,1,26,28,-49.063309,-0.415804,False,-48.59964,-0.375719,False
answerdotai_ModernBERT-large,crane,28,1,26,28,77.889885,0.69663,True,83.286148,0.680424,True
answerdotai_ModernBERT-large,crane,29,1,26,28,65.33712,0.586087,True,65.207733,0.531948,True
answerdotai_ModernBERT-large,crane,30,1,26,28,74.668343,0.668912,True,75.08815,0.613139,True
answerdotai_ModernBERT-large,crane,31,1,26,28,67.95993,0.60185,True,74.166557,0.599826,True
answerdotai_ModernBERT-large,crane,32,1,26,28,78.91021,0.707104,True,80.559128,0.657325,True
answerdotai_ModernBERT-large,crane,33,1,26,28,13.163605,0.114122,True,23.349335,0.185285,True
answerdotai_ModernBERT-large,crane,34,1,26,28,61.649345,0.551892,True,60.398941,0.491749,True
answerdotai_ModernBERT-large,crane,35,1,26,28,50.972931,0.452854,True,50.567032,0.4091,True
answerdotai_ModernBERT-large,crane,36,1,26,28,68.764145,0.624857,True,67.299225,0.556134,True
answerdotai_ModernBERT-large,crane,37,1,26,28,60.61924,0.54282,True,57.568375,0.468428,True
answerdotai_ModernBERT-large,crane,38,1,26,28,33.287903,0.290805,True,40.59726,0.324452,True
answerdotai_ModernBERT-large,crane,39,1,26,28,-60.276169,-0.508116,False,-55.003326,-0.42437,False
answerdotai_ModernBERT-large,spring,0,0,24,28,82.250084,0.696523,True,109.107033,0.642239,True
answerdotai_ModernBERT-large,spring,1,0,24,28,70.188522,0.591739,True,98.018867,0.576291,True
answerdotai_ModernBERT-large,spring,2,0,24,28,91.979553,0.779917,True,109.15448,0.641195,True
answerdotai_ModernBERT-large,spring,3,0,24,28,65.753418,0.553761,True,85.459686,0.503887,True
answerdotai_ModernBERT-large,spring,4,0,24,28,77.01207,0.651069,True,105.410561,0.620632,True
answerdotai_ModernBERT-large,spring,5,0,24,28,91.452286,0.777372,True,107.613525,0.632273,True
answerdotai_ModernBERT-large,spring,6,0,24,28,65.678864,0.552829,True,76.913055,0.45216,True
answerdotai_ModernBERT-large,spring,7,0,24,28,87.877182,0.748018,True,105.135109,0.620001,True
answerdotai_ModernBERT-large,spring,8,0,24,28,42.669304,0.355935,True,37.99028,0.219348,True
answerdotai_ModernBERT-large,spring,9,0,24,28,43.624268,0.364913,True,15.51973,0.089126,True
answerdotai_ModernBERT-large,spring,10,0,24,28,75.987511,0.64297,True,102.066269,0.600121,True
answerdotai_ModernBERT-large,spring,11,0,24,28,50.866753,0.425872,True,68.017822,0.398419,True
answerdotai_ModernBERT-large,spring,12,0,24,28,30.248924,0.251168,True,30.477844,0.175567,True
answerdotai_ModernBERT-large,spring,13,0,24,28,60.115891,0.507138,True,90.658691,0.533916,True
answerdotai_ModernBERT-large,spring,14,0,24,28,68.985321,0.582211,True,96.073685,0.569022,True
answerdotai_ModernBERT-large,spring,15,0,24,28,49.96241,0.417646,True,58.591248,0.339968,True
answerdotai_ModernBERT-large,spring,16,0,24,28,59.403522,0.497462,True,51.168381,0.296194,True
answerdotai_ModernBERT-large,spring,17,0,24,28,75.757347,0.64292,True,94.238289,0.554027,True
answerdotai_ModernBERT-large,spring,18,0,24,28,76.306419,0.644742,True,89.118408,0.527219,True
answerdotai_ModernBERT-large,spring,19,0,24,28,41.004494,0.34269,True,37.047241,0.214137,True
answerdotai_ModernBERT-large,spring,20,1,24,28,64.927376,0.547967,True,70.740463,0.412692,True
answerdotai_ModernBERT-large,spring,21,1,24,28,64.57859,0.54231,True,82.340782,0.480477,True
answerdotai_ModernBERT-large,spring,22,1,24,28,63.261894,0.531982,True,76.414719,0.446322,True
answerdotai_ModernBERT-large,spring,23,1,24,28,78.830055,0.667921,True,100.083939,0.588299,True
answerdotai_ModernBERT-large,spring,24,1,24,28,40.829018,0.340616,True,67.730011,0.394678,True
answerdotai_ModernBERT-large,spring,25,1,24,28,74.361282,0.626311,True,94.038513,0.550802,True
answerdotai_ModernBERT-large,spring,26,1,24,28,48.849442,0.409178,True,62.08432,0.362481,True
answerdotai_ModernBERT-large,spring,27,1,24,28,89.187599,0.757263,True,106.09877,0.625777,True
answerdotai_ModernBERT-large,spring,28,1,24,28,57.933823,0.486423,True,62.47728,0.363522,True
answerdotai_ModernBERT-large,spring,29,1,24,28,61.505951,0.516074,True,77.864548,0.454625,True
answerdotai_ModernBERT-large,spring,30,1,24,28,71.203384,0.601761,True,103.282158,0.60897,True
answerdotai_ModernBERT-large,spring,31,1,24,28,79.024986,0.669845,True,92.583969,0.543048,True
answerdotai_ModernBERT-large,spring,32,1,24,28,63.684559,0.534061,True,83.413795,0.486701,True
answerdotai_ModernBERT-large,spring,33,1,24,28,57.436516,0.481808,True,68.909866,0.40163,True
answerdotai_ModernBERT-large,spring,34,1,24,28,57.289734,0.482911,True,69.383743,0.407364,True
answerdotai_ModernBERT-large,spring,35,1,24,28,61.899158,0.518666,True,76.653984,0.446375,True
answerdotai_ModernBERT-large,spring,36,1,24,28,64.533241,0.54412,True,79.280136,0.466159,True
answerdotai_ModernBERT-large,spring,37,1,24,28,83.789375,0.716276,True,100.188263,0.592988,True
answerdotai_ModernBERT-large,spring,38,1,24,28,61.02771,0.512909,True,90.139328,0.52915,True
answerdotai_ModernBERT-large,spring,39,1,24,28,55.066574,0.462106,True,60.721985,0.352874,True
answerdotai_ModernBERT-large,match,0,0,24,28,80.045891,0.697495,True,111.955887,0.699152,True
answerdotai_ModernBERT-large,match,1,0,24,28,81.480995,0.705577,True,104.724014,0.646858,True
answerdotai_ModernBERT-large,match,2,0,23,28,65.098038,0.689936,True,94.15123,0.579715,True
answerdotai_ModernBERT-large,match,3,0,28,28,115.272781,0.711543,True,115.272781,0.711543,True
answerdotai_ModernBERT-large,match,4,0,28,28,57.600815,0.351032,True,57.600815,0.351032,True
answerdotai_ModernBERT-large,match,5,0,28,28,78.96479,0.481636,True,78.96479,0.481636,True
answerdotai_ModernBERT-large,match,6,0,28,28,82.877083,0.50797,True,82.877083,0.50797,True
answerdotai_ModernBERT-large,match,7,0,28,28,35.508881,0.214793,True,35.508881,0.214793,True
answerdotai_ModernBERT-large,match,8,0,24,28,79.638672,0.687526,True,111.138435,0.687887,True
answerdotai_ModernBERT-large,match,9,0,24,28,88.380478,0.770498,True,110.163857,0.684389,True
answerdotai_ModernBERT-large,match,10,0,23,28,65.114594,0.692023,True,83.584305,0.514626,True
answerdotai_ModernBERT-large,match,11,0,24,28,85.441544,0.742892,True,107.00293,0.662051,True
answerdotai_ModernBERT-large,match,12,0,23,28,47.641075,0.501313,True,69.563522,0.425254,True
answerdotai_ModernBERT-large,match,13,0,28,28,3.778091,0.022652,True,3.778091,0.022652,True
answerdotai_ModernBERT-large,match,14,0,28,28,57.111748,0.347472,True,57.111748,0.347472,True
answerdotai_ModernBERT-large,match,15,0,28,28,61.25795,0.372802,True,61.25795,0.372802,True
answerdotai_ModernBERT-large,match,16,0,28,28,85.005936,0.522696,True,85.005936,0.522696,True
answerdotai_ModernBERT-large,match,17,0,24,28,79.196892,0.683871,True,106.438194,0.655903,True
answerdotai_ModernBERT-large,match,18,0,24,28,70.25148,0.605748,True,86.028259,0.527813,True
answerdotai_ModernBERT-large,match,19,0,28,28,90.313766,0.554632,True,90.313766,0.554632,True
answerdotai_ModernBERT-large,match,20,1,28,28,74.618835,0.459177,True,74.618835,0.459177,True
answerdotai_ModernBERT-large,match,21,1,28,28,81.829453,0.50485,True,81.829453,0.50485,True
answerdotai_ModernBERT-large,match,22,1,24,28,26.588295,0.225301,True,32.472473,0.196586,True
answerdotai_ModernBERT-large,match,23,1,28,28,63.821106,0.390709,True,63.821106,0.390709,True
answerdotai_ModernBERT-large,match,24,1,24,28,54.747978,0.468768,True,63.525452,0.38796,True
answerdotai_ModernBERT-large,match,25,1,28,28,95.503212,0.590583,True,95.503212,0.590583,True
answerdotai_ModernBERT-large,match,26,1,23,28,49.00267,0.518244,True,69.868866,0.431318,True
answerdotai_ModernBERT-large,match,27,1,24,28,37.858383,0.321597,True,51.113136,0.310642,True
answerdotai_ModernBERT-large,match,28,1,28,28,96.34304,0.595102,True,96.34304,0.595102,True
answerdotai_ModernBERT-large,match,29,1,28,28,68.805527,0.423011,True,68.805527,0.423011,True
answerdotai_ModernBERT-large,match,30,1,28,28,80.36235,0.493493,True,80.36235,0.493493,True
answerdotai_ModernBERT-large,match,31,1,24,28,-3.553711,-0.029766,False,0.166946,0.001,True
answerdotai_ModernBERT-large,match,32,1,28,28,58.42215,0.359944,True,58.42215,0.359944,True
answerdotai_ModernBERT-large,match,33,1,24,28,53.425064,0.458136,True,59.46048,0.364169,True
answerdotai_ModernBERT-large,match,34,1,28,28,61.728165,0.378378,True,61.728165,0.378378,True
answerdotai_ModernBERT-large,match,35,1,24,28,48.220757,0.412962,True,54.241165,0.331357,True
answerdotai_ModernBERT-large,match,36,1,28,28,74.592087,0.460867,True,74.592087,0.460867,True
answerdotai_ModernBERT-large,match,37,1,28,28,93.153152,0.572879,True,93.153152,0.572879,True
answerdotai_ModernBERT-large,match,38,1,28,28,90.013435,0.553536,True,90.013435,0.553536,True
answerdotai_ModernBERT-large,match,39,1,28,28,81.485855,0.503191,True,81.485855,0.503191,True
answerdotai_ModernBERT-large,pitch,0,0,27,28,58.22934,0.432044,True,59.307312,0.431946,True
answerdotai_ModernBERT-large,pitch,1,0,27,28,41.114723,0.301443,True,30.869392,0.220967,True
answerdotai_ModernBERT-large,pitch,2,0,27,28,14.997925,0.109128,True,22.56279,0.161216,True
answerdotai_ModernBERT-large,pitch,3,0,27,28,93.249489,0.698914,True,84.530205,0.61914,True
answerdotai_ModernBERT-large,pitch,4,0,27,28,33.51149,0.245726,True,34.522903,0.248199,True
answerdotai_ModernBERT-large,pitch,5,0,27,28,96.276154,0.723217,True,90.496819,0.666485,True
answerdotai_ModernBERT-large,pitch,6,0,27,28,88.674515,0.671624,True,81.505249,0.602889,True
answerdotai_ModernBERT-large,pitch,7,0,27,28,86.929962,0.65409,True,79.756889,0.585404,True
answerdotai_ModernBERT-large,pitch,8,0,27,28,-30.268402,-0.21632,False,-23.98114,-0.168154,False
answerdotai_ModernBERT-large,pitch,9,0,27,28,74.009514,0.550258,True,71.859444,0.523667,True
answerdotai_ModernBERT-large,pitch,10,0,24,28,10.597313,0.116722,True,32.07962,0.230873,True
answerdotai_ModernBERT-large,pitch,11,0,27,28,96.265305,0.728933,True,87.018616,0.644025,True
answerdotai_ModernBERT-large,pitch,12,0,24,28,51.694199,0.580767,True,79.510551,0.579491,True
answerdotai_ModernBERT-large,pitch,13,0,27,28,84.929474,0.644123,True,76.676865,0.566792,True
answerdotai_ModernBERT-large,pitch,14,0,27,28,80.651749,0.598837,True,65.334579,0.473212,True
answerdotai_ModernBERT-large,pitch,15,0,27,28,-42.307281,-0.301634,False,-43.867424,-0.305832,False
answerdotai_ModernBERT-large,pitch,16,0,27,28,97.759422,0.738359,True,89.901596,0.664321,True
answerdotai_ModernBERT-large,pitch,17,0,24,28,29.77047,0.331471,True,46.84198,0.338877,True
answerdotai_ModernBERT-large,pitch,18,0,27,28,67.347847,0.498807,True,61.202332,0.443342,True
answerdotai_ModernBERT-large,pitch,19,0,27,28,19.146698,0.139529,True,18.956589,0.135251,True
answerdotai_ModernBERT-large,pitch,20,1,27,28,14.923141,0.108617,True,20.403854,0.145806,True
answerdotai_ModernBERT-large,pitch,21,1,27,28,46.950516,0.347005,True,47.870438,0.347072,True
answerdotai_ModernBERT-large,pitch,22,1,27,28,44.034554,0.323498,True,48.351906,0.348548,True
answerdotai_ModernBERT-large,pitch,23,1,27,28,92.004021,0.690399,True,87.632408,0.642948,True
answerdotai_ModernBERT-large,pitch,24,1,27,28,82.082893,0.612538,True,77.150116,0.562364,True
answerdotai_ModernBERT-large,pitch,25,1,27,28,52.978012,0.392107,True,50.160385,0.362859,True
answerdotai_ModernBERT-large,pitch,26,1,27,28,73.131569,0.544818,True,75.464508,0.5521,True
answerdotai_ModernBERT-large,pitch,27,1,27,28,78.394463,0.585351,True,77.349388,0.566066,True
answerdotai_ModernBERT-large,pitch,28,1,27,28,-47.738083,-0.339478,False,-34.542374,-0.241424,False
answerdotai_ModernBERT-large,pitch,29,1,27,28,61.243111,0.45288,True,57.712372,0.417834,True
answerdotai_ModernBERT-large,pitch,30,1,27,28,60.255463,0.445714,True,60.771805,0.440449,True
answerdotai_ModernBERT-large,pitch,31,1,27,28,61.740448,0.46014,True,51.596085,0.374894,True
answerdotai_ModernBERT-large,pitch,32,1,27,28,61.517624,0.459639,True,56.790665,0.413888,True
answerdotai_ModernBERT-large,pitch,33,1,27,28,58.609306,0.434356,True,57.005188,0.413494,True
answerdotai_ModernBERT-large,pitch,34,1,27,28,63.196579,0.470287,True,60.925995,0.443817,True
answerdotai_ModernBERT-large,pitch,35,1,27,28,72.433342,0.537989,True,66.94136,0.485828,True
answerdotai_ModernBERT-large,pitch,36,1,27,28,74.43132,0.558282,True,68.365646,0.500142,True
answerdotai_ModernBERT-large,pitch,37,1,27,28,56.813484,0.419467,True,53.430428,0.385839,True
answerdotai_ModernBERT-large,pitch,38,1,27,28,64.864098,0.481461,True,62.236885,0.451598,True
answerdotai_ModernBERT-large,pitch,39,1,27,28,65.971931,0.490197,True,59.919586,0.434737,True
microsoft_deberta-v3-large,bank,0,0,9,24,21.229794,0.711472,True,6.019464,0.456515,True
microsoft_deberta-v3-large,bank,1,0,9,24,20.189926,0.676163,True,4.47339,0.337954,True
microsoft_deberta-v3-large,bank,2,0,9,24,19.763641,0.662908,True,5.142897,0.390632,True
microsoft_deberta-v3-large,bank,3,0,9,24,16.699516,0.55714,True,5.440043,0.412089,True
microsoft_deberta-v3-large,bank,4,0,9,24,15.290115,0.509437,True,7.005332,0.532779,True
microsoft_deberta-v3-large,bank,5,0,9,24,14.240233,0.472808,True,5.506976,0.417721,True
microsoft_deberta-v3-large,bank,6,0,9,24,20.032478,0.671258,True,4.916064,0.372622,True
microsoft_deberta-v3-large,bank,7,0,9,24,16.812017,0.560178,True,5.367114,0.406145,True
microsoft_deberta-v3-large,bank,8,0,9,24,12.429932,0.412788,True,4.402949,0.33446,True
microsoft_deberta-v3-large,bank,9,0,9,24,20.17602,0.675519,True,6.836723,0.51877,True
microsoft_deberta-v3-large,bank,10,0,9,24,20.039244,0.67069,True,7.279955,0.553825,True
microsoft_deberta-v3-large,bank,11,0,9,24,21.932659,0.736261,True,7.193597,0.551524,True
microsoft_deberta-v3-large,bank,12,0,9,24,21.425747,0.718058,True,6.093944,0.461995,True
microsoft_deberta-v3-large,bank,13,0,9,24,20.635551,0.691741,True,6.641547,0.503872,True
microsoft_deberta-v3-large,bank,14,0,9,24,20.564251,0.688894,True,7.746546,0.590651,True
microsoft_deberta-v3-large,bank,15,0,9,24,21.115147,0.708374,True,6.667065,0.510779,True
microsoft_deberta-v3-large,bank,16,0,9,24,21.477303,0.720818,True,6.221547,0.473054,True
microsoft_deberta-v3-large,bank,17,0,9,24,18.894356,0.63185,True,5.15564,0.390687,True
microsoft_deberta-v3-large,bank,18,0,9,24,20.233997,0.676909,True,5.316135,0.404834,True
microsoft_deberta-v3-large,bank,19,0,9,24,19.944874,0.667036,True,3.402644,0.256666,True
microsoft_deberta-v3-large,bank,20,1,9,24,20.367546,0.681868,True,8.164165,0.625841,True
microsoft_deberta-v3-large,bank,21,1,9,24,19.736853,0.660053,True,6.812891,0.521701,True
microsoft_deberta-v3-large,bank,22,1,9,24,16.916767,0.56499,True,3.91503,0.295905,True
microsoft_deberta-v3-large,bank,23,1,9,24,18.303642,0.61169,True,3.724072,0.280647,True
microsoft_deberta-v3-large,bank,24,1,9,24,13.332,0.442422,True,-0.238509,-0.017682,False
microsoft_deberta-v3-large,bank,25,1,9,24,19.975437,0.668699,True,5.81087,0.440876,True
microsoft_deberta-v3-large,bank,26,1,9,24,18.850929,0.630388,True,7.447186,0.56714,True
microsoft_deberta-v3-large,bank,27,1,9,24,23.312923,0.781729,True,8.587878,0.662028,True
microsoft_deberta-v3-large,bank,28,1,9,24,19.303844,0.646,True,4.679751,0.353748,True
microsoft_deberta-v3-large,bank,29,1,9,24,21.863846,0.732354,True,5.168109,0.392059,True
microsoft_deberta-v3-large,bank,30,1,9,24,19.713591,0.659975,True,4.876375,0.368191,True
microsoft_deberta-v3-large,bank,31,1,9,24,22.571657,0.756564,True,7.562531,0.579117,True
microsoft_deberta-v3-large,bank,32,1,9,24,16.39349,0.546783,True,1.762817,0.131846,True
microsoft_deberta-v3-large,bank,33,1,9,24,21.119076,0.706911,True,5.72571,0.434678,True
microsoft_deberta-v3-large,bank,34,1,9,24,21.727907,0.727942,True,8.389511,0.641987,True
microsoft_deberta-v3-large,bank,35,1,9,24,19.516563,0.652983,True,6.912054,0.526951,True
microsoft_deberta-v3-large,bank,36,1,9,24,19.434225,0.650016,True,8.594559,0.659421,True
microsoft_deberta-v3-large,bank,37,1,9,24,22.783611,0.763454,True,8.352045,0.637745,True
microsoft_deberta-v3-large,bank,38,1,9,24,19.625496,0.657237,True,7.575777,0.578243,True
microsoft_deberta-v3-large,bank,39,1,9,24,18.427446,0.615858,True,4.069267,0.306625,True
microsoft_deberta-v3-large,bark,0,0,10,24,19.463524,0.764476,True,2.660985,0.304429,True
microsoft_deberta-v3-large,bark,1,0,10,24,13.566223,0.527575,True,2.970873,0.340049,True
microsoft_deberta-v3-large,bark,2,0,10,24,17.548296,0.6853,True,1.14013,0.12879,True
microsoft_deberta-v3-large,bark,3,0,10,24,18.840025,0.737946,True,3.369337,0.387112,True
microsoft_deberta-v3-large,bark,4,0,10,24,17.722536,0.692446,True,2.559223,0.291499,True
microsoft_deberta-v3-large,bark,5,0,10,24,13.46126,0.522605,True,2.100914,0.239454,True
microsoft_deberta-v3-large,bark,6,0,10,24,18.550863,0.725597,True,4.089865,0.472346,True
microsoft_deberta-v3-large,bark,7,0,10,24,18.67255,0.731887,True,2.755368,0.315156,True
microsoft_deberta-v3-large,bark,8,0,10,24,16.474285,0.642119,True,2.780306,0.317549,True
microsoft_deberta-v3-large,bark,9,0,10,24,16.086842,0.629279,True,0.691926,0.077894,True
microsoft_deberta-v3-large,bark,10,0,10,24,16.747004,0.653765,True,3.509683,0.404954,True
microsoft_deberta-v3-large,bark,11,0,10,24,14.445374,0.561916,True,0.945438,0.1067,True
microsoft_deberta-v3-large,bark,12,0,10,24,18.093874,0.707243,True,3.864518,0.444508,True
microsoft_deberta-v3-large,bark,13,0,10,24,12.174942,0.472192,True,2.403102,0.274704,True
microsoft_deberta-v3-large,bark,14,0,10,24,15.193864,0.592121,True,2.62791,0.301235,True
microsoft_deberta-v3-large,bark,15,0,10,24,16.237087,0.634057,True,2.908911,0.332233,True
microsoft_deberta-v3-large,bark,16,0,10,24,15.354503,0.59766,True,2.654826,0.303164,True
microsoft_deberta-v3-large,bark,17,0,10,24,16.205196,0.633641,True,3.464537,0.399384,True
microsoft_deberta-v3-large,bark,18,0,10,24,17.0495,0.667334,True,1.884996,0.216762,True
microsoft_deberta-v3-large,bark,19,0,10,24,13.334383,0.517767,True,2.206082,0.251754,True
microsoft_deberta-v3-large,bark,20,1,10,24,16.915476,0.660866,True,3.378206,0.389946,True
microsoft_deberta-v3-large,bark,21,1,10,24,16.631565,0.65118,True,2.735393,0.31522,True
microsoft_deberta-v3-large,bark,22,1,10,24,17.050961,0.666908,True,3.32974,0.383643,True
microsoft_deberta-v3-large,bark,23,1,10,24,12.592237,0.48982,True,2.387781,0.272743,True
microsoft_deberta-v3-large,bark,24,1,10,24,17.063049,0.667076,True,3.112637,0.355852,True
microsoft_deberta-v3-large,bark,25,1,10,24,16.911617,0.661344,True,3.229886,0.37053,True
microsoft_deberta-v3-large,bark,26,1,10,24,15.402739,0.600628,True,2.228487,0.253807,True
microsoft_deberta-v3-large,bark,27,1,10,24,17.553051,0.685989,True,3.254705,0.372217,True
microsoft_deberta-v3-large,bark,28,1,10,24,10.636915,0.41267,True,2.737758,0.313971,True
microsoft_deberta-v3-large,bark,29,1,10,24,15.945202,0.623249,True,3.446106,0.395418,True
microsoft_deberta-v3-large,bark,30,1,10,24,12.041437,0.468848,True,2.182233,0.250071,True
microsoft_deberta-v3-large,bark,31,1,10,24,15.78968,0.616477,True,3.250817,0.37271,True
microsoft_deberta-v3-large,bark,32,1,10,24,18.113533,0.709576,True,3.462281,0.398115,True
microsoft_deberta-v3-large,bark,33,1,10,24,16.106312,0.628851,True,0.988585,0.111524,True
microsoft_deberta-v3-large,bark,34,1,10,24,16.470715,0.644597,True,3.232101,0.372209,True
microsoft_deberta-v3-large,bark,35,1,10,24,16.324257,0.63899,True,3.401701,0.391671,True
microsoft_deberta-v3-large,bark,36,1,10,24,9.582767,0.371282,True,0.677281,0.076339,True
microsoft_deberta-v3-large,bark,37,1,10,24,13.509002,0.525245,True,1.344096,0.151995,True
microsoft_deberta-v3-large,bark,38,1,10,24,15.049049,0.586519,True,0.776006,0.08731,True
microsoft_deberta-v3-large,bark,39,1,10,24,14.042162,0.547138,True,2.18139,0.248416,True
microsoft_deberta-v3-large,bat,0,0,9,24,18.716431,0.646334,True,3.616845,0.451431,True
microsoft_deberta-v3-large,bat,1,0,9,24,18.200279,0.627366,True,2.224193,0.269895,True
microsoft_deberta-v3-large,bat,2,0,9,24,20.330847,0.701827,True,3.676478,0.456148,True
microsoft_deberta-v3-large,bat,3,0,9,24,21.23222,0.733336,True,3.43957,0.418975,True
microsoft_deberta-v3-large,bat,4,0,9,24,15.208172,0.522437,True,0.834641,0.100148,True
microsoft_deberta-v3-large,bat,5,0,9,24,21.041737,0.727076,True,3.205695,0.394975,True
microsoft_deberta-v3-large,bat,6,0,9,24,7.00738,0.237871,True,-0.795847,-0.094005,False
microsoft_deberta-v3-large,bat,7,0,9,24,18.578743,0.640093,True,3.34772,0.409548,True
microsoft_deberta-v3-large,bat,8,0,9,24,18.63921,0.643373,True,2.415339,0.292818,True
microsoft_deberta-v3-large,bat,9,0,9,24,18.614056,0.640953,True,2.740171,0.33467,True
microsoft_deberta-v3-large,bat,10,0,9,24,17.917793,0.617944,True,3.403088,0.421981,True
microsoft_deberta-v3-large,bat,11,0,9,24,18.813637,0.648647,True,2.011901,0.242686,True
microsoft_deberta-v3-large,bat,12,0,9,24,17.785198,0.611366,True,1.74041,0.209187,True
microsoft_deberta-v3-large,bat,13,0,9,24,14.879948,0.511088,True,1.089588,0.13125,True
microsoft_deberta-v3-large,bat,14,0,9,24,16.813995,0.579421,True,3.817762,0.468582,True
microsoft_deberta-v3-large,bat,15,0,9,24,19.508024,0.672518,True,0.796312,0.095384,True
microsoft_deberta-v3-large,bat,16,0,9,24,19.847662,0.684904,True,3.164193,0.384846,True
microsoft_deberta-v3-large,bat,17,0,9,24,18.404202,0.634293,True,-0.190778,-0.022642,False
microsoft_deberta-v3-large,bat,18,0,9,24,18.703222,0.644826,True,1.555879,0.187562,True
microsoft_deberta-v3-large,bat,19,0,9,24,20.443251,0.705049,True,2.393335,0.290112,True
microsoft_deberta-v3-large,bat,20,1,9,24,20.380823,0.702591,True,3.021808,0.367647,True
microsoft_deberta-v3-large,bat,21,1,9,24,20.457281,0.705205,True,2.211202,0.267271,True
microsoft_deberta-v3-large,bat,22,1,9,24,20.764313,0.715566,True,2.161008,0.26091,True
microsoft_deberta-v3-large,bat,23,1,9,24,14.344761,0.492837,True,2.5906,0.317636,True
microsoft_deberta-v3-large,bat,24,1,9,24,19.983879,0.690162,True,1.265847,0.15219,True
microsoft_deberta-v3-large,bat,25,1,9,24,12.295725,0.419549,True,2.995328,0.364142,True
microsoft_deberta-v3-large,bat,26,1,9,24,19.430279,0.669647,True,2.286427,0.278618,True
microsoft_deberta-v3-large,bat,27,1,9,24,20.973293,0.724182,True,0.85589,0.102596,True
microsoft_deberta-v3-large,bat,28,1,9,24,21.009584,0.725971,True,1.660326,0.201024,True
microsoft_deberta-v3-large,bat,29,1,9,24,19.819118,0.682491,True,2.577212,0.313223,True
microsoft_deberta-v3-large,bat,30,1,9,24,16.79715,0.577902,True,3.727511,0.459976,True
microsoft_deberta-v3-large,bat,31,1,9,24,13.378323,0.458777,True,0.862761,0.10361,True
microsoft_deberta-v3-large,bat,32,1,9,24,19.984989,0.690362,True,1.814003,0.220646,True
microsoft_deberta-v3-large,bat,33,1,9,24,20.483894,0.706088,True,1.318344,0.158257,True
microsoft_deberta-v3-large,bat,34,1,9,24,20.961859,0.723281,True,2.759725,0.334657,True
microsoft_deberta-v3-large,bat,35,1,9,24,18.993338,0.655453,True,1.826718,0.221395,True
microsoft_deberta-v3-large,bat,36,1,9,24,19.074047,0.65967,True,3.809128,0.472717,True
microsoft_deberta-v3-large,bat,37,1,9,24,14.58179,0.499022,True,2.587018,0.313855,True
microsoft_deberta-v3-large,bat,38,1,9,24,19.677425,0.679096,True,3.108587,0.378115,True
microsoft_deberta-v3-large,bat,39,1,9,24,19.898117,0.685578,True,2.934584,0.357759,True
microsoft_deberta-v3-large,crane,0,0,10,24,13.930403,0.617957,True,2.086459,0.234617,True
microsoft_deberta-v3-large,crane,1,0,10,24,16.701982,0.747409,True,3.51681,0.400958,True
microsoft_deberta-v3-large,crane,2,0,10,24,15.23857,0.679255,True,1.807256,0.203081,True
microsoft_deberta-v3-large,crane,3,0,10,24,15.654887,0.703684,True,0.258335,0.028985,True
microsoft_deberta-v3-large,crane,4,0,10,24,14.7113,0.656663,True,4.957446,0.571353,True
microsoft_deberta-v3-large,crane,5,0,10,24,16.402473,0.732658,True,3.746959,0.426474,True
microsoft_deberta-v3-large,crane,6,0,10,24,14.608891,0.65466,True,4.04225,0.467606,True
microsoft_deberta-v3-large,crane,7,0,10,24,12.64989,0.56148,True,0.146221,0.016338,True
microsoft_deberta-v3-large,crane,8,0,10,24,17.642776,0.790165,True,2.039534,0.229824,True
microsoft_deberta-v3-large,crane,9,0,10,24,6.618211,0.289738,True,3.282667,0.37579,True
microsoft_deberta-v3-large,crane,10,0,10,24,15.922516,0.714261,True,3.354897,0.382408,True
microsoft_deberta-v3-large,crane,11,0,10,24,11.911163,0.526757,True,1.074674,0.12023,True
microsoft_deberta-v3-large,crane,12,0,23,24,2.534122,0.218842,True,1.632624,0.184388,True
microsoft_deberta-v3-large,crane,13,0,10,24,8.251745,0.362952,True,2.068575,0.233123,True
microsoft_deberta-v3-large,crane,14,0,10,24,-9.335093,-0.398022,False,0.942602,0.105287,True
microsoft_deberta-v3-large,crane,15,0,10,24,9.657516,0.427122,True,4.446123,0.516428,True
microsoft_deberta-v3-large,crane,16,0,10,24,16.147772,0.721249,True,3.404118,0.389719,True
microsoft_deberta-v3-large,crane,17,0,10,24,10.552212,0.466791,True,3.605561,0.41305,True
microsoft_deberta-v3-large,crane,18,0,10,24,14.459559,0.645701,True,2.841466,0.325712,True
microsoft_deberta-v3-large,crane,19,0,10,24,1.541286,0.067075,True,0.685871,0.076861,True
microsoft_deberta-v3-large,crane,20,1,10,24,16.914404,0.754134,True,5.213718,0.603152,True
microsoft_deberta-v3-large,crane,21,1,10,24,17.64781,0.786924,True,4.383937,0.500987,True
microsoft_deberta-v3-large,crane,22,1,10,24,12.478872,0.553747,True,2.324807,0.265237,True
microsoft_deberta-v3-large,crane,23,1,10,24,14.104068,0.626579,True,1.026671,0.114663,True
microsoft_deberta-v3-large,crane,24,1,10,24,14.270921,0.633415,True,3.21736,0.365713,True
microsoft_deberta-v3-large,crane,25,1,10,24,14.707608,0.655216,True,4.578197,0.530603,True
microsoft_deberta-v3-large,crane,26,1,10,24,15.061531,0.67076,True,3.469144,0.399145,True
microsoft_deberta-v3-large,crane,27,1,23,24,-0.285577,-0.024155,False,-0.819755,-0.090532,False
microsoft_deberta-v3-large,crane,28,1,10,24,16.156513,0.719814,True,4.434821,0.508669,True
microsoft_deberta-v3-large,crane,29,1,10,24,12.675927,0.562146,True,4.589188,0.529022,True
microsoft_deberta-v3-large,crane,30,1,10,24,11.364267,0.503585,True,3.372993,0.387188,True
microsoft_deberta-v3-large,crane,31,1,10,24,13.864868,0.615315,True,-0.046776,-0.005192,False
microsoft_deberta-v3-large,crane,32,1,10,24,16.252602,0.722889,True,3.690684,0.418604,True
microsoft_deberta-v3-large,crane,33,1,10,24,11.071243,0.489384,True,-0.51643,-0.057162,False
microsoft_deberta-v3-large,crane,34,1,10,24,13.749089,0.610469,True,4.107365,0.473423,True
microsoft_deberta-v3-large,crane,35,1,10,24,14.611464,0.649381,True,1.787175,0.201597,True
microsoft_deberta-v3-large,crane,36,1,10,24,11.980546,0.531827,True,3.49442,0.399391,True
microsoft_deberta-v3-large,crane,37,1,10,24,14.261109,0.633753,True,0.72854,0.081275,True
microsoft_deberta-v3-large,crane,38,1,10,24,15.866954,0.705928,True,4.26184,0.491398,True
microsoft_deberta-v3-large,crane,39,1,10,24,10.619236,0.468275,True,0.776027,0.086647,True
microsoft_deberta-v3-large,spring,0,0,21,24,10.893137,0.549611,True,5.109601,0.443741,True
microsoft_deberta-v3-large,spring,1,0,21,24,10.447141,0.526182,True,5.459503,0.474753,True
microsoft_deberta-v3-large,spring,2,0,21,24,11.921157,0.601583,True,6.164222,0.534998,True
microsoft_deberta-v3-large,spring,3,0,8,24,10.100352,0.557789,True,4.453724,0.385874,True
microsoft_deberta-v3-large,spring,4,0,8,24,10.13587,0.558878,True,4.017385,0.34663,True
microsoft_deberta-v3-large,spring,5,0,21,24,9.169147,0.461977,True,4.820701,0.420192,True
microsoft_deberta-v3-large,spring,6,0,8,24,3.969851,0.215361,True,4.688603,0.406936,True
microsoft_deberta-v3-large,spring,7,0,21,24,10.325306,0.519316,True,5.361169,0.464646,True
microsoft_deberta-v3-large,spring,8,0,21,24,9.57489,0.481909,True,4.542853,0.39332,True
microsoft_deberta-v3-large,spring,9,0,8,24,7.130595,0.390602,True,1.684081,0.143845,True
microsoft_deberta-v3-large,spring,10,0,8,24,9.072617,0.499249,True,4.472896,0.385852,True
microsoft_deberta-v3-large,spring,11,0,8,24,4.736996,0.259312,True,3.780471,0.328225,True
microsoft_deberta-v3-large,spring,12,0,8,24,5.561381,0.302307,True,3.550998,0.305622,True
microsoft_deberta-v3-large,spring,13,0,21,24,9.130875,0.460825,True,5.766453,0.506706,True
microsoft_deberta-v3-large,spring,14,0,8,24,9.606206,0.530344,True,3.215763,0.278335,True
microsoft_deberta-v3-large,spring,15,0,8,24,7.848302,0.430542,True,2.94601,0.253073,True
microsoft_deberta-v3-large,spring,16,0,8,24,6.562871,0.357575,True,7.169679,0.625713,True
microsoft_deberta-v3-large,spring,17,0,8,24,6.42582,0.350975,True,4.450318,0.384331,True
microsoft_deberta-v3-large,spring,18,0,8,24,4.194424,0.227856,True,2.944433,0.253037,True
microsoft_deberta-v3-large,spring,19,0,21,24,6.942345,0.347018,True,2.555633,0.218772,True
microsoft_deberta-v3-large,spring,20,1,8,24,13.084219,0.733205,True,4.271114,0.36709,True
microsoft_deberta-v3-large,spring,21,1,21,24,10.428152,0.523667,True,5.762251,0.499878,True
microsoft_deberta-v3-large,spring,22,1,8,24,11.553388,0.640033,True,6.486668,0.564802,True
microsoft_deberta-v3-large,spring,23,1,8,24,12.507021,0.696538,True,2.75396,0.235671,True
microsoft_deberta-v3-large,spring,24,1,21,24,11.223159,0.56565,True,6.782659,0.594792,True
microsoft_deberta-v3-large,spring,25,1,8,24,13.104926,0.733003,True,6.695108,0.58387,True
microsoft_deberta-v3-large,spring,26,1,8,24,8.510401,0.471882,True,1.830318,0.156238,True
microsoft_deberta-v3-large,spring,27,1,8,24,11.573129,0.641156,True,7.820524,0.685602,True
microsoft_deberta-v3-large,spring,28,1,8,24,10.454585,0.575526,True,3.536491,0.303647,True
microsoft_deberta-v3-large,spring,29,1,21,24,-0.964165,-0.047137,False,-0.454241,-0.038363,False
microsoft_deberta-v3-large,spring,30,1,21,24,9.060251,0.453743,True,5.605975,0.48693,True
microsoft_deberta-v3-large,spring,31,1,8,24,6.927814,0.380339,True,7.638562,0.672694,True
microsoft_deberta-v3-large,spring,32,1,21,24,8.73638,0.436422,True,5.443998,0.469902,True
microsoft_deberta-v3-large,spring,33,1,11,24,-2.882799,-0.125244,False,1.49227,0.127858,True
microsoft_deberta-v3-large,spring,34,1,8,24,8.577169,0.471724,True,5.557919,0.483457,True
microsoft_deberta-v3-large,spring,35,1,21,24,9.334188,0.46695,True,5.697054,0.493241,True
microsoft_deberta-v3-large,spring,36,1,8,24,11.400282,0.635127,True,4.360598,0.376282,True
microsoft_deberta-v3-large,spring,37,1,21,24,13.016544,0.658485,True,7.556352,0.662785,True
microsoft_deberta-v3-large,spring,38,1,8,24,12.084655,0.672414,True,5.947982,0.51725,True
microsoft_deberta-v3-large,spring,39,1,8,24,14.114819,0.787245,True,4.105754,0.35446,True
microsoft_deberta-v3-large,match,0,0,18,24,9.961047,0.460778,True,4.92997,0.424304,True
microsoft_deberta-v3-large,match,1,0,18,24,11.565157,0.539003,True,6.798997,0.593844,True
microsoft_deberta-v3-large,match,2,0,18,24,9.290325,0.429272,True,2.834237,0.24201,True
microsoft_deberta-v3-large,match,3,0,18,24,12.970055,0.602447,True,4.684683,0.403039,True
microsoft_deberta-v3-large,match,4,0,18,24,9.891573,0.457814,True,3.849169,0.32928,True
microsoft_deberta-v3-large,match,5,0,18,24,11.826685,0.547682,True,4.428671,0.379004,True
microsoft_deberta-v3-large,match,6,0,18,24,11.204796,0.521107,True,6.249096,0.543366,True
microsoft_deberta-v3-large,match,7,0,18,24,7.823645,0.360709,True,4.976743,0.42719,True
microsoft_deberta-v3-large,match,8,0,18,24,11.573581,0.537132,True,5.633209,0.488446,True
microsoft_deberta-v3-large,match,9,0,18,24,12.066111,0.561875,True,6.907266,0.603694,True
microsoft_deberta-v3-large,match,10,0,18,24,10.394361,0.48056,True,4.210045,0.360867,True
microsoft_deberta-v3-large,match,11,0,18,24,10.549609,0.488614,True,6.109586,0.528094,True
microsoft_deberta-v3-large,match,12,0,18,24,7.371122,0.340351,True,2.992037,0.255824,True
microsoft_deberta-v3-large,match,13,0,18,24,9.770099,0.451095,True,1.603559,0.135782,True
microsoft_deberta-v3-large,match,14,0,18,24,10.540906,0.48818,True,3.72342,0.318101,True
microsoft_deberta-v3-large,match,15,0,18,24,9.905841,0.45807,True,4.162987,0.35743,True
microsoft_deberta-v3-large,match,16,0,18,24,10.878815,0.503508,True,3.960361,0.338703,True
microsoft_deberta-v3-large,match,17,0,18,24,12.794705,0.596676,True,7.400501,0.646324,True
microsoft_deberta-v3-large,match,18,0,18,24,6.004131,0.275707,True,1.279368,0.108104,True
microsoft_deberta-v3-large,match,19,0,18,24,11.95499,0.555783,True,4.792009,0.412364,True
microsoft_deberta-v3-large,match,20,1,17,24,12.722298,0.553035,True,3.130112,0.268441,True
microsoft_deberta-v3-large,match,21,1,17,24,11.697235,0.507156,True,1.872041,0.15883,True
microsoft_deberta-v3-large,match,22,1,10,24,-1.573511,-0.055588,False,0.072007,0.006058,True
microsoft_deberta-v3-large,match,23,1,18,24,8.900925,0.412117,True,4.130851,0.355335,True
microsoft_deberta-v3-large,match,24,1,18,24,10.60272,0.491368,True,4.082204,0.349772,True
microsoft_deberta-v3-large,match,25,1,18,24,12.70245,0.592205,True,4.701741,0.40525,True
microsoft_deberta-v3-large,match,26,1,18,24,10.678284,0.495832,True,5.649337,0.490703,True
microsoft_deberta-v3-large,match,27,1,18,24,-1.158743,-0.05229,False,-1.283783,-0.107101,False
microsoft_deberta-v3-large,match,28,1,18,24,5.05415,0.231908,True,1.801991,0.153391,True
microsoft_deberta-v3-large,match,29,1,17,24,11.077108,0.47962,True,3.44596,0.295255,True
microsoft_deberta-v3-large,match,30,1,18,24,10.783707,0.500228,True,3.922132,0.335775,True
microsoft_deberta-v3-large,match,31,1,18,24,11.250865,0.522444,True,5.981227,0.517578,True
microsoft_deberta-v3-large,match,32,1,18,24,10.06147,0.467548,True,6.138865,0.538405,True
microsoft_deberta-v3-large,match,33,1,18,24,12.467085,0.580662,True,5.684558,0.49355,True
microsoft_deberta-v3-large,match,34,1,18,24,8.658409,0.399393,True,3.603006,0.308141,True
microsoft_deberta-v3-large,match,35,1,18,24,10.795273,0.501741,True,4.033176,0.348537,True
microsoft_deberta-v3-large,match,36,1,18,24,13.056032,0.610065,True,6.999404,0.613894,True
microsoft_deberta-v3-large,match,37,1,18,24,13.311709,0.620641,True,6.170477,0.533151,True
microsoft_deberta-v3-large,match,38,1,18,24,12.031891,0.559779,True,4.601067,0.394907,True
microsoft_deberta-v3-large,match,39,1,18,24,10.920542,0.508813,True,6.066983,0.526935,True
microsoft_deberta-v3-large,pitch,0,0,12,24,14.678643,0.561129,True,5.137032,0.461447,True
microsoft_deberta-v3-large,pitch,1,0,23,24,2.187561,0.140529,True,1.072723,0.094509,True
microsoft_deberta-v3-large,pitch,2,0,12,24,14.287693,0.545384,True,2.896539,0.2568,True
microsoft_deberta-v3-large,pitch,3,0,23,24,9.3912,0.617425,True,6.585612,0.596729,True
microsoft_deberta-v3-large,pitch,4,0,12,24,17.323872,0.664066,True,5.166249,0.464862,True
microsoft_deberta-v3-large,pitch,5,0,23,24,8.048283,0.531983,True,5.755133,0.522873,True
microsoft_deberta-v3-large,pitch,6,0,23,24,10.614086,0.702874,True,7.130178,0.649572,True
microsoft_deberta-v3-large,pitch,7,0,23,24,8.605999,0.565674,True,6.017197,0.544849,True
microsoft_deberta-v3-large,pitch,8,0,24,24,-0.109978,-0.00962,False,-0.109978,-0.00962,False
microsoft_deberta-v3-large,pitch,9,0,23,24,5.532339,0.360927,True,3.689883,0.330282,True
microsoft_deberta-v3-large,pitch,10,0,12,24,13.206093,0.505186,True,5.264009,0.475272,True
microsoft_deberta-v3-large,pitch,11,0,23,24,8.87133,0.581264,True,5.904337,0.530777,True
microsoft_deberta-v3-large,pitch,12,0,23,24,9.750993,0.645535,True,6.856186,0.625506,True
microsoft_deberta-v3-large,pitch,13,0,23,24,7.926569,0.521814,True,5.495957,0.497969,True
microsoft_deberta-v3-large,pitch,14,0,23,24,5.474571,0.354431,True,3.10895,0.275614,True
microsoft_deberta-v3-large,pitch,15,0,12,24,8.780437,0.332565,True,1.055864,0.092926,True
microsoft_deberta-v3-large,pitch,16,0,23,24,8.007028,0.525685,True,4.713773,0.422532,True
microsoft_deberta-v3-large,pitch,17,0,23,24,4.017705,0.259596,True,2.759346,0.244892,True
microsoft_deberta-v3-large,pitch,18,0,12,24,15.526475,0.594304,True,2.941841,0.260946,True
microsoft_deberta-v3-large,pitch,19,0,23,24,3.43342,0.220993,True,1.520639,0.133928,True
microsoft_deberta-v3-large,pitch,20,1,12,24,6.023273,0.227201,True,5.175362,0.467319,True
microsoft_deberta-v3-large,pitch,21,1,23,24,5.3232,0.34587,True,3.090121,0.274774,True
microsoft_deberta-v3-large,pitch,22,1,23,24,6.804516,0.441862,True,4.64854,0.415203,True
microsoft_deberta-v3-large,pitch,23,1,23,24,5.514013,0.357842,True,3.023556,0.269026,True
microsoft_deberta-v3-large,pitch,24,1,23,24,8.272758,0.541443,True,5.960701,0.536863,True
microsoft_deberta-v3-large,pitch,25,1,23,24,6.685627,0.435766,True,4.621968,0.414101,True
microsoft_deberta-v3-large,pitch,26,1,23,24,5.231861,0.338629,True,2.847115,0.252519,True
microsoft_deberta-v3-large,pitch,27,1,23,24,8.236719,0.53878,True,5.477373,0.491255,True
microsoft_deberta-v3-large,pitch,28,1,12,24,-6.341846,-0.234204,False,0.588997,0.051942,True
microsoft_deberta-v3-large,pitch,29,1,12,24,6.757174,0.255234,True,4.472675,0.402138,True
microsoft_deberta-v3-large,pitch,30,1,23,24,8.562399,0.56038,True,6.247894,0.562663,True
microsoft_deberta-v3-large,pitch,31,1,23,24,10.037322,0.665239,True,6.995936,0.637289,True
microsoft_deberta-v3-large,pitch,32,1,23,24,5.204669,0.337885,True,3.086424,0.274618,True
microsoft_deberta-v3-large,pitch,33,1,23,24,1.884995,0.12094,True,0.263806,0.023139,True
microsoft_deberta-v3-large,pitch,34,1,12,24,6.118752,0.23083,True,4.378212,0.39406,True
microsoft_deberta-v3-large,pitch,35,1,23,24,8.186695,0.535755,True,5.794687,0.521471,True
microsoft_deberta-v3-large,pitch,36,1,23,24,5.788492,0.375478,True,3.511017,0.312456,True
microsoft_deberta-v3-large,pitch,37,1,23,24,9.271489,0.609644,True,6.374967,0.575324,True
microsoft_deberta-v3-large,pitch,38,1,12,24,6.64183,0.250953,True,4.221062,0.380006,True
microsoft_deberta-v3-large,pitch,39,1,12,24,2.898899,0.1088,True,3.610424,0.322514,True
FacebookAI_roberta-large,bank,0,0,21,24,8.548387,0.609488,True,2.634817,0.578509,True
FacebookAI_roberta-large,bank,1,0,21,24,8.911978,0.636024,True,2.668698,0.586164,True
FacebookAI_roberta-large,bank,2,0,21,24,8.553001,0.611218,True,2.554392,0.564039,True
FacebookAI_roberta-large,bank,3,0,21,24,1.880884,0.131249,True,0.331184,0.070885,True
FacebookAI_roberta-large,bank,4,0,21,24,7.884895,0.560206,True,2.190902,0.477599,True
FacebookAI_roberta-large,bank,5,0,21,24,7.475196,0.530248,True,1.890322,0.41085,True
FacebookAI_roberta-large,bank,6,0,21,24,8.700143,0.62085,True,2.537763,0.558781,True
FacebookAI_roberta-large,bank,7,0,21,24,5.847564,0.412472,True,1.39824,0.302401,True
FacebookAI_roberta-large,bank,8,0,21,24,7.576298,0.537718,True,1.690609,0.367442,True
FacebookAI_roberta-large,bank,9,0,21,24,8.172092,0.581755,True,2.603678,0.569764,True
FacebookAI_roberta-large,bank,10,0,21,24,7.845964,0.556866,True,2.328867,0.507108,True
FacebookAI_roberta-large,bank,11,0,21,24,8.932949,0.637863,True,2.662036,0.584935,True
FacebookAI_roberta-large,bank,12,0,21,24,8.626901,0.615363,True,2.559808,0.56068,True
FacebookAI_roberta-large,bank,13,0,21,24,9.437865,0.674998,True,2.64636,0.580654,True
FacebookAI_roberta-large,bank,14,0,21,24,7.855444,0.55912,True,2.477101,0.543683,True
FacebookAI_roberta-large,bank,15,0,21,24,8.644427,0.61867,True,2.59188,0.574292,True
FacebookAI_roberta-large,bank,16,0,21,24,10.152121,0.724396,True,3.019565,0.663035,True
FacebookAI_roberta-large,bank,17,0,21,24,7.641237,0.543215,True,2.349776,0.514012,True
FacebookAI_roberta-large,bank,18,0,21,24,8.266146,0.58808,True,2.212268,0.481969,True
FacebookAI_roberta-large,bank,19,0,21,24,6.232142,0.440478,True,1.646846,0.356628,True
FacebookAI_roberta-large,bank,20,1,21,24,9.943846,0.708936,True,3.055372,0.670759,True
FacebookAI_roberta-large,bank,21,1,21,24,6.16217,0.435911,True,2.312359,0.503627,True
FacebookAI_roberta-large,bank,22,1,21,24,9.128549,0.651355,True,2.846047,0.626008,True
FacebookAI_roberta-large,bank,23,1,21,24,7.574233,0.537727,True,2.437544,0.531249,True
FacebookAI_roberta-large,bank,24,1,21,24,6.218896,0.439197,True,1.596407,0.345611,True
FacebookAI_roberta-large,bank,25,1,21,24,7.850145,0.556852,True,2.40219,0.524031,True
FacebookAI_roberta-large,bank,26,1,21,24,9.482937,0.67576,True,2.97403,0.650756,True
FacebookAI_roberta-large,bank,27,1,21,24,8.636625,0.613213,True,2.957931,0.646687,True
FacebookAI_roberta-large,bank,28,1,21,24,9.182415,0.654058,True,2.87254,0.629862,True
FacebookAI_roberta-large,bank,29,1,21,24,10.358476,0.738668,True,3.286081,0.719856,True
FacebookAI_roberta-large,bank,30,1,21,24,8.840759,0.629683,True,2.886188,0.631746,True
FacebookAI_roberta-large,bank,31,1,21,24,9.131285,0.649792,True,2.880082,0.629382,True
FacebookAI_roberta-large,bank,32,1,21,24,6.499085,0.460512,True,1.656261,0.359753,True
FacebookAI_roberta-large,bank,33,1,21,24,9.547358,0.679946,True,3.065997,0.671936,True
FacebookAI_roberta-large,bank,34,1,21,24,10.315565,0.73717,True,3.165751,0.693324,True
FacebookAI_roberta-large,bank,35,1,21,24,6.857353,0.485666,True,2.386229,0.520395,True
FacebookAI_roberta-large,bank,36,1,21,24,8.912887,0.634669,True,2.787781,0.611667,True
FacebookAI_roberta-large,bank,37,1,21,24,9.747396,0.694935,True,3.038983,0.668209,True
FacebookAI_roberta-large,bank,38,1,21,24,9.099883,0.648232,True,2.833508,0.619805,True
FacebookAI_roberta-large,bank,39,1,21,24,9.177595,0.652398,True,2.802007,0.611243,True
FacebookAI_roberta-large,bark,0,0,19,24,10.088825,0.724203,True,3.594377,0.657405,True
FacebookAI_roberta-large,bark,1,0,19,24,9.107618,0.650486,True,3.059297,0.556393,True
FacebookAI_roberta-large,bark,2,0,19,24,8.821823,0.629665,True,3.382861,0.619002,True
FacebookAI_roberta-large,bark,3,0,19,24,8.603266,0.614491,True,3.576447,0.652112,True
FacebookAI_roberta-large,bark,4,0,19,24,7.267435,0.516368,True,2.939543,0.534771,True
FacebookAI_roberta-large,bark,5,0,19,24,8.567588,0.611202,True,2.736559,0.498143,True
FacebookAI_roberta-large,bark,6,0,19,24,8.346389,0.59513,True,3.216661,0.584562,True
FacebookAI_roberta-large,bark,7,0,19,24,9.977629,0.716958,True,3.327939,0.609165,True
FacebookAI_roberta-large,bark,8,0,19,24,9.618032,0.687743,True,3.633521,0.664409,True
FacebookAI_roberta-large,bark,9,0,19,24,6.944639,0.494182,True,2.356899,0.428065,True
FacebookAI_roberta-large,bark,10,0,19,24,8.527767,0.609509,True,3.167099,0.577078,True
FacebookAI_roberta-large,bark,11,0,19,24,8.02239,0.572656,True,3.08792,0.563675,True
FacebookAI_roberta-large,bark,12,0,19,24,7.190769,0.512412,True,3.260646,0.595538,True
FacebookAI_roberta-large,bark,13,0,19,24,7.133416,0.506834,True,2.313536,0.418799,True
FacebookAI_roberta-large,bark,14,0,19,24,5.080444,0.359235,True,1.417196,0.255064,True
FacebookAI_roberta-large,bark,15,0,19,24,9.306993,0.667207,True,3.129005,0.571643,True
FacebookAI_roberta-large,bark,16,0,19,24,5.459489,0.386656,True,2.638858,0.480642,True
FacebookAI_roberta-large,bark,17,0,19,24,8.699014,0.621907,True,2.968594,0.540922,True
FacebookAI_roberta-large,bark,18,0,19,24,8.568862,0.612911,True,3.110561,0.569729,True
FacebookAI_roberta-large,bark,19,0,19,24,5.847592,0.414152,True,1.828358,0.330001,True
FacebookAI_roberta-large,bark,20,1,19,24,8.796717,0.628168,True,2.939313,0.534927,True
FacebookAI_roberta-large,bark,21,1,19,24,8.091971,0.577566,True,3.181022,0.579804,True
FacebookAI_roberta-large,bark,22,1,19,24,9.210777,0.658043,True,3.153085,0.574943,True
FacebookAI_roberta-large,bark,23,1,19,24,8.162356,0.583111,True,3.123729,0.569318,True
FacebookAI_roberta-large,bark,24,1,19,24,8.238005,0.58627,True,3.152158,0.574214,True
FacebookAI_roberta-large,bark,25,1,19,24,9.066087,0.64949,True,3.238132,0.593217,True
FacebookAI_roberta-large,bark,26,1,19,24,6.988634,0.496732,True,2.74858,0.499095,True
FacebookAI_roberta-large,bark,27,1,19,24,8.423682,0.602031,True,3.317205,0.605967,True
FacebookAI_roberta-large,bark,28,1,19,24,9.005968,0.644251,True,3.133567,0.570368,True
FacebookAI_roberta-large,bark,29,1,19,24,9.875547,0.707139,True,3.263248,0.595339,True
FacebookAI_roberta-large,bark,30,1,19,24,7.311578,0.520158,True,2.695237,0.489836,True
FacebookAI_roberta-large,bark,31,1,19,24,8.604346,0.614046,True,3.614651,0.66054,True
FacebookAI_roberta-large,bark,32,1,19,24,7.524464,0.535759,True,3.048876,0.554645,True
FacebookAI_roberta-large,bark,33,1,19,24,7.304348,0.519642,True,3.157651,0.574712,True
FacebookAI_roberta-large,bark,34,1,19,24,7.907717,0.563376,True,3.202284,0.583603,True
FacebookAI_roberta-large,bark,35,1,19,24,7.564438,0.538184,True,3.075093,0.559052,True
FacebookAI_roberta-large,bark,36,1,23,24,5.110008,0.373069,True,2.068669,0.375021,True
FacebookAI_roberta-large,bark,37,1,23,24,6.903523,0.505626,True,2.749549,0.50023,True
FacebookAI_roberta-large,bark,38,1,19,24,8.075281,0.575046,True,3.255906,0.593019,True
FacebookAI_roberta-large,bark,39,1,23,24,5.691019,0.415597,True,2.450628,0.445421,True
FacebookAI_roberta-large,bat,0,0,19,24,7.556414,0.57189,True,2.577363,0.587777,True
FacebookAI_roberta-large,bat,1,0,19,24,8.289014,0.625918,True,2.401974,0.540291,True
FacebookAI_roberta-large,bat,2,0,19,24,8.824062,0.669469,True,2.57604,0.583215,True
FacebookAI_roberta-large,bat,3,0,19,24,9.505808,0.719121,True,2.990698,0.674996,True
FacebookAI_roberta-large,bat,4,0,19,24,5.699959,0.426669,True,1.551681,0.346407,True
FacebookAI_roberta-large,bat,5,0,19,24,8.250945,0.624577,True,2.602327,0.5868,True
FacebookAI_roberta-large,bat,6,0,19,24,3.129173,0.232278,True,0.964974,0.213773,True
FacebookAI_roberta-large,bat,7,0,19,24,7.548195,0.568963,True,2.82858,0.64049,True
FacebookAI_roberta-large,bat,8,0,19,24,8.235689,0.619792,True,2.221108,0.497704,True
FacebookAI_roberta-large,bat,9,0,19,24,7.287828,0.548469,True,2.308449,0.517591,True
FacebookAI_roberta-large,bat,10,0,19,24,7.484246,0.565675,True,1.991202,0.448393,True
FacebookAI_roberta-large,bat,11,0,19,24,8.553549,0.644506,True,2.689332,0.605105,True
FacebookAI_roberta-large,bat,12,0,19,24,8.492686,0.639839,True,2.938744,0.663236,True
FacebookAI_roberta-large,bat,13,0,19,24,7.400014,0.558448,True,1.775768,0.398273,True
FacebookAI_roberta-large,bat,14,0,19,24,8.785896,0.66467,True,2.770507,0.627533,True
FacebookAI_roberta-large,bat,15,0,19,24,7.656751,0.576084,True,2.601804,0.5854,True
FacebookAI_roberta-large,bat,16,0,19,24,9.747633,0.738146,True,3.186922,0.722129,True
FacebookAI_roberta-large,bat,17,0,19,24,6.440346,0.483137,True,1.95596,0.437706,True
FacebookAI_roberta-large,bat,18,0,19,24,7.764494,0.585226,True,2.243632,0.506479,True
FacebookAI_roberta-large,bat,19,0,19,24,9.435618,0.71384,True,3.076637,0.696013,True
FacebookAI_roberta-large,bat,20,1,19,24,8.68829,0.65471,True,2.622494,0.589017,True
FacebookAI_roberta-large,bat,21,1,19,24,9.309805,0.70228,True,2.81586,0.633056,True
FacebookAI_roberta-large,bat,22,1,19,24,9.035857,0.681597,True,2.738084,0.615335,True
FacebookAI_roberta-large,bat,23,1,19,24,3.911768,0.292352,True,1.420217,0.321307,True
FacebookAI_roberta-large,bat,24,1,19,24,7.872724,0.594008,True,2.028224,0.456859,True
FacebookAI_roberta-large,bat,25,1,19,24,8.658427,0.653936,True,2.55436,0.575527,True
FacebookAI_roberta-large,bat,26,1,19,24,9.646526,0.729827,True,2.814667,0.634618,True
FacebookAI_roberta-large,bat,27,1,19,24,8.419806,0.635282,True,2.538032,0.571119,True
FacebookAI_roberta-large,bat,28,1,19,24,7.955136,0.60122,True,1.932592,0.435755,True
FacebookAI_roberta-large,bat,29,1,19,24,8.462589,0.638189,True,2.598867,0.584569,True
FacebookAI_roberta-large,bat,30,1,19,24,8.337331,0.628974,True,2.504377,0.562695,True
FacebookAI_roberta-large,bat,31,1,19,24,6.406367,0.48163,True,1.845244,0.413084,True
FacebookAI_roberta-large,bat,32,1,19,24,8.345873,0.629651,True,2.397449,0.539738,True
FacebookAI_roberta-large,bat,33,1,19,24,7.1768,0.540252,True,2.348765,0.528495,True
FacebookAI_roberta-large,bat,34,1,19,24,9.513885,0.719995,True,2.713446,0.610159,True
FacebookAI_roberta-large,bat,35,1,19,24,8.540678,0.645499,True,2.628295,0.594063,True
FacebookAI_roberta-large,bat,36,1,19,24,4.525235,0.338636,True,1.449973,0.327805,True
FacebookAI_roberta-large,bat,37,1,19,24,8.896308,0.671687,True,2.711979,0.611244,True
FacebookAI_roberta-large,bat,38,1,19,24,6.517537,0.490123,True,1.899897,0.427693,True
FacebookAI_roberta-large,bat,39,1,19,24,9.549828,0.721864,True,2.934826,0.660642,True
FacebookAI_roberta-large,crane,0,0,15,24,1.590711,0.125408,True,0.271847,0.065173,True
FacebookAI_roberta-large,crane,1,0,15,24,9.092684,0.739405,True,2.564839,0.638087,True
FacebookAI_roberta-large,crane,2,0,15,24,6.430426,0.516106,True,1.383895,0.336276,True
FacebookAI_roberta-large,crane,3,0,15,24,8.412646,0.68366,True,1.870833,0.463217,True
FacebookAI_roberta-large,crane,4,0,15,24,9.335684,0.761239,True,2.688263,0.671238,True
FacebookAI_roberta-large,crane,5,0,15,24,5.51932,0.44132,True,1.46914,0.356776,True
FacebookAI_roberta-large,crane,6,0,15,24,5.910471,0.476285,True,1.808214,0.446996,True
FacebookAI_roberta-large,crane,7,0,15,24,8.567938,0.694034,True,1.88603,0.461535,True
FacebookAI_roberta-large,crane,8,0,15,24,8.992068,0.72881,True,2.112868,0.516973,True
FacebookAI_roberta-large,crane,9,0,15,24,3.392705,0.268897,True,0.918772,0.222018,True
FacebookAI_roberta-large,crane,10,0,15,24,8.003289,0.65103,True,2.725416,0.682161,True
FacebookAI_roberta-large,crane,11,0,15,24,7.192368,0.578854,True,1.679169,0.408423,True
FacebookAI_roberta-large,crane,12,0,15,24,8.939547,0.725804,True,2.19773,0.539555,True
FacebookAI_roberta-large,crane,13,0,15,24,6.58946,0.528388,True,1.339525,0.32443,True
FacebookAI_roberta-large,crane,14,0,15,24,-3.538652,-0.274604,False,-1.067885,-0.252659,False
FacebookAI_roberta-large,crane,15,0,15,24,4.992146,0.399755,True,1.860082,0.456662,True
FacebookAI_roberta-large,crane,16,0,15,24,6.66523,0.534005,True,1.582371,0.384648,True
FacebookAI_roberta-large,crane,17,0,15,24,6.349122,0.511545,True,2.322594,0.577698,True
FacebookAI_roberta-large,crane,18,0,15,24,7.706361,0.62478,True,1.6031,0.394362,True
FacebookAI_roberta-large,crane,19,0,15,24,3.98441,0.318146,True,1.723255,0.424248,True
FacebookAI_roberta-large,crane,20,1,15,24,8.951374,0.724942,True,2.886564,0.712312,True
FacebookAI_roberta-large,crane,21,1,15,24,8.556084,0.694247,True,2.455,0.602491,True
FacebookAI_roberta-large,crane,22,1,15,24,4.619133,0.368808,True,1.000034,0.243291,True
FacebookAI_roberta-large,crane,23,1,15,24,6.847425,0.549889,True,1.939194,0.472353,True
FacebookAI_roberta-large,crane,24,1,15,24,3.697893,0.293383,True,2.038306,0.497159,True
FacebookAI_roberta-large,crane,25,1,15,24,7.313057,0.591666,True,2.378592,0.588398,True
FacebookAI_roberta-large,crane,26,1,15,24,7.993125,0.647617,True,2.413857,0.595105,True
FacebookAI_roberta-large,crane,27,1,15,24,5.816539,0.465758,True,1.937164,0.472854,True
FacebookAI_roberta-large,crane,28,1,15,24,6.861816,0.551788,True,2.633633,0.649641,True
FacebookAI_roberta-large,crane,29,1,15,24,8.039673,0.650953,True,2.508111,0.616389,True
FacebookAI_roberta-large,crane,30,1,15,24,6.985048,0.563286,True,1.798354,0.440537,True
FacebookAI_roberta-large,crane,31,1,15,24,6.179597,0.495029,True,2.440495,0.596828,True
FacebookAI_roberta-large,crane,32,1,15,24,8.513784,0.685667,True,2.684855,0.659273,True
FacebookAI_roberta-large,crane,33,1,15,24,4.568228,0.36379,True,1.697669,0.412949,True
FacebookAI_roberta-large,crane,34,1,15,24,5.643031,0.451683,True,1.841524,0.448338,True
FacebookAI_roberta-large,crane,35,1,15,24,7.214159,0.580963,True,1.294482,0.315081,True
FacebookAI_roberta-large,crane,36,1,15,24,5.777902,0.464988,True,1.980062,0.486267,True
FacebookAI_roberta-large,crane,37,1,15,24,4.596346,0.367117,True,1.59754,0.388838,True
FacebookAI_roberta-large,crane,38,1,15,24,8.026783,0.649614,True,2.543318,0.62599,True
FacebookAI_roberta-large,crane,39,1,15,24,4.304276,0.342886,True,1.995663,0.487514,True
FacebookAI_roberta-large,spring,0,0,22,24,8.889444,0.658243,True,2.566331,0.541758,True
FacebookAI_roberta-large,spring,1,0,22,24,9.489143,0.706039,True,3.173679,0.677566,True
FacebookAI_roberta-large,spring,2,0,22,24,10.184402,0.757084,True,2.887449,0.611376,True
FacebookAI_roberta-large,spring,3,0,22,24,8.179523,0.606289,True,2.707512,0.580205,True
FacebookAI_roberta-large,spring,4,0,22,24,7.474894,0.55166,True,2.710419,0.57455,True
FacebookAI_roberta-large,spring,5,0,22,24,9.496489,0.70685,True,3.139383,0.670675,True
FacebookAI_roberta-large,spring,6,0,22,24,7.844269,0.58076,True,2.21924,0.470755,True
FacebookAI_roberta-large,spring,7,0,22,24,9.850318,0.732602,True,3.234714,0.690385,True
FacebookAI_roberta-large,spring,8,0,22,24,7.3558,0.543284,True,2.190841,0.462757,True
FacebookAI_roberta-large,spring,9,0,22,24,7.844311,0.57888,True,2.121421,0.44636,True
FacebookAI_roberta-large,spring,10,0,22,24,9.39852,0.697885,True,3.125544,0.66757,True
FacebookAI_roberta-large,spring,11,0,22,24,4.329395,0.317577,True,1.177793,0.247264,True
FacebookAI_roberta-large,spring,12,0,22,24,6.832658,0.503198,True,2.393263,0.507543,True
FacebookAI_roberta-large,spring,13,0,22,24,6.90007,0.511291,True,2.419255,0.513824,True
FacebookAI_roberta-large,spring,14,0,22,24,7.76072,0.574287,True,2.461076,0.522602,True
FacebookAI_roberta-large,spring,15,0,22,24,3.630919,0.265231,True,0.943339,0.197037,True
FacebookAI_roberta-large,spring,16,0,22,24,9.6084,0.713374,True,3.064762,0.65067,True
FacebookAI_roberta-large,spring,17,0,19,24,8.098677,0.582402,True,2.740603,0.581851,True
FacebookAI_roberta-large,spring,18,0,22,24,7.254572,0.53613,True,2.124216,0.449687,True
FacebookAI_roberta-large,spring,19,0,22,24,6.347381,0.467672,True,1.938259,0.40866,True
FacebookAI_roberta-large,spring,20,1,22,24,9.31711,0.691921,True,2.628005,0.55785,True
FacebookAI_roberta-large,spring,21,1,19,24,9.025333,0.648231,True,3.089459,0.653714,True
FacebookAI_roberta-large,spring,22,1,19,24,8.685052,0.626508,True,2.922725,0.620565,True
FacebookAI_roberta-large,spring,23,1,22,24,8.968199,0.666346,True,2.50385,0.532114,True
FacebookAI_roberta-large,spring,24,1,19,24,1.799867,0.126961,True,1.458824,0.306954,True
FacebookAI_roberta-large,spring,25,1,22,24,10.452774,0.778349,True,3.52694,0.752394,True
FacebookAI_roberta-large,spring,26,1,22,24,7.513522,0.556255,True,2.423672,0.513595,True
FacebookAI_roberta-large,spring,27,1,19,24,9.530846,0.687797,True,3.119315,0.663176,True
FacebookAI_roberta-large,spring,28,1,22,24,7.41313,0.547586,True,2.254876,0.476699,True
FacebookAI_roberta-large,spring,29,1,19,24,1.696363,0.119557,True,1.205153,0.252135,True
FacebookAI_roberta-large,spring,30,1,19,24,7.546082,0.541356,True,2.529222,0.536386,True
FacebookAI_roberta-large,spring,31,1,22,24,8.754233,0.650839,True,2.961586,0.630534,True
FacebookAI_roberta-large,spring,32,1,19,24,4.296071,0.306069,True,1.880441,0.398016,True
FacebookAI_roberta-large,spring,33,1,19,24,8.896513,0.640426,True,3.212489,0.682392,True
FacebookAI_roberta-large,spring,34,1,22,24,9.118006,0.677136,True,3.110148,0.662085,True
FacebookAI_roberta-large,spring,35,1,19,24,6.928718,0.49534,True,2.462815,0.519411,True
FacebookAI_roberta-large,spring,36,1,22,24,7.270819,0.538614,True,2.402192,0.509163,True
FacebookAI_roberta-large,spring,37,1,19,24,6.566735,0.471638,True,2.268181,0.481196,True
FacebookAI_roberta-large,spring,38,1,22,24,9.501017,0.705158,True,3.119902,0.663499,True
FacebookAI_roberta-large,spring,39,1,19,24,9.027142,0.648673,True,3.289457,0.700072,True
FacebookAI_roberta-large,match,0,0,23,24,7.133648,0.572169,True,2.859467,0.577881,True
FacebookAI_roberta-large,match,1,0,23,24,8.101327,0.654293,True,3.313074,0.67579,True
FacebookAI_roberta-large,match,2,0,23,24,7.324321,0.588941,True,2.836969,0.574311,True
FacebookAI_roberta-large,match,3,0,23,24,8.594898,0.691089,True,3.276314,0.662399,True
FacebookAI_roberta-large,match,4,0,23,24,5.745659,0.459745,True,1.976514,0.396581,True
FacebookAI_roberta-large,match,5,0,23,24,7.877094,0.632582,True,2.665239,0.536389,True
FacebookAI_roberta-large,match,6,0,23,24,8.462612,0.682818,True,3.269466,0.665172,True
FacebookAI_roberta-large,match,7,0,23,24,6.072456,0.486305,True,2.105175,0.422967,True
FacebookAI_roberta-large,match,8,0,23,24,8.483107,0.681923,True,3.116351,0.629112,True
FacebookAI_roberta-large,match,9,0,23,24,8.132273,0.65574,True,3.05779,0.622016,True
FacebookAI_roberta-large,match,10,0,23,24,6.551003,0.525099,True,2.396812,0.483066,True
FacebookAI_roberta-large,match,11,0,23,24,8.308313,0.669184,True,3.368761,0.684971,True
FacebookAI_roberta-large,match,12,0,23,24,5.192862,0.415536,True,2.096856,0.422868,True
FacebookAI_roberta-large,match,13,0,23,24,8.305071,0.667323,True,3.146673,0.636527,True
FacebookAI_roberta-large,match,14,0,23,24,7.751811,0.622806,True,2.610527,0.525226,True
FacebookAI_roberta-large,match,15,0,23,24,7.513652,0.603943,True,3.011938,0.611567,True
FacebookAI_roberta-large,match,16,0,23,24,6.788137,0.54469,True,2.368731,0.477115,True
FacebookAI_roberta-large,match,17,0,23,24,7.946796,0.640462,True,2.97174,0.602061,True
FacebookAI_roberta-large,match,18,0,23,24,5.703297,0.45646,True,2.179878,0.439721,True
FacebookAI_roberta-large,match,19,0,23,24,8.09144,0.650612,True,3.223519,0.652235,True
FacebookAI_roberta-large,match,20,1,23,24,6.237509,0.502328,True,1.784101,0.3611,True
FacebookAI_roberta-large,match,21,1,23,24,7.29705,0.58992,True,2.376306,0.48155,True
FacebookAI_roberta-large,match,22,1,19,24,-3.711137,-0.261308,False,0.324688,0.064294,True
FacebookAI_roberta-large,match,23,1,23,24,6.156796,0.495177,True,2.286204,0.463171,True
FacebookAI_roberta-large,match,24,1,23,24,6.214741,0.500066,True,2.5549,0.517489,True
FacebookAI_roberta-large,match,25,1,23,24,8.189947,0.663522,True,3.099868,0.631264,True
FacebookAI_roberta-large,match,26,1,23,24,6.269485,0.503463,True,2.399086,0.485655,True
FacebookAI_roberta-large,match,27,1,23,24,1.825322,0.144427,True,0.763219,0.15197,True
FacebookAI_roberta-large,match,28,1,23,24,6.583996,0.532271,True,2.662409,0.542165,True
FacebookAI_roberta-large,match,29,1,23,24,6.952702,0.563194,True,2.414827,0.490603,True
FacebookAI_roberta-large,match,30,1,23,24,7.930835,0.640239,True,2.737463,0.554808,True
FacebookAI_roberta-large,match,31,1,24,24,-0.227007,-0.044705,False,-0.227007,-0.044705,False
FacebookAI_roberta-large,match,32,1,23,24,3.959737,0.317272,True,1.704674,0.344348,True
FacebookAI_roberta-large,match,33,1,23,24,6.461561,0.519948,True,2.560138,0.517692,True
FacebookAI_roberta-large,match,34,1,23,24,5.565706,0.445531,True,2.014724,0.405864,True
FacebookAI_roberta-large,match,35,1,23,24,6.632007,0.533811,True,2.414857,0.490253,True
FacebookAI_roberta-large,match,36,1,23,24,6.228269,0.504593,True,2.466288,0.503865,True
FacebookAI_roberta-large,match,37,1,23,24,8.346162,0.675662,True,3.109956,0.631711,True
FacebookAI_roberta-large,match,38,1,23,24,7.582566,0.611704,True,2.942578,0.59692,True
FacebookAI_roberta-large,match,39,1,23,24,7.097415,0.573789,True,2.741427,0.556459,True
FacebookAI_roberta-large,pitch,0,0,21,24,8.088087,0.560599,True,2.806094,0.537172,True
FacebookAI_roberta-large,pitch,1,0,21,24,6.945385,0.478575,True,1.77403,0.335176,True
FacebookAI_roberta-large,pitch,2,0,21,24,6.681577,0.460082,True,2.002744,0.379115,True
FacebookAI_roberta-large,pitch,3,0,21,24,7.558652,0.523525,True,2.420514,0.461675,True
FacebookAI_roberta-large,pitch,4,0,21,24,8.81389,0.61081,True,3.082491,0.589562,True
FacebookAI_roberta-large,pitch,5,0,21,24,7.308262,0.504276,True,2.30671,0.437668,True
FacebookAI_roberta-large,pitch,6,0,21,24,10.28289,0.715512,True,3.598062,0.692747,True
FacebookAI_roberta-large,pitch,7,0,21,24,9.274424,0.643233,True,3.246876,0.62399,True
FacebookAI_roberta-large,pitch,8,0,21,24,6.887293,0.474689,True,2.550354,0.485677,True
FacebookAI_roberta-large,pitch,9,0,21,24,7.948507,0.551098,True,2.602653,0.498139,True
FacebookAI_roberta-large,pitch,10,0,21,24,6.570646,0.453666,True,1.98779,0.377819,True
FacebookAI_roberta-large,pitch,11,0,21,24,11.159134,0.777754,True,3.938869,0.760772,True
FacebookAI_roberta-large,pitch,12,0,21,24,9.454285,0.655478,True,3.281842,0.627468,True
FacebookAI_roberta-large,pitch,13,0,21,24,8.011567,0.554607,True,2.713328,0.520882,True
FacebookAI_roberta-large,pitch,14,0,21,24,9.47336,0.656571,True,2.958736,0.564052,True
FacebookAI_roberta-large,pitch,15,0,21,24,8.630445,0.597192,True,3.246204,0.620696,True
FacebookAI_roberta-large,pitch,16,0,21,24,8.878582,0.616119,True,3.247087,0.622086,True
FacebookAI_roberta-large,pitch,17,0,21,24,8.635897,0.59814,True,2.953279,0.564062,True
FacebookAI_roberta-large,pitch,18,0,21,24,7.563014,0.522062,True,2.306123,0.437497,True
FacebookAI_roberta-large,pitch,19,0,21,24,7.906949,0.546109,True,2.948726,0.563347,True
FacebookAI_roberta-large,pitch,20,1,21,24,8.84693,0.613306,True,3.099686,0.591622,True
FacebookAI_roberta-large,pitch,21,1,21,24,8.488438,0.589992,True,2.54521,0.489096,True
FacebookAI_roberta-large,pitch,22,1,21,24,10.403671,0.724287,True,3.671078,0.703368,True
FacebookAI_roberta-large,pitch,23,1,21,24,10.259289,0.713914,True,3.37947,0.648525,True
FacebookAI_roberta-large,pitch,24,1,21,24,9.735276,0.677699,True,3.516593,0.675765,True
FacebookAI_roberta-large,pitch,25,1,21,24,4.394704,0.30143,True,1.663515,0.314873,True
FacebookAI_roberta-large,pitch,26,1,21,24,9.459873,0.658348,True,3.276429,0.630418,True
FacebookAI_roberta-large,pitch,27,1,21,24,9.52467,0.662697,True,3.039315,0.584144,True
FacebookAI_roberta-large,pitch,28,1,21,24,-0.725522,-0.04891,False,-0.118695,-0.022117,False
FacebookAI_roberta-large,pitch,29,1,21,24,5.927312,0.408587,True,2.05797,0.3913,True
FacebookAI_roberta-large,pitch,30,1,21,24,8.299196,0.574134,True,3.069158,0.58615,True
FacebookAI_roberta-large,pitch,31,1,21,24,10.357224,0.721419,True,3.556527,0.683002,True
FacebookAI_roberta-large,pitch,32,1,21,24,8.593058,0.596556,True,3.001467,0.575754,True
FacebookAI_roberta-large,pitch,33,1,21,24,8.463253,0.587306,True,2.44027,0.465752,True
FacebookAI_roberta-large,pitch,34,1,21,24,3.487088,0.238735,True,1.28758,0.243699,True
FacebookAI_roberta-large,pitch,35,1,21,24,9.580106,0.666775,True,3.045572,0.583521,True
FacebookAI_roberta-large,pitch,36,1,21,24,8.791226,0.61097,True,3.075892,0.590196,True
FacebookAI_roberta-large,pitch,37,1,21,24,8.784211,0.610172,True,2.988966,0.572331,True
FacebookAI_roberta-large,pitch,38,1,21,24,8.172294,0.565557,True,2.691422,0.51364,True
FacebookAI_roberta-large,pitch,39,1,21,24,5.044049,0.34632,True,1.411457,0.266927,True
FacebookAI_xlm-roberta-large,bank,0,0,23,24,8.127916,0.739163,True,2.102303,0.714804,True
FacebookAI_xlm-roberta-large,bank,1,0,23,24,5.765478,0.520456,True,1.511296,0.51113,True
FacebookAI_xlm-roberta-large,bank,2,0,23,24,6.541535,0.594312,True,1.660769,0.566765,True
FacebookAI_xlm-roberta-large,bank,3,0,23,24,-1.966186,-0.172,False,-0.481522,-0.157521,False
FacebookAI_xlm-roberta-large,bank,4,0,23,24,6.303667,0.569169,True,1.577801,0.531849,True
FacebookAI_xlm-roberta-large,bank,5,0,23,24,4.67704,0.420238,True,1.086657,0.36406,True
FacebookAI_xlm-roberta-large,bank,6,0,23,24,3.808041,0.341691,True,0.891099,0.299158,True
FacebookAI_xlm-roberta-large,bank,7,0,23,24,4.197123,0.376626,True,0.996587,0.333737,True
FacebookAI_xlm-roberta-large,bank,8,0,23,24,6.146407,0.5564,True,1.539296,0.520463,True
FacebookAI_xlm-roberta-large,bank,9,0,23,24,6.791247,0.615305,True,1.738211,0.587951,True
FacebookAI_xlm-roberta-large,bank,10,0,23,24,3.663871,0.32723,True,0.71089,0.236419,True
FacebookAI_xlm-roberta-large,bank,11,0,23,24,6.540624,0.592534,True,1.692579,0.573603,True
FacebookAI_xlm-roberta-large,bank,12,0,23,24,5.391531,0.487839,True,1.408237,0.476219,True
FacebookAI_xlm-roberta-large,bank,13,0,23,24,7.460859,0.676268,True,1.894862,0.640237,True
FacebookAI_xlm-roberta-large,bank,14,0,23,24,7.245508,0.656895,True,1.950014,0.660243,True
FacebookAI_xlm-roberta-large,bank,15,0,23,24,6.246238,0.567859,True,1.720978,0.58732,True
FacebookAI_xlm-roberta-large,bank,16,0,23,24,7.2104,0.652744,True,1.750179,0.59011,True
FacebookAI_xlm-roberta-large,bank,17,0,23,24,6.924759,0.626606,True,1.787295,0.60478,True
FacebookAI_xlm-roberta-large,bank,18,0,23,24,7.88732,0.717962,True,2.107993,0.719549,True
FacebookAI_xlm-roberta-large,bank,19,0,23,24,6.8209,0.616601,True,1.710089,0.577294,True
FacebookAI_xlm-roberta-large,bank,20,1,23,24,8.858137,0.804699,True,2.272258,0.770202,True
FacebookAI_xlm-roberta-large,bank,21,1,23,24,5.9196,0.532909,True,1.574395,0.530383,True
FacebookAI_xlm-roberta-large,bank,22,1,23,24,7.06263,0.637573,True,1.696659,0.571835,True
FacebookAI_xlm-roberta-large,bank,23,1,23,24,4.338728,0.387909,True,1.347768,0.451811,True
FacebookAI_xlm-roberta-large,bank,24,1,23,24,4.074832,0.364115,True,0.973392,0.324801,True
FacebookAI_xlm-roberta-large,bank,25,1,23,24,5.050283,0.453083,True,1.370282,0.461807,True
FacebookAI_xlm-roberta-large,bank,26,1,23,24,7.636915,0.690186,True,1.952927,0.658978,True
FacebookAI_xlm-roberta-large,bank,27,1,23,24,7.636914,0.691843,True,1.981868,0.670197,True
FacebookAI_xlm-roberta-large,bank,28,1,23,24,7.946564,0.72047,True,2.02225,0.684999,True
FacebookAI_xlm-roberta-large,bank,29,1,23,24,8.506228,0.772177,True,2.196029,0.744661,True
FacebookAI_xlm-roberta-large,bank,30,1,23,24,7.970829,0.721569,True,2.036834,0.689252,True
FacebookAI_xlm-roberta-large,bank,31,1,23,24,7.777535,0.702612,True,2.005949,0.677533,True
FacebookAI_xlm-roberta-large,bank,32,1,23,24,6.399551,0.576327,True,1.701878,0.572983,True
FacebookAI_xlm-roberta-large,bank,33,1,23,24,7.583641,0.686573,True,1.991896,0.673498,True
FacebookAI_xlm-roberta-large,bank,34,1,23,24,8.315711,0.754622,True,2.14317,0.725623,True
FacebookAI_xlm-roberta-large,bank,35,1,23,24,4.976066,0.446355,True,1.40015,0.469772,True
FacebookAI_xlm-roberta-large,bank,36,1,23,24,8.365684,0.757851,True,2.151757,0.728801,True
FacebookAI_xlm-roberta-large,bank,37,1,23,24,8.891994,0.806218,True,2.210391,0.748801,True
FacebookAI_xlm-roberta-large,bank,38,1,23,24,8.275921,0.751441,True,2.166812,0.735048,True
FacebookAI_xlm-roberta-large,bank,39,1,23,24,5.678072,0.509487,True,1.448311,0.485546,True
FacebookAI_xlm-roberta-large,bark,0,0,14,24,5.349765,0.64354,True,1.023377,0.601521,True
FacebookAI_xlm-roberta-large,bark,1,0,21,24,2.655909,0.393389,True,0.048882,0.027522,True
FacebookAI_xlm-roberta-large,bark,2,0,21,24,2.282558,0.336482,True,0.037642,0.021176,True
FacebookAI_xlm-roberta-large,bark,3,0,14,24,5.058032,0.606031,True,1.005734,0.589402,True
FacebookAI_xlm-roberta-large,bark,4,0,21,24,1.217877,0.177864,True,-0.29543,-0.163798,False
FacebookAI_xlm-roberta-large,bark,5,0,21,24,1.617881,0.237353,True,-0.256513,-0.142482,False
FacebookAI_xlm-roberta-large,bark,6,0,21,24,2.734201,0.4053,True,0.027781,0.015629,True
FacebookAI_xlm-roberta-large,bark,7,0,14,24,4.597375,0.550797,True,0.988996,0.58121,True
FacebookAI_xlm-roberta-large,bark,8,0,21,24,4.089382,0.609188,True,0.993176,0.582377,True
FacebookAI_xlm-roberta-large,bark,9,0,14,24,3.901882,0.465569,True,0.847768,0.494432,True
FacebookAI_xlm-roberta-large,bark,10,0,21,24,4.01866,0.597885,True,0.968524,0.568622,True
FacebookAI_xlm-roberta-large,bark,11,0,14,24,3.707747,0.440563,True,0.764928,0.439747,True
FacebookAI_xlm-roberta-large,bark,12,0,21,24,2.402391,0.354331,True,0.036231,0.020378,True
FacebookAI_xlm-roberta-large,bark,13,0,21,24,2.465031,0.3665,True,0.064472,0.036358,True
FacebookAI_xlm-roberta-large,bark,14,0,14,24,2.312112,0.272098,True,0.628276,0.360479,True
FacebookAI_xlm-roberta-large,bark,15,0,14,24,4.754255,0.568008,True,0.984313,0.576851,True
FacebookAI_xlm-roberta-large,bark,16,0,11,24,-0.592832,-0.07482,False,0.364204,0.207059,True
FacebookAI_xlm-roberta-large,bark,17,0,14,24,5.076473,0.609394,True,1.043154,0.610255,True
FacebookAI_xlm-roberta-large,bark,18,0,21,24,2.336946,0.345242,True,0.180321,0.102057,True
FacebookAI_xlm-roberta-large,bark,19,0,14,24,2.766994,0.326697,True,0.741467,0.428849,True
FacebookAI_xlm-roberta-large,bark,20,1,21,24,1.125713,0.163668,True,-0.219427,-0.122165,False
FacebookAI_xlm-roberta-large,bark,21,1,21,24,0.948232,0.137738,True,-0.291421,-0.161872,False
FacebookAI_xlm-roberta-large,bark,22,1,14,24,4.823005,0.582502,True,0.940303,0.548651,True
FacebookAI_xlm-roberta-large,bark,23,1,21,24,1.347573,0.196593,True,-0.119227,-0.066637,False
FacebookAI_xlm-roberta-large,bark,24,1,14,24,5.429785,0.656197,True,1.068307,0.628452,True
FacebookAI_xlm-roberta-large,bark,25,1,21,24,1.146085,0.166821,True,-0.136735,-0.076373,False
FacebookAI_xlm-roberta-large,bark,26,1,14,24,3.517882,0.42074,True,0.950734,0.554802,True
FacebookAI_xlm-roberta-large,bark,27,1,14,24,5.331024,0.643813,True,1.002741,0.587176,True
FacebookAI_xlm-roberta-large,bark,28,1,21,24,1.250599,0.182254,True,-0.33969,-0.187843,False
FacebookAI_xlm-roberta-large,bark,29,1,14,24,5.035639,0.607987,True,1.042235,0.611368,True
FacebookAI_xlm-roberta-large,bark,30,1,14,24,3.67287,0.439727,True,0.987114,0.581083,True
FacebookAI_xlm-roberta-large,bark,31,1,14,24,4.187875,0.501684,True,0.954105,0.559272,True
FacebookAI_xlm-roberta-large,bark,32,1,21,24,0.903296,0.131289,True,-0.268224,-0.149022,False
FacebookAI_xlm-roberta-large,bark,33,1,14,24,4.522214,0.543742,True,0.914862,0.532294,True
FacebookAI_xlm-roberta-large,bark,34,1,21,24,1.161105,0.169028,True,-0.271492,-0.150778,False
FacebookAI_xlm-roberta-large,bark,35,1,14,24,4.604554,0.555344,True,0.826609,0.480256,True
FacebookAI_xlm-roberta-large,bark,36,1,21,24,1.17203,0.170654,True,-0.2326,-0.129433,False
FacebookAI_xlm-roberta-large,bark,37,1,21,24,2.883265,0.431081,True,0.956845,0.564093,True
FacebookAI_xlm-roberta-large,bark,38,1,14,24,5.08681,0.615384,True,1.073589,0.630304,True
FacebookAI_xlm-roberta-large,bark,39,1,14,24,4.126984,0.49583,True,1.035385,0.609215,True
FacebookAI_xlm-roberta-large,bat,0,0,21,24,6.684032,0.689553,True,1.536998,0.625175,True
FacebookAI_xlm-roberta-large,bat,1,0,21,24,5.61364,0.572164,True,1.384138,0.559107,True
FacebookAI_xlm-roberta-large,bat,2,0,21,24,6.101358,0.628272,True,1.352364,0.551085,True
FacebookAI_xlm-roberta-large,bat,3,0,21,24,7.273098,0.74579,True,1.804748,0.733268,True
FacebookAI_xlm-roberta-large,bat,4,0,21,24,0.969244,0.096904,True,0.659464,0.263735,True
FacebookAI_xlm-roberta-large,bat,5,0,21,24,6.571062,0.678945,True,1.482489,0.605116,True
FacebookAI_xlm-roberta-large,bat,6,0,21,24,3.074942,0.309684,True,0.785655,0.31422,True
FacebookAI_xlm-roberta-large,bat,7,0,21,24,4.423737,0.452105,True,1.271619,0.517267,True
FacebookAI_xlm-roberta-large,bat,8,0,21,24,2.01587,0.202678,True,0.709516,0.284262,True
FacebookAI_xlm-roberta-large,bat,9,0,21,24,2.759807,0.278467,True,0.651436,0.26044,True
FacebookAI_xlm-roberta-large,bat,10,0,21,24,4.694226,0.477152,True,1.09747,0.441323,True
FacebookAI_xlm-roberta-large,bat,11,0,21,24,6.458021,0.662332,True,1.549993,0.630697,True
FacebookAI_xlm-roberta-large,bat,12,0,21,24,5.285728,0.537017,True,1.412039,0.569378,True
FacebookAI_xlm-roberta-large,bat,13,0,21,24,6.830913,0.707243,True,1.650206,0.673499,True
FacebookAI_xlm-roberta-large,bat,14,0,21,24,6.883176,0.709793,True,1.629004,0.666788,True
FacebookAI_xlm-roberta-large,bat,15,0,21,24,6.306452,0.64666,True,1.627475,0.662301,True
FacebookAI_xlm-roberta-large,bat,16,0,21,24,6.296822,0.644351,True,1.469458,0.595112,True
FacebookAI_xlm-roberta-large,bat,17,0,21,24,1.932025,0.193837,True,0.677878,0.270791,True
FacebookAI_xlm-roberta-large,bat,18,0,21,24,1.482713,0.148877,True,0.461162,0.184416,True
FacebookAI_xlm-roberta-large,bat,19,0,21,24,7.537278,0.774096,True,1.7657,0.718109,True
FacebookAI_xlm-roberta-large,bat,20,1,21,24,4.142645,0.420929,True,0.890478,0.359349,True
FacebookAI_xlm-roberta-large,bat,21,1,21,24,3.910083,0.395398,True,0.811233,0.324739,True
FacebookAI_xlm-roberta-large,bat,22,1,21,24,6.439175,0.661451,True,1.409381,0.570901,True
FacebookAI_xlm-roberta-large,bat,23,1,21,24,2.619388,0.265319,True,0.555495,0.225103,True
FacebookAI_xlm-roberta-large,bat,24,1,21,24,2.894593,0.293169,True,0.585508,0.236953,True
FacebookAI_xlm-roberta-large,bat,25,1,21,24,6.187915,0.633519,True,1.209454,0.489322,True
FacebookAI_xlm-roberta-large,bat,26,1,21,24,4.987687,0.509267,True,1.146688,0.463593,True
FacebookAI_xlm-roberta-large,bat,27,1,21,24,5.99664,0.615484,True,1.405407,0.571274,True
FacebookAI_xlm-roberta-large,bat,28,1,21,24,2.202944,0.222877,True,0.514763,0.206927,True
FacebookAI_xlm-roberta-large,bat,29,1,21,24,5.076909,0.518354,True,1.249645,0.506347,True
FacebookAI_xlm-roberta-large,bat,30,1,21,24,5.424083,0.553356,True,1.171849,0.472455,True
FacebookAI_xlm-roberta-large,bat,31,1,21,24,3.676007,0.37357,True,0.801574,0.322456,True
FacebookAI_xlm-roberta-large,bat,32,1,21,24,4.466682,0.454743,True,0.926611,0.372809,True
FacebookAI_xlm-roberta-large,bat,33,1,21,24,5.867198,0.602099,True,1.257977,0.509061,True
FacebookAI_xlm-roberta-large,bat,34,1,21,24,6.270074,0.643137,True,1.198032,0.485063,True
FacebookAI_xlm-roberta-large,bat,35,1,21,24,5.442846,0.556246,True,1.130673,0.457685,True
FacebookAI_xlm-roberta-large,bat,36,1,21,24,4.145066,0.423522,True,0.939049,0.380116,True
FacebookAI_xlm-roberta-large,bat,37,1,21,24,4.748273,0.483671,True,1.124559,0.454308,True
FacebookAI_xlm-roberta-large,bat,38,1,21,24,2.723953,0.275445,True,0.590024,0.239027,True
FacebookAI_xlm-roberta-large,bat,39,1,21,24,5.629827,0.574088,True,1.243837,0.50213,True
FacebookAI_xlm-roberta-large,crane,0,0,21,24,-1.526386,-0.211595,False,-0.213138,-0.105476,False
FacebookAI_xlm-roberta-large,crane,1,0,21,24,4.145623,0.603212,True,1.135616,0.591997,True
FacebookAI_xlm-roberta-large,crane,2,0,21,24,1.995535,0.284698,True,0.506533,0.256846,True
FacebookAI_xlm-roberta-large,crane,3,0,21,24,3.043429,0.437758,True,0.91832,0.468993,True
FacebookAI_xlm-roberta-large,crane,4,0,21,24,4.542628,0.66419,True,1.186916,0.621717,True
FacebookAI_xlm-roberta-large,crane,5,0,21,24,-0.501906,-0.070026,False,-0.016045,-0.007977,False
FacebookAI_xlm-roberta-large,crane,6,0,21,24,4.285706,0.632214,True,1.190598,0.630929,True
FacebookAI_xlm-roberta-large,crane,7,0,22,24,-0.699644,-0.099269,False,-0.470206,-0.228975,False
FacebookAI_xlm-roberta-large,crane,8,0,21,24,3.366346,0.484625,True,0.806555,0.411669,True
FacebookAI_xlm-roberta-large,crane,9,0,21,24,-1.347084,-0.186998,False,-0.44924,-0.221181,False
FacebookAI_xlm-roberta-large,crane,10,0,13,24,3.364388,0.550738,True,0.707822,0.364419,True
FacebookAI_xlm-roberta-large,crane,11,0,21,24,3.239214,0.466994,True,0.755613,0.38503,True
FacebookAI_xlm-roberta-large,crane,12,0,21,24,4.076339,0.593304,True,1.007054,0.518823,True
FacebookAI_xlm-roberta-large,crane,13,0,24,24,-0.1414,-0.070116,False,-0.1414,-0.070116,False
FacebookAI_xlm-roberta-large,crane,14,0,13,24,-0.828846,-0.128199,False,-0.641056,-0.310662,False
FacebookAI_xlm-roberta-large,crane,15,0,21,24,3.137302,0.451973,True,0.959423,0.496362,True
FacebookAI_xlm-roberta-large,crane,16,0,21,24,3.188947,0.45888,True,0.926999,0.472879,True
FacebookAI_xlm-roberta-large,crane,17,0,21,24,3.951519,0.5755,True,1.120335,0.584863,True
FacebookAI_xlm-roberta-large,crane,18,0,21,24,3.522673,0.511868,True,0.870986,0.4493,True
FacebookAI_xlm-roberta-large,crane,19,0,21,24,2.756575,0.396768,True,0.84452,0.436491,True
FacebookAI_xlm-roberta-large,crane,20,1,21,24,4.782474,0.691194,True,1.217323,0.622633,True
FacebookAI_xlm-roberta-large,crane,21,1,21,24,2.072278,0.295386,True,0.627765,0.318503,True
FacebookAI_xlm-roberta-large,crane,22,1,21,24,1.590331,0.225941,True,0.366876,0.185075,True
FacebookAI_xlm-roberta-large,crane,23,1,21,24,2.623127,0.374125,True,0.902365,0.458272,True
FacebookAI_xlm-roberta-large,crane,24,1,21,24,2.347676,0.333511,True,0.463699,0.232873,True
FacebookAI_xlm-roberta-large,crane,25,1,21,24,4.189908,0.60669,True,1.158077,0.594207,True
FacebookAI_xlm-roberta-large,crane,26,1,21,24,4.586938,0.667114,True,1.093338,0.558738,True
FacebookAI_xlm-roberta-large,crane,27,1,21,24,2.455842,0.350243,True,0.754258,0.383883,True
FacebookAI_xlm-roberta-large,crane,28,1,20,24,-0.833013,-0.114735,False,0.079178,0.040117,True
FacebookAI_xlm-roberta-large,crane,29,1,21,24,4.523748,0.657051,True,1.153353,0.591317,True
FacebookAI_xlm-roberta-large,crane,30,1,21,24,2.130393,0.304791,True,0.570896,0.289816,True
FacebookAI_xlm-roberta-large,crane,31,1,21,24,3.940038,0.567327,True,1.187689,0.608034,True
FacebookAI_xlm-roberta-large,crane,32,1,20,24,-0.76469,-0.10539,False,0.150794,0.07624,True
FacebookAI_xlm-roberta-large,crane,33,1,21,24,3.135063,0.447712,True,0.884548,0.448363,True
FacebookAI_xlm-roberta-large,crane,34,1,21,24,3.556828,0.511471,True,0.92311,0.471021,True
FacebookAI_xlm-roberta-large,crane,35,1,21,24,4.348891,0.626816,True,1.071615,0.54597,True
FacebookAI_xlm-roberta-large,crane,36,1,21,24,4.002641,0.578977,True,1.014415,0.517936,True
FacebookAI_xlm-roberta-large,crane,37,1,21,24,3.522576,0.506266,True,0.986217,0.50241,True
FacebookAI_xlm-roberta-large,crane,38,1,21,24,4.494615,0.65253,True,1.175245,0.601354,True
FacebookAI_xlm-roberta-large,crane,39,1,21,24,2.14425,0.304609,True,0.706398,0.357179,True
FacebookAI_xlm-roberta-large,spring,0,0,13,24,3.703871,0.554047,True,1.277412,0.516568,True
FacebookAI_xlm-roberta-large,spring,1,0,13,24,2.71966,0.402622,True,1.311226,0.531129,True
FacebookAI_xlm-roberta-large,spring,2,0,13,24,3.641965,0.542549,True,1.412208,0.571803,True
FacebookAI_xlm-roberta-large,spring,3,0,13,24,2.245569,0.331898,True,1.46634,0.602647,True
FacebookAI_xlm-roberta-large,spring,4,0,13,24,0.744518,0.108456,True,1.336182,0.541757,True
FacebookAI_xlm-roberta-large,spring,5,0,13,24,4.117331,0.618018,True,1.43514,0.58271,True
FacebookAI_xlm-roberta-large,spring,6,0,13,24,2.220796,0.328198,True,1.412424,0.578409,True
FacebookAI_xlm-roberta-large,spring,7,0,13,24,3.743452,0.559259,True,1.638036,0.668831,True
FacebookAI_xlm-roberta-large,spring,8,0,13,24,2.065104,0.304852,True,0.898469,0.361635,True
FacebookAI_xlm-roberta-large,spring,9,0,13,24,1.819676,0.268111,True,0.866068,0.348617,True
FacebookAI_xlm-roberta-large,spring,10,0,12,24,2.012034,0.295103,True,1.469925,0.599099,True
FacebookAI_xlm-roberta-large,spring,11,0,13,24,0.963892,0.141126,True,1.097583,0.448427,True
FacebookAI_xlm-roberta-large,spring,12,0,12,24,1.269494,0.184434,True,1.385994,0.564622,True
FacebookAI_xlm-roberta-large,spring,13,0,13,24,2.548319,0.379192,True,0.95901,0.387432,True
FacebookAI_xlm-roberta-large,spring,14,0,13,24,1.870151,0.275286,True,1.504275,0.618931,True
FacebookAI_xlm-roberta-large,spring,15,0,13,24,0.968744,0.141619,True,-0.457083,-0.179416,False
FacebookAI_xlm-roberta-large,spring,16,0,13,24,3.551576,0.528381,True,1.421196,0.577668,True
FacebookAI_xlm-roberta-large,spring,17,0,12,24,1.183558,0.17242,True,1.508102,0.620426,True
FacebookAI_xlm-roberta-large,spring,18,0,13,24,2.115989,0.313038,True,1.073068,0.436689,True
FacebookAI_xlm-roberta-large,spring,19,0,13,24,3.049341,0.452445,True,0.645285,0.258645,True
FacebookAI_xlm-roberta-large,spring,20,1,13,24,3.21425,0.478819,True,1.244642,0.506764,True
FacebookAI_xlm-roberta-large,spring,21,1,13,24,1.658443,0.242859,True,-0.768387,-0.300704,False
FacebookAI_xlm-roberta-large,spring,22,1,12,24,3.004598,0.449561,True,1.258576,0.516335,True
FacebookAI_xlm-roberta-large,spring,23,1,13,24,3.750955,0.563691,True,1.571529,0.644949,True
FacebookAI_xlm-roberta-large,spring,24,1,13,24,1.753341,0.2572,True,0.504217,0.201511,True
FacebookAI_xlm-roberta-large,spring,25,1,13,24,4.13922,0.625304,True,1.716602,0.713773,True
FacebookAI_xlm-roberta-large,spring,26,1,13,24,2.639563,0.395954,True,1.028266,0.417173,True
FacebookAI_xlm-roberta-large,spring,27,1,13,24,3.298403,0.489511,True,1.438838,0.589022,True
FacebookAI_xlm-roberta-large,spring,28,1,13,24,0.955261,0.139325,True,1.371889,0.563713,True
FacebookAI_xlm-roberta-large,spring,29,1,13,24,0.187914,0.027202,True,-1.131375,-0.440314,False
FacebookAI_xlm-roberta-large,spring,30,1,13,24,2.512211,0.371554,True,1.527816,0.628458,True
FacebookAI_xlm-roberta-large,spring,31,1,12,24,2.852382,0.42829,True,1.536329,0.631875,True
FacebookAI_xlm-roberta-large,spring,32,1,13,24,-0.207831,-0.029991,False,1.174328,0.477966,True
FacebookAI_xlm-roberta-large,spring,33,1,12,24,1.0224,0.148407,True,0.412149,0.164399,True
FacebookAI_xlm-roberta-large,spring,34,1,13,24,3.189834,0.47742,True,1.459543,0.600125,True
FacebookAI_xlm-roberta-large,spring,35,1,13,24,1.723516,0.252412,True,-0.060535,-0.023955,False
FacebookAI_xlm-roberta-large,spring,36,1,13,24,1.748138,0.257003,True,1.499909,0.615303,True
FacebookAI_xlm-roberta-large,spring,37,1,13,24,2.369514,0.349154,True,1.605572,0.6556,True
FacebookAI_xlm-roberta-large,spring,38,1,13,24,3.03231,0.450469,True,1.5921,0.656656,True
FacebookAI_xlm-roberta-large,spring,39,1,12,24,1.660365,0.241968,True,0.782593,0.314354,True
FacebookAI_xlm-roberta-large,match,0,0,20,24,3.768664,0.475881,True,1.285875,0.58169,True
FacebookAI_xlm-roberta-large,match,1,0,20,24,4.11531,0.523328,True,1.446058,0.662627,True
FacebookAI_xlm-roberta-large,match,2,0,22,24,4.286086,0.558884,True,1.249017,0.571098,True
FacebookAI_xlm-roberta-large,match,3,0,20,24,4.749814,0.603856,True,0.905968,0.406903,True
FacebookAI_xlm-roberta-large,match,4,0,22,24,2.977676,0.384448,True,1.032224,0.465381,True
FacebookAI_xlm-roberta-large,match,5,0,20,24,4.707549,0.599096,True,1.133962,0.511529,True
FacebookAI_xlm-roberta-large,match,6,0,20,24,5.057432,0.644161,True,1.414047,0.642507,True
FacebookAI_xlm-roberta-large,match,7,0,24,24,0.012786,0.005644,True,0.012786,0.005644,True
FacebookAI_xlm-roberta-large,match,8,0,20,24,5.01578,0.641311,True,1.196582,0.541175,True
FacebookAI_xlm-roberta-large,match,9,0,20,24,5.083686,0.650131,True,1.462128,0.666843,True
FacebookAI_xlm-roberta-large,match,10,0,22,24,1.601532,0.205654,True,0.69374,0.3118,True
FacebookAI_xlm-roberta-large,match,11,0,20,24,4.587555,0.584592,True,1.280637,0.579059,True
FacebookAI_xlm-roberta-large,match,12,0,20,24,0.067385,0.008327,True,0.385867,0.171924,True
FacebookAI_xlm-roberta-large,match,13,0,20,24,4.773658,0.605999,True,1.169019,0.526521,True
FacebookAI_xlm-roberta-large,match,14,0,20,24,3.753297,0.475627,True,1.061327,0.479947,True
FacebookAI_xlm-roberta-large,match,15,0,22,24,2.966548,0.383877,True,0.966173,0.436325,True
FacebookAI_xlm-roberta-large,match,16,0,20,24,4.178474,0.531459,True,1.177991,0.532393,True
FacebookAI_xlm-roberta-large,match,17,0,20,24,4.715373,0.599392,True,1.484468,0.675118,True
FacebookAI_xlm-roberta-large,match,18,0,22,24,1.928071,0.247582,True,0.436965,0.194689,True
FacebookAI_xlm-roberta-large,match,19,0,22,24,4.272415,0.557052,True,1.252523,0.576436,True
FacebookAI_xlm-roberta-large,match,20,1,20,24,3.646924,0.470224,True,0.971825,0.443087,True
FacebookAI_xlm-roberta-large,match,21,1,20,24,3.614602,0.460386,True,0.916633,0.414891,True
FacebookAI_xlm-roberta-large,match,22,1,22,24,0.788653,0.100618,True,0.386861,0.172366,True
FacebookAI_xlm-roberta-large,match,23,1,19,24,3.549145,0.457052,True,0.717393,0.328986,True
FacebookAI_xlm-roberta-large,match,24,1,22,24,-1.929524,-0.242174,False,-0.238358,-0.104661,False
FacebookAI_xlm-roberta-large,match,25,1,20,24,4.576732,0.586792,True,1.181557,0.542395,True
FacebookAI_xlm-roberta-large,match,26,1,19,24,3.337681,0.427987,True,0.745191,0.341004,True
FacebookAI_xlm-roberta-large,match,27,1,22,24,-1.390962,-0.175055,False,-0.045944,-0.02025,False
FacebookAI_xlm-roberta-large,match,28,1,22,24,1.180065,0.1508,True,0.379733,0.169008,True
FacebookAI_xlm-roberta-large,match,29,1,20,24,4.066633,0.525711,True,1.065373,0.489128,True
FacebookAI_xlm-roberta-large,match,30,1,22,24,0.714301,0.091096,True,0.31337,0.139314,True
FacebookAI_xlm-roberta-large,match,31,1,22,24,-3.701433,-0.460211,False,-0.725874,-0.31596,False
FacebookAI_xlm-roberta-large,match,32,1,19,24,3.806771,0.491166,True,0.922725,0.425716,True
FacebookAI_xlm-roberta-large,match,33,1,20,24,1.37055,0.170989,True,0.240188,0.106718,True
FacebookAI_xlm-roberta-large,match,34,1,20,24,1.031692,0.1286,True,0.406217,0.182674,True
FacebookAI_xlm-roberta-large,match,35,1,20,24,2.122757,0.267008,True,0.583505,0.264772,True
FacebookAI_xlm-roberta-large,match,36,1,20,24,4.7814,0.62162,True,1.128551,0.521902,True
FacebookAI_xlm-roberta-large,match,37,1,22,24,2.514866,0.324868,True,0.645276,0.28922,True
FacebookAI_xlm-roberta-large,match,38,1,22,24,3.183626,0.417935,True,0.814667,0.370372,True
FacebookAI_xlm-roberta-large,match,39,1,20,24,4.612105,0.600395,True,1.167602,0.536954,True
FacebookAI_xlm-roberta-large,pitch,0,0,22,24,5.565998,0.581881,True,1.352006,0.553225,True
FacebookAI_xlm-roberta-large,pitch,1,0,22,24,4.881064,0.505538,True,1.062166,0.428449,True
FacebookAI_xlm-roberta-large,pitch,2,0,21,24,3.119314,0.303635,True,0.658693,0.264452,True
FacebookAI_xlm-roberta-large,pitch,3,0,22,24,6.703479,0.703359,True,1.533757,0.628068,True
FacebookAI_xlm-roberta-large,pitch,4,0,22,24,5.425652,0.566932,True,1.25488,0.513584,True
FacebookAI_xlm-roberta-large,pitch,5,0,22,24,6.99355,0.735137,True,1.619406,0.661859,True
FacebookAI_xlm-roberta-large,pitch,6,0,22,24,6.896487,0.724099,True,1.705676,0.700771,True
FacebookAI_xlm-roberta-large,pitch,7,0,22,24,6.880365,0.721053,True,1.714411,0.70117,True
FacebookAI_xlm-roberta-large,pitch,8,0,21,24,-0.522545,-0.05009,False,-0.03786,-0.015011,False
FacebookAI_xlm-roberta-large,pitch,9,0,22,24,5.677304,0.59274,True,1.189023,0.482255,True
FacebookAI_xlm-roberta-large,pitch,10,0,21,24,3.134474,0.306386,True,0.650958,0.262732,True
FacebookAI_xlm-roberta-large,pitch,11,0,22,24,5.208994,0.543036,True,1.186769,0.48236,True
FacebookAI_xlm-roberta-large,pitch,12,0,22,24,6.488273,0.679956,True,1.581607,0.646394,True
FacebookAI_xlm-roberta-large,pitch,13,0,22,24,5.864267,0.613968,True,1.468596,0.599438,True
FacebookAI_xlm-roberta-large,pitch,14,0,22,24,0.158931,0.016166,True,0.168356,0.067069,True
FacebookAI_xlm-roberta-large,pitch,15,0,22,24,6.254543,0.650754,True,1.478492,0.600371,True
FacebookAI_xlm-roberta-large,pitch,16,0,22,24,6.556008,0.690332,True,1.483428,0.606977,True
FacebookAI_xlm-roberta-large,pitch,17,0,22,24,5.611262,0.585279,True,1.384611,0.563912,True
FacebookAI_xlm-roberta-large,pitch,18,0,22,24,5.463403,0.568742,True,1.247476,0.505787,True
FacebookAI_xlm-roberta-large,pitch,19,0,22,24,6.023686,0.630456,True,1.504684,0.617331,True
FacebookAI_xlm-roberta-large,pitch,20,1,22,24,3.401907,0.350785,True,0.802964,0.323359,True
FacebookAI_xlm-roberta-large,pitch,21,1,22,24,5.962381,0.624901,True,1.36869,0.560583,True
FacebookAI_xlm-roberta-large,pitch,22,1,22,24,6.34478,0.662583,True,1.560759,0.636703,True
FacebookAI_xlm-roberta-large,pitch,23,1,22,24,6.578348,0.690894,True,1.590763,0.652972,True
FacebookAI_xlm-roberta-large,pitch,24,1,22,24,6.024661,0.629244,True,1.465651,0.59738,True
FacebookAI_xlm-roberta-large,pitch,25,1,22,24,5.0562,0.526527,True,1.207687,0.491143,True
FacebookAI_xlm-roberta-large,pitch,26,1,22,24,6.058872,0.636237,True,1.482139,0.607223,True
FacebookAI_xlm-roberta-large,pitch,27,1,22,24,6.549636,0.686853,True,1.584373,0.648679,True
FacebookAI_xlm-roberta-large,pitch,28,1,24,24,-0.894596,-0.348797,False,-0.894596,-0.348797,False
FacebookAI_xlm-roberta-large,pitch,29,1,24,24,0.509205,0.204334,True,0.509205,0.204334,True
FacebookAI_xlm-roberta-large,pitch,30,1,22,24,6.051714,0.632502,True,1.444449,0.589064,True
FacebookAI_xlm-roberta-large,pitch,31,1,22,24,5.308325,0.553721,True,1.239383,0.505358,True
FacebookAI_xlm-roberta-large,pitch,32,1,22,24,5.287992,0.551317,True,1.344367,0.547764,True
FacebookAI_xlm-roberta-large,pitch,33,1,22,24,5.388588,0.562944,True,1.291853,0.527313,True
FacebookAI_xlm-roberta-large,pitch,34,1,22,24,3.609076,0.373465,True,0.82138,0.331543,True
FacebookAI_xlm-roberta-large,pitch,35,1,22,24,7.587556,0.798651,True,1.747728,0.718199,True
FacebookAI_xlm-roberta-large,pitch,36,1,22,24,6.5838,0.690774,True,1.571234,0.642918,True
FacebookAI_xlm-roberta-large,pitch,37,1,22,24,6.51014,0.682223,True,1.548586,0.634693,True
FacebookAI_xlm-roberta-large,pitch,38,1,22,24,3.601403,0.372762,True,0.866844,0.350509,True
FacebookAI_xlm-roberta-large,pitch,39,1,22,24,3.999293,0.414436,True,0.674109,0.271418,True
Qwen_Qwen2.5-3B,bank,0,0,7,36,8.757957,0.441153,True,19.289471,0.444796,True
Qwen_Qwen2.5-3B,bank,1,0,7,36,14.266941,0.755812,True,14.240997,0.325914,True
Qwen_Qwen2.5-3B,bank,2,0,7,36,15.554436,0.824256,True,26.58989,0.628446,True
Qwen_Qwen2.5-3B,bank,3,0,7,36,-13.044582,-0.620353,False,-25.830097,-0.548761,False
Qwen_Qwen2.5-3B,bank,4,0,7,36,14.261328,0.729582,True,25.096718,0.587129,True
Qwen_Qwen2.5-3B,bank,5,0,7,36,-13.044582,-0.620353,False,-25.830097,-0.548761,False
Qwen_Qwen2.5-3B,bank,6,0,7,36,15.324974,0.819084,True,22.597702,0.528869,True
Qwen_Qwen2.5-3B,bank,7,0,7,36,-13.044582,-0.620353,False,-25.830097,-0.548761,False
Qwen_Qwen2.5-3B,bank,8,0,7,36,13.922384,0.716023,True,26.530014,0.620941,True
Qwen_Qwen2.5-3B,bank,9,0,7,36,15.02339,0.770492,True,28.214577,0.671965,True
Qwen_Qwen2.5-3B,bank,10,0,7,36,11.649634,0.587792,True,31.068817,0.740237,True
Qwen_Qwen2.5-3B,bank,11,0,7,36,9.45561,0.472279,True,25.668938,0.603629,True
Qwen_Qwen2.5-3B,bank,12,0,7,36,-13.044582,-0.620353,False,-25.830097,-0.548761,False
Qwen_Qwen2.5-3B,bank,13,0,7,36,14.293419,0.734067,True,20.237419,0.471454,True
Qwen_Qwen2.5-3B,bank,14,0,7,36,15.285666,0.787537,True,28.515656,0.6736,True
Qwen_Qwen2.5-3B,bank,15,0,7,36,14.479254,0.743515,True,26.869537,0.632427,True
Qwen_Qwen2.5-3B,bank,16,0,7,36,16.280302,0.845063,True,30.480202,0.729101,True
Qwen_Qwen2.5-3B,bank,17,0,7,36,-13.044582,-0.620353,False,-25.830097,-0.548761,False
Qwen_Qwen2.5-3B,bank,18,0,7,36,-4.910543,-0.237204,False,-16.92437,-0.3642,False
Qwen_Qwen2.5-3B,bank,19,0,7,36,-13.044582,-0.620353,False,-25.830097,-0.548761,False
Qwen_Qwen2.5-3B,bank,20,1,7,36,2.976309,0.146584,True,1.820999,0.040587,True
Qwen_Qwen2.5-3B,bank,21,1,7,36,10.164532,0.510719,True,3.740524,0.083912,True
Qwen_Qwen2.5-3B,bank,22,1,7,36,11.174325,0.560917,True,18.514328,0.42574,True
Qwen_Qwen2.5-3B,bank,23,1,7,36,11.905522,0.600313,True,0.552422,0.012291,True
Qwen_Qwen2.5-3B,bank,24,1,7,36,11.174325,0.560917,True,18.514328,0.42574,True
Qwen_Qwen2.5-3B,bank,25,1,7,36,6.966564,0.348787,True,5.537071,0.124417,True
Qwen_Qwen2.5-3B,bank,26,1,7,36,11.174325,0.560917,True,18.514328,0.42574,True
Qwen_Qwen2.5-3B,bank,27,1,7,36,12.065968,0.607263,True,3.279495,0.073475,True
Qwen_Qwen2.5-3B,bank,28,1,7,36,11.174325,0.560917,True,18.514328,0.42574,True
Qwen_Qwen2.5-3B,bank,29,1,7,36,6.845204,0.339915,True,6.70179,0.150718,True
Qwen_Qwen2.5-3B,bank,30,1,7,36,11.174325,0.560917,True,18.514328,0.42574,True
Qwen_Qwen2.5-3B,bank,31,1,7,36,11.327258,0.569706,True,5.322922,0.119502,True
Qwen_Qwen2.5-3B,bank,32,1,7,36,11.174325,0.560917,True,18.514328,0.42574,True
Qwen_Qwen2.5-3B,bank,33,1,7,36,7.590836,0.381562,True,1.974937,0.04402,True
Qwen_Qwen2.5-3B,bank,34,1,7,36,11.174325,0.560917,True,18.514328,0.42574,True
Qwen_Qwen2.5-3B,bank,35,1,7,36,10.931159,0.549511,True,2.585495,0.057787,True
Qwen_Qwen2.5-3B,bank,36,1,7,36,11.174325,0.560917,True,18.514328,0.42574,True
Qwen_Qwen2.5-3B,bank,37,1,7,36,5.55026,0.274585,True,2.369095,0.052849,True
Qwen_Qwen2.5-3B,bank,38,1,7,36,11.174325,0.560917,True,18.514328,0.42574,True
Qwen_Qwen2.5-3B,bank,39,1,7,36,11.646596,0.586308,True,4.771225,0.106909,True
Qwen_Qwen2.5-3B,bark,0,0,14,36,31.435219,0.725134,True,22.73365,0.465888,True
Qwen_Qwen2.5-3B,bark,1,0,14,36,14.229736,0.320392,True,14.390739,0.288433,True
Qwen_Qwen2.5-3B,bark,2,0,14,36,33.68359,0.77795,True,26.370934,0.539568,True
Qwen_Qwen2.5-3B,bark,3,0,14,36,33.50161,0.771734,True,20.102325,0.408179,True
Qwen_Qwen2.5-3B,bark,4,0,14,36,30.785847,0.710976,True,29.004715,0.594648,True
Qwen_Qwen2.5-3B,bark,5,0,14,36,28.539631,0.654087,True,22.926308,0.467714,True
Qwen_Qwen2.5-3B,bark,6,0,14,36,34.866554,0.805502,True,28.575558,0.584277,True
Qwen_Qwen2.5-3B,bark,7,0,14,36,31.483238,0.726734,True,18.188515,0.371418,True
Qwen_Qwen2.5-3B,bark,8,0,14,36,-33.332657,-0.713644,False,-30.494217,-0.57663,False
Qwen_Qwen2.5-3B,bark,9,0,14,36,29.285027,0.676527,True,20.693756,0.423196,True
Qwen_Qwen2.5-3B,bark,10,0,14,36,18.007448,0.405889,True,24.431808,0.495233,True
Qwen_Qwen2.5-3B,bark,11,0,14,36,22.094021,0.50268,True,29.872791,0.60761,True
Qwen_Qwen2.5-3B,bark,12,0,14,36,35.322845,0.816631,True,31.158161,0.641934,True
Qwen_Qwen2.5-3B,bark,13,0,14,36,25.332684,0.576421,True,18.899506,0.383664,True
Qwen_Qwen2.5-3B,bark,14,0,14,36,-33.332657,-0.713644,False,-30.494217,-0.57663,False
Qwen_Qwen2.5-3B,bark,15,0,14,36,4.421978,0.098599,True,-3.84269,-0.075189,False
Qwen_Qwen2.5-3B,bark,16,0,14,36,14.229736,0.320392,True,14.390739,0.288433,True
Qwen_Qwen2.5-3B,bark,17,0,14,36,31.332386,0.722588,True,23.287933,0.478005,True
Qwen_Qwen2.5-3B,bark,18,0,14,36,31.277065,0.721209,True,21.792404,0.442079,True
Qwen_Qwen2.5-3B,bark,19,0,14,36,-33.332657,-0.713644,False,-30.494217,-0.57663,False
Qwen_Qwen2.5-3B,bark,20,1,14,36,27.899275,0.63706,True,22.899467,0.462942,True
Qwen_Qwen2.5-3B,bark,21,1,14,36,16.310375,0.367334,True,4.796646,0.09508,True
Qwen_Qwen2.5-3B,bark,22,1,14,36,29.238852,0.666337,True,23.578224,0.479028,True
Qwen_Qwen2.5-3B,bark,23,1,14,36,18.686134,0.422324,True,-0.94191,-0.01851,False
Qwen_Qwen2.5-3B,bark,24,1,14,36,29.238852,0.666337,True,23.578224,0.479028,True
Qwen_Qwen2.5-3B,bark,25,1,14,36,18.46677,0.418077,True,16.632507,0.336778,True
Qwen_Qwen2.5-3B,bark,26,1,14,36,18.830097,0.425105,True,22.893303,0.466251,True
Qwen_Qwen2.5-3B,bark,27,1,14,36,29.238852,0.666337,True,23.578224,0.479028,True
Qwen_Qwen2.5-3B,bark,28,1,14,36,17.321262,0.390596,True,-0.212097,-0.004173,False
Qwen_Qwen2.5-3B,bark,29,1,14,36,23.02961,0.521936,True,8.828827,0.175886,True
Qwen_Qwen2.5-3B,bark,30,1,14,36,24.175947,0.548071,True,16.65403,0.334619,True
Qwen_Qwen2.5-3B,bark,31,1,14,36,29.238852,0.666337,True,23.578224,0.479028,True
Qwen_Qwen2.5-3B,bark,32,1,14,36,18.611187,0.42051,True,10.965469,0.219121,True
Qwen_Qwen2.5-3B,bark,33,1,14,36,29.238852,0.666337,True,23.578224,0.479028,True
Qwen_Qwen2.5-3B,bark,34,1,14,36,19.765676,0.446386,True,7.050911,0.140383,True
Qwen_Qwen2.5-3B,bark,35,1,14,36,29.238852,0.666337,True,23.578224,0.479028,True
Qwen_Qwen2.5-3B,bark,36,1,14,36,3.587708,0.0797,True,2.088982,0.041232,True
Qwen_Qwen2.5-3B,bark,37,1,14,36,21.000347,0.474458,True,16.669033,0.335281,True
Qwen_Qwen2.5-3B,bark,38,1,14,36,29.238852,0.666337,True,23.578224,0.479028,True
Qwen_Qwen2.5-3B,bark,39,1,14,36,16.780876,0.378001,True,9.918449,0.197816,True
Qwen_Qwen2.5-3B,bat,0,0,32,36,53.534973,0.52794,True,30.179291,0.501431,True
Qwen_Qwen2.5-3B,bat,1,0,33,36,27.424973,0.220505,True,6.550697,0.106049,True
Qwen_Qwen2.5-3B,bat,2,0,32,36,53.073715,0.522759,True,29.940308,0.497573,True
Qwen_Qwen2.5-3B,bat,3,0,33,36,63.44384,0.519144,True,26.898163,0.443975,True
Qwen_Qwen2.5-3B,bat,4,0,32,36,3.979889,0.037771,True,-1.970375,-0.031629,False
Qwen_Qwen2.5-3B,bat,5,0,32,36,58.380173,0.574029,True,38.231071,0.641346,True
Qwen_Qwen2.5-3B,bat,6,0,32,36,42.467827,0.410486,True,23.436703,0.3853,True
Qwen_Qwen2.5-3B,bat,7,0,32,36,0.721008,0.006822,True,-8.286877,-0.132167,False
Qwen_Qwen2.5-3B,bat,8,0,32,36,50.112099,0.485974,True,32.100487,0.533763,True
Qwen_Qwen2.5-3B,bat,9,0,32,36,56.690041,0.554702,True,39.403133,0.662995,True
Qwen_Qwen2.5-3B,bat,10,0,32,36,41.704941,0.406769,True,33.827873,0.569527,True
Qwen_Qwen2.5-3B,bat,11,0,32,36,43.364212,0.425301,True,31.571999,0.527995,True
Qwen_Qwen2.5-3B,bat,12,0,32,36,-50.749023,-0.467745,False,-32.697155,-0.510441,False
Qwen_Qwen2.5-3B,bat,13,0,32,36,46.063095,0.447866,True,35.649498,0.599976,True
Qwen_Qwen2.5-3B,bat,14,0,32,36,46.535843,0.453256,True,34.624588,0.579096,True
Qwen_Qwen2.5-3B,bat,15,0,32,36,-50.749023,-0.467745,False,-32.697155,-0.510441,False
Qwen_Qwen2.5-3B,bat,16,0,33,36,35.279251,0.28442,True,5.815758,0.094029,True
Qwen_Qwen2.5-3B,bat,17,0,32,36,38.930298,0.37687,True,27.417923,0.456618,True
Qwen_Qwen2.5-3B,bat,18,0,32,36,39.588608,0.385814,True,26.609932,0.441875,True
Qwen_Qwen2.5-3B,bat,19,0,33,36,49.361702,0.400655,True,21.70966,0.356584,True
Qwen_Qwen2.5-3B,bat,20,1,33,36,31.447983,0.254391,True,30.387634,0.513511,True
Qwen_Qwen2.5-3B,bat,21,1,32,36,39.881447,0.383996,True,25.741306,0.42337,True
Qwen_Qwen2.5-3B,bat,22,1,32,36,19.206581,0.183443,True,3.208138,0.051705,True
Qwen_Qwen2.5-3B,bat,23,1,33,36,28.501785,0.230248,True,12.854973,0.210679,True
Qwen_Qwen2.5-3B,bat,24,1,33,36,45.770309,0.37238,True,10.044785,0.163485,True
Qwen_Qwen2.5-3B,bat,25,1,33,36,31.447983,0.254391,True,30.387634,0.513511,True
Qwen_Qwen2.5-3B,bat,26,1,32,36,39.881447,0.383996,True,25.741306,0.42337,True
Qwen_Qwen2.5-3B,bat,27,1,32,36,21.600227,0.206843,True,4.72187,0.076189,True
Qwen_Qwen2.5-3B,bat,28,1,33,36,57.534729,0.471626,True,13.91983,0.228106,True
Qwen_Qwen2.5-3B,bat,29,1,32,36,14.973747,0.142659,True,-3.330292,-0.053342,False
Qwen_Qwen2.5-3B,bat,30,1,32,36,39.881447,0.383996,True,25.741306,0.42337,True
Qwen_Qwen2.5-3B,bat,31,1,32,36,17.321136,0.16582,True,14.746223,0.241496,True
Qwen_Qwen2.5-3B,bat,32,1,33,36,58.056778,0.476932,True,15.320251,0.251569,True
Qwen_Qwen2.5-3B,bat,33,1,32,36,20.437943,0.196923,True,8.235245,0.13377,True
Qwen_Qwen2.5-3B,bat,34,1,33,36,31.447983,0.254391,True,30.387634,0.513511,True
Qwen_Qwen2.5-3B,bat,35,1,33,36,45.898132,0.3742,True,13.874123,0.227723,True
Qwen_Qwen2.5-3B,bat,36,1,33,36,28.501785,0.230248,True,12.854973,0.210679,True
Qwen_Qwen2.5-3B,bat,37,1,32,36,30.8797,0.296394,True,19.624695,0.320421,True
Qwen_Qwen2.5-3B,bat,38,1,33,36,41.396011,0.340895,True,16.045967,0.264525,True
Qwen_Qwen2.5-3B,bat,39,1,32,36,39.881447,0.383996,True,25.741306,0.42337,True
Qwen_Qwen2.5-3B,crane,0,0,32,36,10.481644,0.112858,True,-9.180283,-0.172787,False
Qwen_Qwen2.5-3B,crane,1,0,32,36,63.0606,0.71171,True,35.825027,0.730729,True
Qwen_Qwen2.5-3B,crane,2,0,32,36,24.190765,0.264181,True,15.546745,0.303663,True
Qwen_Qwen2.5-3B,crane,3,0,32,36,47.627731,0.534964,True,15.603806,0.305938,True
Qwen_Qwen2.5-3B,crane,4,0,32,36,44.611984,0.495261,True,31.186287,0.628041,True
Qwen_Qwen2.5-3B,crane,5,0,32,36,-69.686081,-0.716062,False,-42.292595,-0.774988,False
Qwen_Qwen2.5-3B,crane,6,0,32,36,28.926422,0.317321,True,30.067848,0.620186,True
Qwen_Qwen2.5-3B,crane,7,0,32,36,48.506668,0.544159,True,14.763664,0.288679,True
Qwen_Qwen2.5-3B,crane,8,0,32,36,38.244263,0.422002,True,11.90358,0.231262,True
Qwen_Qwen2.5-3B,crane,9,0,32,36,-69.686081,-0.716062,False,-42.292595,-0.774988,False
Qwen_Qwen2.5-3B,crane,10,0,32,36,62.753769,0.714287,True,36.68409,0.756434,True
Qwen_Qwen2.5-3B,crane,11,0,32,36,10.481644,0.112858,True,-9.180283,-0.172787,False
Qwen_Qwen2.5-3B,crane,12,0,32,36,45.418991,0.509731,True,21.433846,0.426812,True
Qwen_Qwen2.5-3B,crane,13,0,32,36,-69.686081,-0.716062,False,-42.292595,-0.774988,False
Qwen_Qwen2.5-3B,crane,14,0,32,36,-69.686081,-0.716062,False,-42.292595,-0.774988,False
Qwen_Qwen2.5-3B,crane,15,0,32,36,55.158112,0.625322,True,35.095551,0.721366,True
Qwen_Qwen2.5-3B,crane,16,0,32,36,-69.686081,-0.716062,False,-42.292595,-0.774988,False
Qwen_Qwen2.5-3B,crane,17,0,32,36,56.298904,0.637938,True,35.166756,0.732555,True
Qwen_Qwen2.5-3B,crane,18,0,32,36,37.981995,0.417451,True,12.355671,0.239333,True
Qwen_Qwen2.5-3B,crane,19,0,32,36,46.029816,0.518379,True,35.119019,0.717607,True
Qwen_Qwen2.5-3B,crane,20,1,32,36,60.26067,0.663605,True,37.114632,0.732552,True
Qwen_Qwen2.5-3B,crane,21,1,32,36,28.941772,0.317281,True,-2.798134,-0.053151,False
Qwen_Qwen2.5-3B,crane,22,1,32,36,47.772636,0.532608,True,28.088768,0.563626,True
Qwen_Qwen2.5-3B,crane,23,1,32,36,7.735504,0.083069,True,-5.300812,-0.100332,False
Qwen_Qwen2.5-3B,crane,24,1,32,36,60.26067,0.663605,True,37.114632,0.732552,True
Qwen_Qwen2.5-3B,crane,25,1,32,36,37.534729,0.411455,True,25.789711,0.508647,True
Qwen_Qwen2.5-3B,crane,26,1,32,36,60.26067,0.663605,True,37.114632,0.732552,True
Qwen_Qwen2.5-3B,crane,27,1,32,36,37.302452,0.409091,True,23.884075,0.470303,True
Qwen_Qwen2.5-3B,crane,28,1,32,36,60.26067,0.663605,True,37.114632,0.732552,True
Qwen_Qwen2.5-3B,crane,29,1,32,36,-27.16449,-0.283055,False,-19.907387,-0.369206,False
Qwen_Qwen2.5-3B,crane,30,1,32,36,37.913086,0.413937,True,19.304611,0.375191,True
Qwen_Qwen2.5-3B,crane,31,1,32,36,11.53775,0.124354,True,9.996925,0.193372,True
Qwen_Qwen2.5-3B,crane,32,1,32,36,60.26067,0.663605,True,37.114632,0.732552,True
Qwen_Qwen2.5-3B,crane,33,1,32,36,18.984261,0.205219,True,10.355011,0.200121,True
Qwen_Qwen2.5-3B,crane,34,1,32,36,47.931183,0.531502,True,31.706215,0.638412,True
Qwen_Qwen2.5-3B,crane,35,1,32,36,60.26067,0.663605,True,37.114632,0.732552,True
Qwen_Qwen2.5-3B,crane,36,1,32,36,-25.180359,-0.263242,False,1.058784,0.020228,True
Qwen_Qwen2.5-3B,crane,37,1,32,36,40.431526,0.443626,True,26.909851,0.531142,True
Qwen_Qwen2.5-3B,crane,38,1,32,36,15.001678,0.162668,True,-0.221931,-0.004232,False
Qwen_Qwen2.5-3B,crane,39,1,32,36,24.175835,0.262889,True,7.907692,0.152455,True
Qwen_Qwen2.5-3B,spring,0,0,32,36,53.109344,0.513695,True,42.537888,0.641314,True
Qwen_Qwen2.5-3B,spring,1,0,32,36,31.9552,0.306889,True,9.44886,0.13772,True
Qwen_Qwen2.5-3B,spring,2,0,32,36,53.908722,0.521646,True,40.015793,0.600672,True
Qwen_Qwen2.5-3B,spring,3,0,1,36,4.094892,0.60891,True,13.893639,0.204252,True
Qwen_Qwen2.5-3B,spring,4,0,32,36,33.428444,0.320065,True,31.981682,0.475841,True
Qwen_Qwen2.5-3B,spring,5,0,32,36,45.707191,0.439423,True,34.377594,0.512647,True
Qwen_Qwen2.5-3B,spring,6,0,1,36,4.094892,0.60891,True,13.893639,0.204252,True
Qwen_Qwen2.5-3B,spring,7,0,32,36,58.809906,0.572252,True,45.099464,0.684445,True
Qwen_Qwen2.5-3B,spring,8,0,32,36,39.018562,0.375753,True,27.215584,0.404061,True
Qwen_Qwen2.5-3B,spring,9,0,32,36,42.759392,0.410563,True,40.63216,0.609203,True
Qwen_Qwen2.5-3B,spring,10,0,33,36,19.807831,0.16328,True,-3.959969,-0.057032,False
Qwen_Qwen2.5-3B,spring,11,0,1,36,4.094892,0.60891,True,13.893639,0.204252,True
Qwen_Qwen2.5-3B,spring,12,0,33,36,31.600876,0.260473,True,21.99424,0.323542,True
Qwen_Qwen2.5-3B,spring,13,0,32,36,51.79599,0.501461,True,39.378876,0.594649,True
Qwen_Qwen2.5-3B,spring,14,0,1,36,4.094892,0.60891,True,13.893639,0.204252,True
Qwen_Qwen2.5-3B,spring,15,0,32,36,19.246246,0.183786,True,-4.323036,-0.062243,False
Qwen_Qwen2.5-3B,spring,16,0,32,36,38.997841,0.375204,True,28.394936,0.422789,True
Qwen_Qwen2.5-3B,spring,17,0,1,36,-0.219568,-0.030229,False,-20.029129,-0.284801,False
Qwen_Qwen2.5-3B,spring,18,0,1,36,4.094892,0.60891,True,13.893639,0.204252,True
Qwen_Qwen2.5-3B,spring,19,0,32,36,38.373085,0.368011,True,32.704605,0.486889,True
Qwen_Qwen2.5-3B,spring,20,1,32,36,63.788506,0.616963,True,48.637951,0.729577,True
Qwen_Qwen2.5-3B,spring,21,1,32,36,24.898506,0.236662,True,27.869732,0.412247,True
Qwen_Qwen2.5-3B,spring,22,1,32,36,47.16713,0.454408,True,33.501366,0.495084,True
Qwen_Qwen2.5-3B,spring,23,1,32,36,63.788506,0.616963,True,48.637951,0.729577,True
Qwen_Qwen2.5-3B,spring,24,1,32,36,14.526703,0.137476,True,21.749817,0.320494,True
Qwen_Qwen2.5-3B,spring,25,1,32,36,45.810722,0.441796,True,31.845741,0.473002,True
Qwen_Qwen2.5-3B,spring,26,1,32,36,63.788506,0.616963,True,48.637951,0.729577,True
Qwen_Qwen2.5-3B,spring,27,1,32,36,52.77729,0.507588,True,42.100639,0.628437,True
Qwen_Qwen2.5-3B,spring,28,1,32,36,4.88623,0.046105,True,-0.088783,-0.001285,False
Qwen_Qwen2.5-3B,spring,29,1,32,36,63.788506,0.616963,True,48.637951,0.729577,True
Qwen_Qwen2.5-3B,spring,30,1,32,36,36.453545,0.350169,True,22.883606,0.337094,True
Qwen_Qwen2.5-3B,spring,31,1,32,36,9.315811,0.087818,True,-5.183105,-0.074566,False
Qwen_Qwen2.5-3B,spring,32,1,32,36,12.487984,0.117925,True,-4.60685,-0.06631,False
Qwen_Qwen2.5-3B,spring,33,1,32,36,63.788506,0.616963,True,48.637951,0.729577,True
Qwen_Qwen2.5-3B,spring,34,1,32,36,27.885979,0.26625,True,10.11628,0.147411,True
Qwen_Qwen2.5-3B,spring,35,1,32,36,63.788506,0.616963,True,48.637951,0.729577,True
Qwen_Qwen2.5-3B,spring,36,1,32,36,-8.030975,-0.074925,False,-18.724403,-0.265974,False
Qwen_Qwen2.5-3B,spring,37,1,32,36,64.048553,0.619535,True,48.571266,0.728382,True
Qwen_Qwen2.5-3B,spring,38,1,32,36,43.918549,0.426438,True,29.049446,0.434098,True
Qwen_Qwen2.5-3B,spring,39,1,32,36,64.048553,0.619535,True,48.571266,0.728382,True
Qwen_Qwen2.5-3B,match,0,0,15,36,24.883873,0.547098,True,17.069839,0.348768,True
Qwen_Qwen2.5-3B,match,1,0,15,36,25.944342,0.56958,True,8.132759,0.164242,True
Qwen_Qwen2.5-3B,match,2,0,15,36,21.24263,0.466317,True,16.786179,0.344333,True
Qwen_Qwen2.5-3B,match,3,0,12,36,5.458509,0.143148,True,-1.174927,-0.023366,False
Qwen_Qwen2.5-3B,match,4,0,15,36,19.531425,0.426404,True,10.803047,0.218802,True
Qwen_Qwen2.5-3B,match,5,0,12,36,5.458509,0.143148,True,-1.174927,-0.023366,False
Qwen_Qwen2.5-3B,match,6,0,12,36,5.458509,0.143148,True,-1.174927,-0.023366,False
Qwen_Qwen2.5-3B,match,7,0,12,36,6.279945,0.165224,True,12.755989,0.259235,True
Qwen_Qwen2.5-3B,match,8,0,15,36,20.513821,0.448942,True,11.995651,0.24336,True
Qwen_Qwen2.5-3B,match,9,0,15,36,26.881077,0.592942,True,20.990211,0.431727,True
Qwen_Qwen2.5-3B,match,10,0,15,36,20.282398,0.444709,True,21.82431,0.452174,True
Qwen_Qwen2.5-3B,match,11,0,15,36,23.293629,0.511231,True,21.71666,0.448242,True
Qwen_Qwen2.5-3B,match,12,0,15,36,16.245457,0.35426,True,17.336037,0.356999,True
Qwen_Qwen2.5-3B,match,13,0,12,36,5.458509,0.143148,True,-1.174927,-0.023366,False
Qwen_Qwen2.5-3B,match,14,0,15,36,25.424524,0.55826,True,17.999054,0.369132,True
Qwen_Qwen2.5-3B,match,15,0,15,36,22.699379,0.498794,True,7.643738,0.154682,True
Qwen_Qwen2.5-3B,match,16,0,15,36,24.126354,0.530343,True,-1.527618,-0.030543,False
Qwen_Qwen2.5-3B,match,17,0,15,36,25.293274,0.5559,True,18.446777,0.379053,True
Qwen_Qwen2.5-3B,match,18,0,15,36,22.037567,0.484166,True,19.998535,0.411345,True
Qwen_Qwen2.5-3B,match,19,0,15,36,25.963142,0.571152,True,22.556892,0.46689,True
Qwen_Qwen2.5-3B,match,20,1,15,36,30.877106,0.691209,True,23.234516,0.479849,True
Qwen_Qwen2.5-3B,match,21,1,15,36,31.208347,0.699516,True,14.626244,0.298445,True
Qwen_Qwen2.5-3B,match,22,1,15,36,-19.522152,-0.409457,False,-6.073982,-0.119956,False
Qwen_Qwen2.5-3B,match,23,1,15,36,32.323971,0.725447,True,11.277252,0.229328,True
Qwen_Qwen2.5-3B,match,24,1,12,36,21.380245,0.57284,True,31.101448,0.657405,True
Qwen_Qwen2.5-3B,match,25,1,15,36,-19.522152,-0.409457,False,-6.073982,-0.119956,False
Qwen_Qwen2.5-3B,match,26,1,15,36,11.884808,0.258503,True,-2.821823,-0.055989,False
Qwen_Qwen2.5-3B,match,27,1,15,36,29.994659,0.670674,True,26.461124,0.55022,True
Qwen_Qwen2.5-3B,match,28,1,15,36,-20.110249,-0.420936,False,-18.472336,-0.356932,False
Qwen_Qwen2.5-3B,match,29,1,15,36,31.963867,0.715906,True,23.731422,0.491722,True
Qwen_Qwen2.5-3B,match,30,1,12,36,5.976463,0.157107,True,24.648796,0.522554,True
Qwen_Qwen2.5-3B,match,31,1,15,36,-19.522152,-0.409457,False,-6.073982,-0.119956,False
Qwen_Qwen2.5-3B,match,32,1,15,36,30.026306,0.668803,True,10.146568,0.205279,True
Qwen_Qwen2.5-3B,match,33,1,15,36,23.934849,0.531897,True,9.460732,0.192563,True
Qwen_Qwen2.5-3B,match,34,1,15,36,17.246754,0.376374,True,6.283394,0.126342,True
Qwen_Qwen2.5-3B,match,35,1,15,36,26.71069,0.595883,True,-4.255722,-0.084257,False
Qwen_Qwen2.5-3B,match,36,1,12,36,13.298927,0.354421,True,30.201164,0.635756,True
Qwen_Qwen2.5-3B,match,37,1,12,36,24.042562,0.648074,True,30.82201,0.646482,True
Qwen_Qwen2.5-3B,match,38,1,15,36,-19.522152,-0.409457,False,-6.073982,-0.119956,False
Qwen_Qwen2.5-3B,match,39,1,15,36,33.127556,0.737483,True,32.606922,0.687495,True
Qwen_Qwen2.5-3B,pitch,0,0,15,36,20.786613,0.594996,True,14.599945,0.25327,True
Qwen_Qwen2.5-3B,pitch,1,0,15,36,23.138046,0.657373,True,34.802315,0.620446,True
Qwen_Qwen2.5-3B,pitch,2,0,15,36,-27.193825,-0.716587,False,-47.061893,-0.767451,False
Qwen_Qwen2.5-3B,pitch,3,0,15,36,24.192719,0.695686,True,41.430889,0.739636,True
Qwen_Qwen2.5-3B,pitch,4,0,15,36,20.152145,0.575451,True,17.067474,0.29649,True
Qwen_Qwen2.5-3B,pitch,5,0,15,36,25.322538,0.723402,True,41.876301,0.753574,True
Qwen_Qwen2.5-3B,pitch,6,0,15,36,25.005089,0.721482,True,41.312527,0.740684,True
Qwen_Qwen2.5-3B,pitch,7,0,15,36,26.277367,0.758699,True,44.101303,0.798666,True
Qwen_Qwen2.5-3B,pitch,8,0,15,36,-27.193825,-0.716587,False,-47.061893,-0.767451,False
Qwen_Qwen2.5-3B,pitch,9,0,15,36,20.591402,0.584001,True,41.273697,0.742359,True
Qwen_Qwen2.5-3B,pitch,10,0,15,36,17.020958,0.484003,True,34.519569,0.613251,True
Qwen_Qwen2.5-3B,pitch,11,0,15,36,24.508541,0.705433,True,40.788906,0.731167,True
Qwen_Qwen2.5-3B,pitch,12,0,15,36,25.167736,0.723467,True,39.969547,0.716894,True
Qwen_Qwen2.5-3B,pitch,13,0,15,36,19.412437,0.555004,True,34.65123,0.622745,True
Qwen_Qwen2.5-3B,pitch,14,0,15,36,12.076645,0.338312,True,14.391457,0.250398,True
Qwen_Qwen2.5-3B,pitch,15,0,15,36,-27.193825,-0.716587,False,-47.061893,-0.767451,False
Qwen_Qwen2.5-3B,pitch,16,0,15,36,22.505539,0.644507,True,33.779716,0.606492,True
Qwen_Qwen2.5-3B,pitch,17,0,15,36,11.179825,0.314084,True,7.031761,0.120772,True
Qwen_Qwen2.5-3B,pitch,18,0,15,36,1.625652,0.044693,True,-8.654251,-0.145747,False
Qwen_Qwen2.5-3B,pitch,19,0,15,36,-27.193825,-0.716587,False,-47.061893,-0.767451,False
Qwen_Qwen2.5-3B,pitch,20,1,17,36,8.695065,0.244444,True,-15.421913,-0.257876,False
Qwen_Qwen2.5-3B,pitch,21,1,17,36,5.616543,0.157417,True,2.447357,0.041824,True
Qwen_Qwen2.5-3B,pitch,22,1,15,36,9.351013,0.260695,True,26.088036,0.458246,True
Qwen_Qwen2.5-3B,pitch,23,1,15,36,23.268221,0.66023,True,40.583981,0.718254,True
Qwen_Qwen2.5-3B,pitch,24,1,18,36,2.472343,0.067462,True,4.072311,0.069721,True
Qwen_Qwen2.5-3B,pitch,25,1,15,36,23.268221,0.66023,True,40.583981,0.718254,True
Qwen_Qwen2.5-3B,pitch,26,1,15,36,14.633621,0.41183,True,30.32254,0.537817,True
Qwen_Qwen2.5-3B,pitch,27,1,15,36,23.268221,0.66023,True,40.583981,0.718254,True
Qwen_Qwen2.5-3B,pitch,28,1,16,36,0.864933,0.023624,True,-12.43396,-0.208468,False
Qwen_Qwen2.5-3B,pitch,29,1,15,36,23.241585,0.659448,True,40.747925,0.721314,True
Qwen_Qwen2.5-3B,pitch,30,1,17,36,5.038727,0.140788,True,-9.147293,-0.154091,False
Qwen_Qwen2.5-3B,pitch,31,1,15,36,23.241585,0.659448,True,40.747925,0.721314,True
Qwen_Qwen2.5-3B,pitch,32,1,17,36,5.892426,0.165297,True,3.01796,0.051608,True
Qwen_Qwen2.5-3B,pitch,33,1,15,36,23.268221,0.66023,True,40.583981,0.718254,True
Qwen_Qwen2.5-3B,pitch,34,1,18,36,5.753773,0.157915,True,7.093811,0.121844,True
Qwen_Qwen2.5-3B,pitch,35,1,15,36,23.268221,0.66023,True,40.583981,0.718254,True
Qwen_Qwen2.5-3B,pitch,36,1,15,36,14.633621,0.41183,True,30.32254,0.537817,True
Qwen_Qwen2.5-3B,pitch,37,1,15,36,23.268221,0.66023,True,40.583981,0.718254,True
Qwen_Qwen2.5-3B,pitch,38,1,18,36,10.405804,0.288242,True,5.323273,0.091121,True
Qwen_Qwen2.5-3B,pitch,39,1,15,36,23.268221,0.66023,True,40.583981,0.718254,True
Qwen_Qwen2.5-7B,bank,0,0,28,28,61.599091,0.527085,True,61.599091,0.527085,True
Qwen_Qwen2.5-7B,bank,1,0,28,28,31.155304,0.262332,True,31.155304,0.262332,True
Qwen_Qwen2.5-7B,bank,2,0,28,28,67.256927,0.588801,True,67.256927,0.588801,True
Qwen_Qwen2.5-7B,bank,3,0,28,28,-70.08194,-0.54755,False,-70.08194,-0.54755,False
Qwen_Qwen2.5-7B,bank,4,0,28,28,66.631699,0.573693,True,66.631699,0.573693,True
Qwen_Qwen2.5-7B,bank,5,0,28,28,-70.08194,-0.54755,False,-70.08194,-0.54755,False
Qwen_Qwen2.5-7B,bank,6,0,28,28,41.82222,0.357798,True,41.82222,0.357798,True
Qwen_Qwen2.5-7B,bank,7,0,28,28,-70.08194,-0.54755,False,-70.08194,-0.54755,False
Qwen_Qwen2.5-7B,bank,8,0,28,28,76.187134,0.663506,True,76.187134,0.663506,True
Qwen_Qwen2.5-7B,bank,9,0,28,28,64.342819,0.562683,True,64.342819,0.562683,True
Qwen_Qwen2.5-7B,bank,10,0,28,28,85.68837,0.754447,True,85.68837,0.754447,True
Qwen_Qwen2.5-7B,bank,11,0,28,28,58.376389,0.503354,True,58.376389,0.503354,True
Qwen_Qwen2.5-7B,bank,12,0,28,28,-68.468918,-0.535331,False,-68.468918,-0.535331,False
Qwen_Qwen2.5-7B,bank,13,0,28,28,62.696167,0.541636,True,62.696167,0.541636,True
Qwen_Qwen2.5-7B,bank,14,0,28,28,77.060593,0.677299,True,77.060593,0.677299,True
Qwen_Qwen2.5-7B,bank,15,0,28,28,64.571274,0.556299,True,64.571274,0.556299,True
Qwen_Qwen2.5-7B,bank,16,0,28,28,66.421127,0.583505,True,66.421127,0.583505,True
Qwen_Qwen2.5-7B,bank,17,0,28,28,-68.468918,-0.535331,False,-68.468918,-0.535331,False
Qwen_Qwen2.5-7B,bank,18,0,28,28,-17.073944,-0.138386,False,-17.073944,-0.138386,False
Qwen_Qwen2.5-7B,bank,19,0,28,28,-68.468918,-0.535331,False,-68.468918,-0.535331,False
Qwen_Qwen2.5-7B,bank,20,1,3,28,-0.724121,-0.087506,False,6.148254,0.050657,True
Qwen_Qwen2.5-7B,bank,21,1,3,28,-1.051422,-0.126687,False,0.320343,0.002628,True
Qwen_Qwen2.5-7B,bank,22,1,28,28,48.27774,0.41095,True,48.27774,0.41095,True
Qwen_Qwen2.5-7B,bank,23,1,3,28,-0.012674,-0.001542,False,-7.831543,-0.063884,False
Qwen_Qwen2.5-7B,bank,24,1,28,28,48.27774,0.41095,True,48.27774,0.41095,True
Qwen_Qwen2.5-7B,bank,25,1,3,28,0.698984,0.086014,True,2.31131,0.019007,True
Qwen_Qwen2.5-7B,bank,26,1,28,28,48.27774,0.41095,True,48.27774,0.41095,True
Qwen_Qwen2.5-7B,bank,27,1,28,28,11.814575,0.097851,True,11.814575,0.097851,True
Qwen_Qwen2.5-7B,bank,28,1,28,28,48.27774,0.41095,True,48.27774,0.41095,True
Qwen_Qwen2.5-7B,bank,29,1,3,28,-0.780354,-0.094264,False,8.315445,0.068522,True
Qwen_Qwen2.5-7B,bank,30,1,28,28,48.27774,0.41095,True,48.27774,0.41095,True
Qwen_Qwen2.5-7B,bank,31,1,3,28,1.212,0.148988,True,-0.585281,-0.004797,False
Qwen_Qwen2.5-7B,bank,32,1,28,28,48.27774,0.41095,True,48.27774,0.41095,True
Qwen_Qwen2.5-7B,bank,33,1,3,28,-0.891646,-0.107562,False,5.897614,0.04877,True
Qwen_Qwen2.5-7B,bank,34,1,28,28,48.27774,0.41095,True,48.27774,0.41095,True
Qwen_Qwen2.5-7B,bank,35,1,3,28,1.282089,0.157859,True,8.591827,0.071222,True
Qwen_Qwen2.5-7B,bank,36,1,28,28,46.458878,0.395071,True,46.458878,0.395071,True
Qwen_Qwen2.5-7B,bank,37,1,3,28,-2.288666,-0.272936,False,4.90686,0.040373,True
Qwen_Qwen2.5-7B,bank,38,1,28,28,46.458878,0.395071,True,46.458878,0.395071,True
Qwen_Qwen2.5-7B,bank,39,1,3,28,1.002714,0.123252,True,8.258438,0.06817,True
Qwen_Qwen2.5-7B,bark,0,0,28,28,38.943375,0.325841,True,38.943375,0.325841,True
Qwen_Qwen2.5-7B,bark,1,0,28,28,43.373306,0.362782,True,43.373306,0.362782,True
Qwen_Qwen2.5-7B,bark,2,0,28,28,68.125137,0.579038,True,68.125137,0.579038,True
Qwen_Qwen2.5-7B,bark,3,0,28,28,44.228333,0.369823,True,44.228333,0.369823,True
Qwen_Qwen2.5-7B,bark,4,0,28,28,59.082397,0.499245,True,59.082397,0.499245,True
Qwen_Qwen2.5-7B,bark,5,0,28,28,31.813705,0.264684,True,31.813705,0.264684,True
Qwen_Qwen2.5-7B,bark,6,0,28,28,68.644089,0.583172,True,68.644089,0.583172,True
Qwen_Qwen2.5-7B,bark,7,0,28,28,38.001404,0.31841,True,38.001404,0.31841,True
Qwen_Qwen2.5-7B,bark,8,0,28,28,-54.276276,-0.425703,False,-54.276276,-0.425703,False
Qwen_Qwen2.5-7B,bark,9,0,28,28,44.036133,0.369932,True,44.036133,0.369932,True
Qwen_Qwen2.5-7B,bark,10,0,28,28,25.105331,0.206959,True,25.105331,0.206959,True
Qwen_Qwen2.5-7B,bark,11,0,28,28,40.301971,0.334654,True,40.301971,0.334654,True
Qwen_Qwen2.5-7B,bark,12,0,28,28,70.428818,0.599318,True,70.428818,0.599318,True
Qwen_Qwen2.5-7B,bark,13,0,28,28,49.697098,0.420096,True,49.697098,0.420096,True
Qwen_Qwen2.5-7B,bark,14,0,28,28,-54.276276,-0.425703,False,-54.276276,-0.425703,False
Qwen_Qwen2.5-7B,bark,15,0,28,28,-4.644791,-0.037593,False,-4.644791,-0.037593,False
Qwen_Qwen2.5-7B,bark,16,0,28,28,43.373306,0.362782,True,43.373306,0.362782,True
Qwen_Qwen2.5-7B,bark,17,0,28,28,33.709167,0.280594,True,33.709167,0.280594,True
Qwen_Qwen2.5-7B,bark,18,0,28,28,2.721985,0.02224,True,2.721985,0.02224,True
Qwen_Qwen2.5-7B,bark,19,0,28,28,-54.276276,-0.425703,False,-54.276276,-0.425703,False
Qwen_Qwen2.5-7B,bark,20,1,28,28,33.331558,0.27656,True,33.331558,0.27656,True
Qwen_Qwen2.5-7B,bark,21,1,28,28,13.035095,0.106832,True,13.035095,0.106832,True
Qwen_Qwen2.5-7B,bark,22,1,28,28,33.254944,0.276139,True,33.254944,0.276139,True
Qwen_Qwen2.5-7B,bark,23,1,28,28,5.733124,0.04675,True,5.733124,0.04675,True
Qwen_Qwen2.5-7B,bark,24,1,28,28,34.524292,0.286691,True,34.524292,0.286691,True
Qwen_Qwen2.5-7B,bark,25,1,28,28,21.387619,0.176796,True,21.387619,0.176796,True
Qwen_Qwen2.5-7B,bark,26,1,28,28,42.213791,0.355642,True,42.213791,0.355642,True
Qwen_Qwen2.5-7B,bark,27,1,28,28,34.524292,0.286691,True,34.524292,0.286691,True
Qwen_Qwen2.5-7B,bark,28,1,28,28,13.902237,0.114212,True,13.902237,0.114212,True
Qwen_Qwen2.5-7B,bark,29,1,28,28,12.857162,0.10526,True,12.857162,0.10526,True
Qwen_Qwen2.5-7B,bark,30,1,28,28,26.643234,0.220406,True,26.643234,0.220406,True
Qwen_Qwen2.5-7B,bark,31,1,28,28,34.524292,0.286691,True,34.524292,0.286691,True
Qwen_Qwen2.5-7B,bark,32,1,28,28,24.230927,0.20161,True,24.230927,0.20161,True
Qwen_Qwen2.5-7B,bark,33,1,28,28,34.524292,0.286691,True,34.524292,0.286691,True
Qwen_Qwen2.5-7B,bark,34,1,28,28,10.830124,0.088703,True,10.830124,0.088703,True
Qwen_Qwen2.5-7B,bark,35,1,28,28,34.524292,0.286691,True,34.524292,0.286691,True
Qwen_Qwen2.5-7B,bark,36,1,28,28,25.37059,0.209351,True,25.37059,0.209351,True
Qwen_Qwen2.5-7B,bark,37,1,28,28,29.560913,0.245003,True,29.560913,0.245003,True
Qwen_Qwen2.5-7B,bark,38,1,28,28,34.524292,0.286691,True,34.524292,0.286691,True
Qwen_Qwen2.5-7B,bark,39,1,28,28,29.943115,0.248016,True,29.943115,0.248016,True
Qwen_Qwen2.5-7B,bat,0,0,28,28,82.719849,0.556406,True,82.719849,0.556406,True
Qwen_Qwen2.5-7B,bat,1,0,3,28,0.251125,0.032382,True,27.321625,0.179049,True
Qwen_Qwen2.5-7B,bat,2,0,28,28,68.40712,0.457771,True,68.40712,0.457771,True
Qwen_Qwen2.5-7B,bat,3,0,28,28,96.738602,0.650522,True,96.738602,0.650522,True
Qwen_Qwen2.5-7B,bat,4,0,28,28,-13.336868,-0.085879,False,-13.336868,-0.085879,False
Qwen_Qwen2.5-7B,bat,5,0,3,28,2.623915,0.345281,True,89.184525,0.602145,True
Qwen_Qwen2.5-7B,bat,6,0,3,28,3.398813,0.45021,True,63.122955,0.420592,True
Qwen_Qwen2.5-7B,bat,7,0,3,28,0.753806,0.098266,True,-21.52301,-0.138233,False
Qwen_Qwen2.5-7B,bat,8,0,3,28,3.240508,0.430068,True,85.583054,0.574967,True
Qwen_Qwen2.5-7B,bat,9,0,28,28,98.325653,0.665436,True,98.325653,0.665436,True
Qwen_Qwen2.5-7B,bat,10,0,3,28,3.532214,0.471513,True,84.412582,0.572847,True
Qwen_Qwen2.5-7B,bat,11,0,3,28,1.043829,0.135747,True,70.061584,0.466915,True
Qwen_Qwen2.5-7B,bat,12,0,3,28,-2.16037,-0.27067,False,-83.225174,-0.520327,False
Qwen_Qwen2.5-7B,bat,13,0,28,28,52.862762,0.355342,True,52.862762,0.355342,True
Qwen_Qwen2.5-7B,bat,14,0,3,28,1.505419,0.196073,True,92.356934,0.624268,True
Qwen_Qwen2.5-7B,bat,15,0,3,28,-2.16037,-0.27067,False,-83.225174,-0.520327,False
Qwen_Qwen2.5-7B,bat,16,0,3,28,3.038577,0.401137,True,51.184357,0.338131,True
Qwen_Qwen2.5-7B,bat,17,0,3,28,2.969095,0.3929,True,56.779312,0.37781,True
Qwen_Qwen2.5-7B,bat,18,0,3,28,1.264168,0.164374,True,67.509308,0.452459,True
Qwen_Qwen2.5-7B,bat,19,0,3,28,1.259541,0.163613,True,59.134125,0.391649,True
Qwen_Qwen2.5-7B,bat,20,1,28,28,58.685837,0.389766,True,58.685837,0.389766,True
Qwen_Qwen2.5-7B,bat,21,1,28,28,62.212463,0.414498,True,62.212463,0.414498,True
Qwen_Qwen2.5-7B,bat,22,1,3,28,1.640599,0.214294,True,1.302948,0.008439,True
Qwen_Qwen2.5-7B,bat,23,1,3,28,0.168766,0.02216,True,32.533859,0.215076,True
Qwen_Qwen2.5-7B,bat,24,1,28,28,49.180466,0.326591,True,49.180466,0.326591,True
Qwen_Qwen2.5-7B,bat,25,1,28,28,59.031174,0.392163,True,59.031174,0.392163,True
Qwen_Qwen2.5-7B,bat,26,1,28,28,62.744034,0.41809,True,62.744034,0.41809,True
Qwen_Qwen2.5-7B,bat,27,1,3,28,-0.011777,-0.001515,False,4.998932,0.032416,True
Qwen_Qwen2.5-7B,bat,28,1,28,28,71.477936,0.480699,True,71.477936,0.480699,True
Qwen_Qwen2.5-7B,bat,29,1,3,28,-0.007684,-0.000989,False,52.854767,0.350002,True
Qwen_Qwen2.5-7B,bat,30,1,28,28,62.212463,0.414498,True,62.212463,0.414498,True
Qwen_Qwen2.5-7B,bat,31,1,3,28,0.448548,0.057935,True,18.379242,0.120084,True
Qwen_Qwen2.5-7B,bat,32,1,28,28,50.187775,0.333861,True,50.187775,0.333861,True
Qwen_Qwen2.5-7B,bat,33,1,3,28,0.448358,0.05789,True,8.856064,0.057569,True
Qwen_Qwen2.5-7B,bat,34,1,28,28,58.685837,0.389766,True,58.685837,0.389766,True
Qwen_Qwen2.5-7B,bat,35,1,28,28,64.932816,0.435015,True,64.932816,0.435015,True
Qwen_Qwen2.5-7B,bat,36,1,3,28,0.168766,0.02216,True,32.533859,0.215076,True
Qwen_Qwen2.5-7B,bat,37,1,28,28,82.537292,0.551861,True,82.537292,0.551861,True
Qwen_Qwen2.5-7B,bat,38,1,3,28,0.977737,0.127862,True,22.563354,0.147971,True
Qwen_Qwen2.5-7B,bat,39,1,28,28,62.212463,0.414498,True,62.212463,0.414498,True
Qwen_Qwen2.5-7B,crane,0,0,28,28,-47.062271,-0.399526,False,-47.062271,-0.399526,False
Qwen_Qwen2.5-7B,crane,1,0,28,28,76.821594,0.717014,True,76.821594,0.717014,True
Qwen_Qwen2.5-7B,crane,2,0,28,28,1.216339,0.010663,True,1.216339,0.010663,True
Qwen_Qwen2.5-7B,crane,3,0,28,28,20.346893,0.181744,True,20.346893,0.181744,True
Qwen_Qwen2.5-7B,crane,4,0,28,28,68.86322,0.633485,True,68.86322,0.633485,True
Qwen_Qwen2.5-7B,crane,5,0,28,28,-29.914749,-0.257454,False,-29.914749,-0.257454,False
Qwen_Qwen2.5-7B,crane,6,0,28,28,57.181854,0.540693,True,57.181854,0.540693,True
Qwen_Qwen2.5-7B,crane,7,0,28,28,21.344849,0.190555,True,21.344849,0.190555,True
Qwen_Qwen2.5-7B,crane,8,0,28,28,5.060089,0.044454,True,5.060089,0.044454,True
Qwen_Qwen2.5-7B,crane,9,0,28,28,-29.914749,-0.257454,False,-29.914749,-0.257454,False
Qwen_Qwen2.5-7B,crane,10,0,28,28,63.192352,0.591025,True,63.192352,0.591025,True
Qwen_Qwen2.5-7B,crane,11,0,28,28,-47.062271,-0.399526,False,-47.062271,-0.399526,False
Qwen_Qwen2.5-7B,crane,12,0,28,28,35.929657,0.325313,True,35.929657,0.325313,True
Qwen_Qwen2.5-7B,crane,13,0,28,28,-29.914749,-0.257454,False,-29.914749,-0.257454,False
Qwen_Qwen2.5-7B,crane,14,0,28,28,-29.914749,-0.257454,False,-29.914749,-0.257454,False
Qwen_Qwen2.5-7B,crane,15,0,28,28,74.592224,0.696887,True,74.592224,0.696887,True
Qwen_Qwen2.5-7B,crane,16,0,28,28,-29.914749,-0.257454,False,-29.914749,-0.257454,False
Qwen_Qwen2.5-7B,crane,17,0,28,28,64.749008,0.605913,True,64.749008,0.605913,True
Qwen_Qwen2.5-7B,crane,18,0,28,28,33.163635,0.297478,True,33.163635,0.297478,True
Qwen_Qwen2.5-7B,crane,19,0,28,28,71.179459,0.667292,True,71.179459,0.667292,True
Qwen_Qwen2.5-7B,crane,20,1,28,28,14.67009,0.129327,True,14.67009,0.129327,True
Qwen_Qwen2.5-7B,crane,21,1,28,28,13.330978,0.117818,True,13.330978,0.117818,True
Qwen_Qwen2.5-7B,crane,22,1,28,28,56.924561,0.521535,True,56.924561,0.521535,True
Qwen_Qwen2.5-7B,crane,23,1,28,28,15.523239,0.137677,True,15.523239,0.137677,True
Qwen_Qwen2.5-7B,crane,24,1,28,28,15.780258,0.139179,True,15.780258,0.139179,True
Qwen_Qwen2.5-7B,crane,25,1,28,28,60.338608,0.552783,True,60.338608,0.552783,True
Qwen_Qwen2.5-7B,crane,26,1,28,28,15.780258,0.139179,True,15.780258,0.139179,True
Qwen_Qwen2.5-7B,crane,27,1,28,28,52.020248,0.473275,True,52.020248,0.473275,True
Qwen_Qwen2.5-7B,crane,28,1,28,28,15.780258,0.139179,True,15.780258,0.139179,True
Qwen_Qwen2.5-7B,crane,29,1,28,28,-15.749634,-0.13634,False,-15.749634,-0.13634,False
Qwen_Qwen2.5-7B,crane,30,1,28,28,46.749146,0.422682,True,46.749146,0.422682,True
Qwen_Qwen2.5-7B,crane,31,1,28,28,32.493652,0.291065,True,32.493652,0.291065,True
Qwen_Qwen2.5-7B,crane,32,1,28,28,15.780258,0.139179,True,15.780258,0.139179,True
Qwen_Qwen2.5-7B,crane,33,1,28,28,43.141785,0.388961,True,43.141785,0.388961,True
Qwen_Qwen2.5-7B,crane,34,1,28,28,67.251617,0.617198,True,67.251617,0.617198,True
Qwen_Qwen2.5-7B,crane,35,1,28,28,15.780258,0.139179,True,15.780258,0.139179,True
Qwen_Qwen2.5-7B,crane,36,1,28,28,29.94754,0.267569,True,29.94754,0.267569,True
Qwen_Qwen2.5-7B,crane,37,1,28,28,73.085434,0.673823,True,73.085434,0.673823,True
Qwen_Qwen2.5-7B,crane,38,1,28,28,2.742035,0.024076,True,2.742035,0.024076,True
Qwen_Qwen2.5-7B,crane,39,1,28,28,26.072525,0.232522,True,26.072525,0.232522,True
Qwen_Qwen2.5-7B,spring,0,0,3,28,3.115263,0.290547,True,77.126633,0.524084,True
Qwen_Qwen2.5-7B,spring,1,0,3,28,3.178012,0.296514,True,35.579819,0.236353,True
Qwen_Qwen2.5-7B,spring,2,0,3,28,2.908034,0.270593,True,88.04277,0.601848,True
Qwen_Qwen2.5-7B,spring,3,0,2,28,4.1819,0.485201,True,-2.564529,-0.016797,False
Qwen_Qwen2.5-7B,spring,4,0,3,28,1.779996,0.164435,True,56.025284,0.377119,True
Qwen_Qwen2.5-7B,spring,5,0,3,28,3.471161,0.324271,True,86.212692,0.588913,True
Qwen_Qwen2.5-7B,spring,6,0,2,28,4.182375,0.485263,True,-2.909775,-0.019056,False
Qwen_Qwen2.5-7B,spring,7,0,3,28,3.283886,0.306482,True,93.067291,0.636041,True
Qwen_Qwen2.5-7B,spring,8,0,3,28,2.276941,0.212267,True,81.726852,0.561482,True
Qwen_Qwen2.5-7B,spring,9,0,3,28,2.16045,0.201345,True,60.072113,0.404854,True
Qwen_Qwen2.5-7B,spring,10,0,3,28,1.827923,0.168919,True,-4.707672,-0.030772,False
Qwen_Qwen2.5-7B,spring,11,0,2,28,4.1819,0.485201,True,-2.564529,-0.016797,False
Qwen_Qwen2.5-7B,spring,12,0,3,28,1.271986,0.117344,True,61.673157,0.416904,True
Qwen_Qwen2.5-7B,spring,13,0,3,28,3.316916,0.311117,True,76.08905,0.51747,True
Qwen_Qwen2.5-7B,spring,14,0,2,28,4.1819,0.485201,True,-2.564529,-0.016797,False
Qwen_Qwen2.5-7B,spring,15,0,3,28,1.815836,0.169478,True,17.080841,0.112936,True
Qwen_Qwen2.5-7B,spring,16,0,3,28,2.47962,0.230192,True,74.603134,0.508322,True
Qwen_Qwen2.5-7B,spring,17,0,3,28,-0.294624,-0.026914,False,-6.345932,-0.041452,False
Qwen_Qwen2.5-7B,spring,18,0,2,28,4.1819,0.485201,True,-2.564529,-0.016797,False
Qwen_Qwen2.5-7B,spring,19,0,3,28,1.655908,0.152751,True,78.938461,0.537932,True
Qwen_Qwen2.5-7B,spring,20,1,3,28,6.381416,0.610952,True,87.15799,0.592034,True
Qwen_Qwen2.5-7B,spring,21,1,3,28,0.413899,0.037914,True,32.958008,0.219798,True
Qwen_Qwen2.5-7B,spring,22,1,3,28,2.373421,0.219737,True,48.206451,0.322646,True
Qwen_Qwen2.5-7B,spring,23,1,3,28,6.381416,0.610952,True,87.15799,0.592034,True
Qwen_Qwen2.5-7B,spring,24,1,3,28,0.821582,0.075361,True,23.316711,0.154165,True
Qwen_Qwen2.5-7B,spring,25,1,3,28,1.680762,0.154869,True,58.055939,0.390092,True
Qwen_Qwen2.5-7B,spring,26,1,3,28,6.381416,0.610952,True,87.15799,0.592034,True
Qwen_Qwen2.5-7B,spring,27,1,3,28,2.41278,0.223521,True,57.255463,0.385018,True
Qwen_Qwen2.5-7B,spring,28,1,3,28,1.384171,0.12739,True,4.475189,0.029399,True
Qwen_Qwen2.5-7B,spring,29,1,3,28,6.381416,0.610952,True,87.15799,0.592034,True
Qwen_Qwen2.5-7B,spring,30,1,3,28,0.929565,0.085316,True,54.750076,0.367466,True
Qwen_Qwen2.5-7B,spring,31,1,3,28,1.758548,0.16239,True,1.580841,0.010369,True
Qwen_Qwen2.5-7B,spring,32,1,3,28,-0.202425,-0.01848,False,7.640488,0.050253,True
Qwen_Qwen2.5-7B,spring,33,1,3,28,6.381416,0.610952,True,87.15799,0.592034,True
Qwen_Qwen2.5-7B,spring,34,1,1,28,1.143342,0.163172,True,44.029297,0.294078,True
Qwen_Qwen2.5-7B,spring,35,1,3,28,6.381416,0.610952,True,87.15799,0.592034,True
Qwen_Qwen2.5-7B,spring,36,1,3,28,0.411592,0.037702,True,-47.024658,-0.300046,False
Qwen_Qwen2.5-7B,spring,37,1,3,28,6.396788,0.61242,True,86.283981,0.585967,True
Qwen_Qwen2.5-7B,spring,38,1,3,28,2.864176,0.266344,True,46.135376,0.309174,True
Qwen_Qwen2.5-7B,spring,39,1,3,28,6.396788,0.61242,True,86.283981,0.585967,True
Qwen_Qwen2.5-7B,match,0,0,3,28,1.67514,0.214691,True,31.568726,0.282205,True
Qwen_Qwen2.5-7B,match,1,0,3,28,3.06758,0.399654,True,39.702057,0.356591,True
Qwen_Qwen2.5-7B,match,2,0,28,28,42.654739,0.385558,True,42.654739,0.385558,True
Qwen_Qwen2.5-7B,match,3,0,28,28,-21.871307,-0.187815,False,-21.871307,-0.187815,False
Qwen_Qwen2.5-7B,match,4,0,3,28,4.32581,0.577923,True,18.611511,0.165674,True
Qwen_Qwen2.5-7B,match,5,0,28,28,-21.871307,-0.187815,False,-21.871307,-0.187815,False
Qwen_Qwen2.5-7B,match,6,0,28,28,-21.871307,-0.187815,False,-21.871307,-0.187815,False
Qwen_Qwen2.5-7B,match,7,0,28,28,9.525604,0.083624,True,9.525604,0.083624,True
Qwen_Qwen2.5-7B,match,8,0,28,28,19.19339,0.169624,True,19.19339,0.169624,True
Qwen_Qwen2.5-7B,match,9,0,3,28,2.927198,0.381474,True,46.575928,0.421125,True
Qwen_Qwen2.5-7B,match,10,0,28,28,46.916641,0.42466,True,46.916641,0.42466,True
Qwen_Qwen2.5-7B,match,11,0,3,28,-0.818074,-0.102348,False,30.106522,0.268722,True
Qwen_Qwen2.5-7B,match,12,0,3,28,2.335825,0.30249,True,25.656815,0.228983,True
Qwen_Qwen2.5-7B,match,13,0,28,28,-21.871307,-0.187815,False,-21.871307,-0.187815,False
Qwen_Qwen2.5-7B,match,14,0,3,28,0.575258,0.072846,True,46.521606,0.421369,True
Qwen_Qwen2.5-7B,match,15,0,28,28,24.963638,0.223198,True,24.963638,0.223198,True
Qwen_Qwen2.5-7B,match,16,0,28,28,23.904968,0.213454,True,23.904968,0.213454,True
Qwen_Qwen2.5-7B,match,17,0,3,28,2.941734,0.383859,True,43.522842,0.395404,True
Qwen_Qwen2.5-7B,match,18,0,3,28,-1.11072,-0.138572,False,42.243546,0.385512,True
Qwen_Qwen2.5-7B,match,19,0,28,28,41.983215,0.378297,True,41.983215,0.378297,True
Qwen_Qwen2.5-7B,match,20,1,28,28,48.035217,0.436306,True,48.035217,0.436306,True
Qwen_Qwen2.5-7B,match,21,1,28,28,29.106796,0.259862,True,29.106796,0.259862,True
Qwen_Qwen2.5-7B,match,22,1,28,28,1.679413,0.014681,True,1.679413,0.014681,True
Qwen_Qwen2.5-7B,match,23,1,28,28,-20.259125,-0.173755,False,-20.259125,-0.173755,False
Qwen_Qwen2.5-7B,match,24,1,28,28,60.83342,0.554223,True,60.83342,0.554223,True
Qwen_Qwen2.5-7B,match,25,1,28,28,1.679413,0.014681,True,1.679413,0.014681,True
Qwen_Qwen2.5-7B,match,26,1,28,28,18.841873,0.168352,True,18.841873,0.168352,True
Qwen_Qwen2.5-7B,match,27,1,28,28,46.396637,0.419354,True,46.396637,0.419354,True
Qwen_Qwen2.5-7B,match,28,1,3,28,-0.377706,-0.047481,False,-12.52475,-0.108292,False
Qwen_Qwen2.5-7B,match,29,1,28,28,46.279877,0.417458,True,46.279877,0.417458,True
Qwen_Qwen2.5-7B,match,30,1,28,28,57.312439,0.523338,True,57.312439,0.523338,True
Qwen_Qwen2.5-7B,match,31,1,28,28,2.996399,0.026228,True,2.996399,0.026228,True
Qwen_Qwen2.5-7B,match,32,1,28,28,13.322586,0.117754,True,13.322586,0.117754,True
Qwen_Qwen2.5-7B,match,33,1,3,28,1.147486,0.147491,True,35.509796,0.319382,True
Qwen_Qwen2.5-7B,match,34,1,28,28,-2.030731,-0.017717,False,-2.030731,-0.017717,False
Qwen_Qwen2.5-7B,match,35,1,28,28,-10.177856,-0.088248,False,-10.177856,-0.088248,False
Qwen_Qwen2.5-7B,match,36,1,28,28,21.90094,0.194466,True,21.90094,0.194466,True
Qwen_Qwen2.5-7B,match,37,1,28,28,60.437927,0.552714,True,60.437927,0.552714,True
Qwen_Qwen2.5-7B,match,38,1,28,28,2.996399,0.026228,True,2.996399,0.026228,True
Qwen_Qwen2.5-7B,match,39,1,28,28,56.466675,0.515407,True,56.466675,0.515407,True
Qwen_Qwen2.5-7B,pitch,0,0,28,28,7.517563,0.053115,True,7.517563,0.053115,True
Qwen_Qwen2.5-7B,pitch,1,0,28,28,89.754227,0.662476,True,89.754227,0.662476,True
Qwen_Qwen2.5-7B,pitch,2,0,28,28,-108.901497,-0.730604,False,-108.901497,-0.730604,False
Qwen_Qwen2.5-7B,pitch,3,0,28,28,86.510681,0.63869,True,86.510681,0.63869,True
Qwen_Qwen2.5-7B,pitch,4,0,28,28,6.920868,0.048881,True,6.920868,0.048881,True
Qwen_Qwen2.5-7B,pitch,5,0,28,28,98.058121,0.740052,True,98.058121,0.740052,True
Qwen_Qwen2.5-7B,pitch,6,0,28,28,98.270691,0.728077,True,98.270691,0.728077,True
Qwen_Qwen2.5-7B,pitch,7,0,28,28,95.516006,0.708107,True,95.516006,0.708107,True
Qwen_Qwen2.5-7B,pitch,8,0,28,28,-109.564491,-0.735714,False,-109.564491,-0.735714,False
Qwen_Qwen2.5-7B,pitch,9,0,28,28,98.317841,0.737119,True,98.317841,0.737119,True
Qwen_Qwen2.5-7B,pitch,10,0,28,28,78.150726,0.575319,True,78.150726,0.575319,True
Qwen_Qwen2.5-7B,pitch,11,0,28,28,81.185562,0.603639,True,81.185562,0.603639,True
Qwen_Qwen2.5-7B,pitch,12,0,28,28,85.228378,0.640033,True,85.228378,0.640033,True
Qwen_Qwen2.5-7B,pitch,13,0,28,28,87.87291,0.652923,True,87.87291,0.652923,True
Qwen_Qwen2.5-7B,pitch,14,0,3,28,-0.140762,-0.013383,False,65.615448,0.476411,True
Qwen_Qwen2.5-7B,pitch,15,0,28,28,-109.564491,-0.735714,False,-109.564491,-0.735714,False
Qwen_Qwen2.5-7B,pitch,16,0,28,28,87.295181,0.650342,True,87.295181,0.650342,True
Qwen_Qwen2.5-7B,pitch,17,0,28,28,-63.857849,-0.435402,False,-63.857849,-0.435402,False
Qwen_Qwen2.5-7B,pitch,18,0,28,28,-14.041367,-0.097981,False,-14.041367,-0.097981,False
Qwen_Qwen2.5-7B,pitch,19,0,28,28,-108.901497,-0.730604,False,-108.901497,-0.730604,False
Qwen_Qwen2.5-7B,pitch,20,1,28,28,-46.557922,-0.318901,False,-46.557922,-0.318901,False
Qwen_Qwen2.5-7B,pitch,21,1,28,28,-6.285248,-0.044056,False,-6.285248,-0.044056,False
Qwen_Qwen2.5-7B,pitch,22,1,28,28,55.175751,0.39746,True,55.175751,0.39746,True
Qwen_Qwen2.5-7B,pitch,23,1,28,28,91.10984,0.666986,True,91.10984,0.666986,True
Qwen_Qwen2.5-7B,pitch,24,1,28,28,27.855148,0.198264,True,27.855148,0.198264,True
Qwen_Qwen2.5-7B,pitch,25,1,28,28,91.10984,0.666986,True,91.10984,0.666986,True
Qwen_Qwen2.5-7B,pitch,26,1,28,28,52.871552,0.383264,True,52.871552,0.383264,True
Qwen_Qwen2.5-7B,pitch,27,1,28,28,91.10984,0.666986,True,91.10984,0.666986,True
Qwen_Qwen2.5-7B,pitch,28,1,28,28,-53.222855,-0.36298,False,-53.222855,-0.36298,False
Qwen_Qwen2.5-7B,pitch,29,1,28,28,92.627373,0.678821,True,92.627373,0.678821,True
Qwen_Qwen2.5-7B,pitch,30,1,28,28,-12.280304,-0.085784,False,-12.280304,-0.085784,False
Qwen_Qwen2.5-7B,pitch,31,1,28,28,92.627373,0.678821,True,92.627373,0.678821,True
Qwen_Qwen2.5-7B,pitch,32,1,28,28,23.071945,0.164203,True,23.071945,0.164203,True
Qwen_Qwen2.5-7B,pitch,33,1,28,28,91.10984,0.666986,True,91.10984,0.666986,True
Qwen_Qwen2.5-7B,pitch,34,1,28,28,28.831573,0.205184,True,28.831573,0.205184,True
Qwen_Qwen2.5-7B,pitch,35,1,28,28,91.10984,0.666986,True,91.10984,0.666986,True
Qwen_Qwen2.5-7B,pitch,36,1,28,28,52.871552,0.383264,True,52.871552,0.383264,True
Qwen_Qwen2.5-7B,pitch,37,1,28,28,91.10984,0.666986,True,91.10984,0.666986,True
Qwen_Qwen2.5-7B,pitch,38,1,28,28,5.542038,0.039053,True,5.542038,0.039053,True
Qwen_Qwen2.5-7B,pitch,39,1,28,28,91.10984,0.666986,True,91.10984,0.666986,True
mistralai_Mistral-Nemo-Base-2407,bank,0,0,4,40,1.256875,0.443485,True,90.607849,0.517144,True
mistralai_Mistral-Nemo-Base-2407,bank,1,0,4,40,1.35569,0.484966,True,38.353088,0.215028,True
mistralai_Mistral-Nemo-Base-2407,bank,2,0,4,40,1.667682,0.603078,True,103.572601,0.599708,True
mistralai_Mistral-Nemo-Base-2407,bank,3,0,4,40,-1.585899,-0.529549,False,-83.26001,-0.436003,False
mistralai_Mistral-Nemo-Base-2407,bank,4,0,4,40,1.780285,0.63855,True,104.532227,0.602624,True
mistralai_Mistral-Nemo-Base-2407,bank,5,0,4,40,-1.585899,-0.529549,False,-83.26001,-0.436003,False
mistralai_Mistral-Nemo-Base-2407,bank,6,0,4,40,1.595603,0.57776,True,49.191498,0.276833,True
mistralai_Mistral-Nemo-Base-2407,bank,7,0,4,40,-1.585899,-0.529549,False,-83.26001,-0.436003,False
mistralai_Mistral-Nemo-Base-2407,bank,8,0,4,40,1.819611,0.652733,True,80.788818,0.463295,True
mistralai_Mistral-Nemo-Base-2407,bank,9,0,4,40,1.99711,0.717418,True,97.694122,0.562207,True
mistralai_Mistral-Nemo-Base-2407,bank,10,0,4,40,2.108472,0.761927,True,103.922852,0.602733,True
mistralai_Mistral-Nemo-Base-2407,bank,11,0,4,40,1.833745,0.653943,True,60.590851,0.342905,True
mistralai_Mistral-Nemo-Base-2407,bank,12,0,4,40,-1.585899,-0.529549,False,-83.26001,-0.436003,False
mistralai_Mistral-Nemo-Base-2407,bank,13,0,4,40,1.565283,0.557946,True,97.438629,0.56111,True
mistralai_Mistral-Nemo-Base-2407,bank,14,0,4,40,2.057764,0.74309,True,101.383881,0.58721,True
mistralai_Mistral-Nemo-Base-2407,bank,15,0,4,40,1.968928,0.713516,True,92.810608,0.53678,True
mistralai_Mistral-Nemo-Base-2407,bank,16,0,4,40,2.088034,0.759262,True,112.906189,0.656636,True
mistralai_Mistral-Nemo-Base-2407,bank,17,0,4,40,-1.585899,-0.529549,False,-83.26001,-0.436003,False
mistralai_Mistral-Nemo-Base-2407,bank,18,0,7,40,-1.779145,-0.273683,False,-31.472626,-0.169331,False
mistralai_Mistral-Nemo-Base-2407,bank,19,0,4,40,-1.585899,-0.529549,False,-83.26001,-0.436003,False
mistralai_Mistral-Nemo-Base-2407,bank,20,1,4,40,0.570085,0.197433,True,5.608582,0.030704,True
mistralai_Mistral-Nemo-Base-2407,bank,21,1,4,40,1.349026,0.473926,True,7.726349,0.042393,True
mistralai_Mistral-Nemo-Base-2407,bank,22,1,4,40,1.315624,0.459865,True,47.816803,0.268056,True
mistralai_Mistral-Nemo-Base-2407,bank,23,1,7,40,2.258004,0.361201,True,17.523224,0.096755,True
mistralai_Mistral-Nemo-Base-2407,bank,24,1,4,40,1.315624,0.459865,True,47.816803,0.268056,True
mistralai_Mistral-Nemo-Base-2407,bank,25,1,4,40,1.200425,0.423038,True,17.457489,0.09635,True
mistralai_Mistral-Nemo-Base-2407,bank,26,1,4,40,1.315624,0.459865,True,47.816803,0.268056,True
mistralai_Mistral-Nemo-Base-2407,bank,27,1,7,40,3.025787,0.487198,True,2.894592,0.01583,True
mistralai_Mistral-Nemo-Base-2407,bank,28,1,4,40,1.315624,0.459865,True,47.816803,0.268056,True
mistralai_Mistral-Nemo-Base-2407,bank,29,1,4,40,0.861941,0.300056,True,26.346619,0.146061,True
mistralai_Mistral-Nemo-Base-2407,bank,30,1,4,40,1.315624,0.459865,True,47.816803,0.268056,True
mistralai_Mistral-Nemo-Base-2407,bank,31,1,4,40,1.595257,0.565137,True,36.555664,0.203871,True
mistralai_Mistral-Nemo-Base-2407,bank,32,1,4,40,1.315624,0.459865,True,47.816803,0.268056,True
mistralai_Mistral-Nemo-Base-2407,bank,33,1,4,40,1.126947,0.396372,True,15.984741,0.08826,True
mistralai_Mistral-Nemo-Base-2407,bank,34,1,4,40,1.315624,0.459865,True,47.816803,0.268056,True
mistralai_Mistral-Nemo-Base-2407,bank,35,1,4,40,1.286706,0.452025,True,1.56543,0.008561,True
mistralai_Mistral-Nemo-Base-2407,bank,36,1,4,40,1.315624,0.459865,True,47.816803,0.268056,True
mistralai_Mistral-Nemo-Base-2407,bank,37,1,4,40,1.0229,0.355853,True,31.214691,0.172717,True
mistralai_Mistral-Nemo-Base-2407,bank,38,1,4,40,1.315624,0.459865,True,47.816803,0.268056,True
mistralai_Mistral-Nemo-Base-2407,bank,39,1,7,40,2.878231,0.462357,True,21.057159,0.116537,True
mistralai_Mistral-Nemo-Base-2407,bark,0,0,7,40,4.654696,0.685458,True,40.045166,0.218106,True
mistralai_Mistral-Nemo-Base-2407,bark,1,0,7,40,1.547998,0.22071,True,45.682037,0.247767,True
mistralai_Mistral-Nemo-Base-2407,bark,2,0,7,40,5.0134,0.736298,True,98.754364,0.551085,True
mistralai_Mistral-Nemo-Base-2407,bark,3,0,7,40,4.303254,0.632299,True,30.183655,0.163845,True
mistralai_Mistral-Nemo-Base-2407,bark,4,0,7,40,4.728988,0.694026,True,78.487274,0.435005,True
mistralai_Mistral-Nemo-Base-2407,bark,5,0,7,40,3.685055,0.535736,True,32.191254,0.174427,True
mistralai_Mistral-Nemo-Base-2407,bark,6,0,7,40,5.221975,0.771709,True,107.85675,0.603757,True
mistralai_Mistral-Nemo-Base-2407,bark,7,0,7,40,4.251896,0.625662,True,31.315063,0.169886,True
mistralai_Mistral-Nemo-Base-2407,bark,8,0,7,40,-3.611959,-0.498062,False,-69.294449,-0.358249,False
mistralai_Mistral-Nemo-Base-2407,bark,9,0,7,40,3.389282,0.493448,True,43.758728,0.238833,True
mistralai_Mistral-Nemo-Base-2407,bark,10,0,7,40,2.127657,0.304419,True,58.836746,0.319323,True
mistralai_Mistral-Nemo-Base-2407,bark,11,0,7,40,3.549048,0.515048,True,73.616699,0.405501,True
mistralai_Mistral-Nemo-Base-2407,bark,12,0,7,40,4.585207,0.673174,True,99.949036,0.557467,True
mistralai_Mistral-Nemo-Base-2407,bark,13,0,7,40,2.47046,0.355328,True,51.557373,0.281668,True
mistralai_Mistral-Nemo-Base-2407,bark,14,0,7,40,-3.596988,-0.496029,False,-69.549911,-0.35954,False
mistralai_Mistral-Nemo-Base-2407,bark,15,0,7,40,1.536136,0.218878,True,12.376221,0.066127,True
mistralai_Mistral-Nemo-Base-2407,bark,16,0,7,40,1.547998,0.22071,True,45.682037,0.247767,True
mistralai_Mistral-Nemo-Base-2407,bark,17,0,7,40,4.16315,0.613117,True,27.309906,0.148011,True
mistralai_Mistral-Nemo-Base-2407,bark,18,0,7,40,4.214715,0.619067,True,26.926971,0.145789,True
mistralai_Mistral-Nemo-Base-2407,bark,19,0,7,40,-3.611959,-0.498062,False,-69.294449,-0.358249,False
mistralai_Mistral-Nemo-Base-2407,bark,20,1,7,40,2.926398,0.421971,True,26.591766,0.143231,True
mistralai_Mistral-Nemo-Base-2407,bark,21,1,7,40,3.137745,0.454536,True,35.488647,0.192173,True
mistralai_Mistral-Nemo-Base-2407,bark,22,1,7,40,2.993286,0.429787,True,40.426331,0.218454,True
mistralai_Mistral-Nemo-Base-2407,bark,23,1,7,40,2.739783,0.395136,True,24.785004,0.133915,True
mistralai_Mistral-Nemo-Base-2407,bark,24,1,7,40,2.993286,0.429787,True,40.426331,0.218454,True
mistralai_Mistral-Nemo-Base-2407,bark,25,1,7,40,3.38732,0.491051,True,60.377655,0.329636,True
mistralai_Mistral-Nemo-Base-2407,bark,26,1,7,40,2.711744,0.391467,True,67.600037,0.372768,True
mistralai_Mistral-Nemo-Base-2407,bark,27,1,7,40,2.993286,0.429787,True,40.426331,0.218454,True
mistralai_Mistral-Nemo-Base-2407,bark,28,1,7,40,3.155815,0.457038,True,24.462524,0.131862,True
mistralai_Mistral-Nemo-Base-2407,bark,29,1,7,40,3.399753,0.492635,True,6.484222,0.034578,True
mistralai_Mistral-Nemo-Base-2407,bark,30,1,7,40,3.646829,0.529287,True,32.140778,0.173535,True
mistralai_Mistral-Nemo-Base-2407,bark,31,1,7,40,2.977468,0.427485,True,40.703461,0.219973,True
mistralai_Mistral-Nemo-Base-2407,bark,32,1,7,40,3.536158,0.514265,True,64.270081,0.352533,True
mistralai_Mistral-Nemo-Base-2407,bark,33,1,7,40,2.993286,0.429787,True,40.426331,0.218454,True
mistralai_Mistral-Nemo-Base-2407,bark,34,1,7,40,2.520277,0.363495,True,15.365143,0.082553,True
mistralai_Mistral-Nemo-Base-2407,bark,35,1,7,40,2.993286,0.429787,True,40.426331,0.218454,True
mistralai_Mistral-Nemo-Base-2407,bark,36,1,7,40,3.065012,0.443913,True,55.53006,0.302618,True
mistralai_Mistral-Nemo-Base-2407,bark,37,1,7,40,3.715917,0.538891,True,47.253967,0.257497,True
mistralai_Mistral-Nemo-Base-2407,bark,38,1,7,40,2.993286,0.429787,True,40.426331,0.218454,True
mistralai_Mistral-Nemo-Base-2407,bark,39,1,7,40,3.080864,0.44551,True,74.501587,0.40991,True
mistralai_Mistral-Nemo-Base-2407,bat,0,0,7,40,4.384459,0.573176,True,107.158783,0.437556,True
mistralai_Mistral-Nemo-Base-2407,bat,1,0,7,40,2.808091,0.36213,True,-44.611633,-0.175366,False
mistralai_Mistral-Nemo-Base-2407,bat,2,0,7,40,4.991083,0.656773,True,136.922424,0.56618,True
mistralai_Mistral-Nemo-Base-2407,bat,3,0,7,40,4.959112,0.648501,True,142.539886,0.584023,True
mistralai_Mistral-Nemo-Base-2407,bat,4,0,7,40,3.306305,0.430381,True,-45.733948,-0.179528,False
mistralai_Mistral-Nemo-Base-2407,bat,5,0,7,40,4.735573,0.621147,True,175.753525,0.733566,True
mistralai_Mistral-Nemo-Base-2407,bat,6,0,7,40,3.322001,0.429291,True,98.888687,0.401214,True
mistralai_Mistral-Nemo-Base-2407,bat,7,0,7,40,3.00337,0.388003,True,-49.786133,-0.195485,False
mistralai_Mistral-Nemo-Base-2407,bat,8,0,7,40,4.062087,0.529292,True,131.0802,0.541766,True
mistralai_Mistral-Nemo-Base-2407,bat,9,0,7,40,4.400046,0.574404,True,170.850067,0.710841,True
mistralai_Mistral-Nemo-Base-2407,bat,10,0,7,40,3.308842,0.431313,True,149.113953,0.621277,True
mistralai_Mistral-Nemo-Base-2407,bat,11,0,7,40,4.670405,0.611441,True,131.431824,0.541716,True
mistralai_Mistral-Nemo-Base-2407,bat,12,0,7,40,-3.365827,-0.41881,False,-183.250732,-0.701562,False
mistralai_Mistral-Nemo-Base-2407,bat,13,0,7,40,5.15399,0.677699,True,135.683838,0.56826,True
mistralai_Mistral-Nemo-Base-2407,bat,14,0,7,40,4.569113,0.59976,True,122.86203,0.504573,True
mistralai_Mistral-Nemo-Base-2407,bat,15,0,7,40,-3.365827,-0.41881,False,-183.250732,-0.701562,False
mistralai_Mistral-Nemo-Base-2407,bat,16,0,7,40,2.021717,0.259685,True,73.2603,0.295325,True
mistralai_Mistral-Nemo-Base-2407,bat,17,0,7,40,4.557431,0.596122,True,144.882874,0.603711,True
mistralai_Mistral-Nemo-Base-2407,bat,18,0,7,40,3.522738,0.457392,True,148.734146,0.616067,True
mistralai_Mistral-Nemo-Base-2407,bat,19,0,7,40,3.653662,0.474183,True,150.319351,0.619066,True
mistralai_Mistral-Nemo-Base-2407,bat,20,1,7,40,6.007578,0.790464,True,158.971375,0.652057,True
mistralai_Mistral-Nemo-Base-2407,bat,21,1,7,40,2.711312,0.348263,True,157.233078,0.645304,True
mistralai_Mistral-Nemo-Base-2407,bat,22,1,7,40,4.649632,0.606381,True,28.423431,0.113522,True
mistralai_Mistral-Nemo-Base-2407,bat,23,1,7,40,2.175538,0.279423,True,56.661163,0.228755,True
mistralai_Mistral-Nemo-Base-2407,bat,24,1,7,40,4.575138,0.598876,True,64.823242,0.262291,True
mistralai_Mistral-Nemo-Base-2407,bat,25,1,7,40,6.007578,0.790464,True,158.971375,0.652057,True
mistralai_Mistral-Nemo-Base-2407,bat,26,1,7,40,2.711312,0.348263,True,157.233078,0.645304,True
mistralai_Mistral-Nemo-Base-2407,bat,27,1,7,40,4.343785,0.565459,True,47.397461,0.190382,True
mistralai_Mistral-Nemo-Base-2407,bat,28,1,7,40,3.277889,0.426533,True,141.259796,0.584236,True
mistralai_Mistral-Nemo-Base-2407,bat,29,1,7,40,4.826059,0.633419,True,32.560516,0.130366,True
mistralai_Mistral-Nemo-Base-2407,bat,30,1,7,40,2.711312,0.348263,True,157.233078,0.645304,True
mistralai_Mistral-Nemo-Base-2407,bat,31,1,7,40,2.426161,0.31161,True,49.47644,0.199057,True
mistralai_Mistral-Nemo-Base-2407,bat,32,1,7,40,3.465755,0.45213,True,12.419983,0.049566,True
mistralai_Mistral-Nemo-Base-2407,bat,33,1,7,40,4.341897,0.56423,True,74.837097,0.302843,True
mistralai_Mistral-Nemo-Base-2407,bat,34,1,7,40,6.007578,0.790464,True,158.971375,0.652057,True
mistralai_Mistral-Nemo-Base-2407,bat,35,1,7,40,1.754275,0.225561,True,126.054291,0.519207,True
mistralai_Mistral-Nemo-Base-2407,bat,36,1,7,40,2.175538,0.279423,True,56.661163,0.228755,True
mistralai_Mistral-Nemo-Base-2407,bat,37,1,7,40,1.033163,0.131625,True,110.148056,0.448591,True
mistralai_Mistral-Nemo-Base-2407,bat,38,1,7,40,4.932395,0.647306,True,39.735413,0.159799,True
mistralai_Mistral-Nemo-Base-2407,bat,39,1,7,40,2.711312,0.348263,True,157.233078,0.645304,True
mistralai_Mistral-Nemo-Base-2407,crane,0,0,10,40,-2.728471,-0.416937,False,-65.252411,-0.433002,False
mistralai_Mistral-Nemo-Base-2407,crane,1,0,7,40,3.045358,0.695187,True,83.648148,0.59832,True
mistralai_Mistral-Nemo-Base-2407,crane,2,0,8,40,0.650061,0.122378,True,14.242584,0.098674,True
mistralai_Mistral-Nemo-Base-2407,crane,3,0,13,40,3.405684,0.498937,True,40.983826,0.290009,True
mistralai_Mistral-Nemo-Base-2407,crane,4,0,11,40,1.924244,0.287729,True,67.981613,0.481992,True
mistralai_Mistral-Nemo-Base-2407,crane,5,0,10,40,-2.791659,-0.42723,False,-55.931381,-0.37364,False
mistralai_Mistral-Nemo-Base-2407,crane,6,0,7,40,1.247771,0.274903,True,60.883026,0.439734,True
mistralai_Mistral-Nemo-Base-2407,crane,7,0,17,40,3.576956,0.477194,True,44.778992,0.316504,True
mistralai_Mistral-Nemo-Base-2407,crane,8,0,8,40,1.285975,0.243879,True,6.504486,0.044677,True
mistralai_Mistral-Nemo-Base-2407,crane,9,0,10,40,-2.830274,-0.433014,False,-56.77829,-0.379166,False
mistralai_Mistral-Nemo-Base-2407,crane,10,0,17,40,3.976832,0.535314,True,74.655334,0.553525,True
mistralai_Mistral-Nemo-Base-2407,crane,11,0,10,40,-2.725915,-0.416545,False,-65.563385,-0.434988,False
mistralai_Mistral-Nemo-Base-2407,crane,12,0,12,40,3.966301,0.615856,True,58.688049,0.426821,True
mistralai_Mistral-Nemo-Base-2407,crane,13,0,10,40,-2.830274,-0.433014,False,-56.77829,-0.379166,False
mistralai_Mistral-Nemo-Base-2407,crane,14,0,10,40,-2.830274,-0.433014,False,-56.77829,-0.379166,False
mistralai_Mistral-Nemo-Base-2407,crane,15,0,12,40,3.1057,0.471189,True,83.281876,0.608811,True
mistralai_Mistral-Nemo-Base-2407,crane,16,0,10,40,-2.791659,-0.42723,False,-55.931381,-0.37364,False
mistralai_Mistral-Nemo-Base-2407,crane,17,0,12,40,3.353934,0.51535,True,73.820862,0.548164,True
mistralai_Mistral-Nemo-Base-2407,crane,18,0,12,40,3.202953,0.49207,True,47.324158,0.334987,True
mistralai_Mistral-Nemo-Base-2407,crane,19,0,12,40,2.190264,0.334136,True,67.87915,0.488921,True
mistralai_Mistral-Nemo-Base-2407,crane,20,1,7,40,1.847474,0.404743,True,37.910248,0.263387,True
mistralai_Mistral-Nemo-Base-2407,crane,21,1,7,40,2.455047,0.550083,True,38.855209,0.273492,True
mistralai_Mistral-Nemo-Base-2407,crane,22,1,10,40,1.707292,0.273607,True,68.655273,0.488422,True
mistralai_Mistral-Nemo-Base-2407,crane,23,1,7,40,2.187016,0.488207,True,9.489532,0.065695,True
mistralai_Mistral-Nemo-Base-2407,crane,24,1,7,40,1.847474,0.404743,True,37.910248,0.263387,True
mistralai_Mistral-Nemo-Base-2407,crane,25,1,10,40,2.371534,0.382123,True,59.634613,0.422117,True
mistralai_Mistral-Nemo-Base-2407,crane,26,1,7,40,1.847474,0.404743,True,37.910248,0.263387,True
mistralai_Mistral-Nemo-Base-2407,crane,27,1,7,40,1.879141,0.415617,True,55.253494,0.39014,True
mistralai_Mistral-Nemo-Base-2407,crane,28,1,7,40,1.847474,0.404743,True,37.910248,0.263387,True
mistralai_Mistral-Nemo-Base-2407,crane,29,1,7,40,-0.308456,-0.066164,False,-29.487244,-0.19828,False
mistralai_Mistral-Nemo-Base-2407,crane,30,1,10,40,1.476073,0.235785,True,37.905121,0.266691,True
mistralai_Mistral-Nemo-Base-2407,crane,31,1,10,40,2.945083,0.475135,True,14.026489,0.097656,True
mistralai_Mistral-Nemo-Base-2407,crane,32,1,7,40,1.847474,0.404743,True,37.910248,0.263387,True
mistralai_Mistral-Nemo-Base-2407,crane,33,1,12,40,2.612621,0.389701,True,43.25148,0.303944,True
mistralai_Mistral-Nemo-Base-2407,crane,34,1,7,40,1.270619,0.279356,True,60.905975,0.429797,True
mistralai_Mistral-Nemo-Base-2407,crane,35,1,7,40,1.847474,0.404743,True,37.910248,0.263387,True
mistralai_Mistral-Nemo-Base-2407,crane,36,1,12,40,2.374642,0.351471,True,44.835251,0.313432,True
mistralai_Mistral-Nemo-Base-2407,crane,37,1,10,40,1.82983,0.293032,True,51.679825,0.366766,True
mistralai_Mistral-Nemo-Base-2407,crane,38,1,12,40,2.225309,0.334147,True,21.73111,0.151428,True
mistralai_Mistral-Nemo-Base-2407,crane,39,1,7,40,2.053935,0.455381,True,-13.27536,-0.090317,False
mistralai_Mistral-Nemo-Base-2407,spring,0,0,6,40,1.88021,0.418177,True,197.727386,0.735283,True
mistralai_Mistral-Nemo-Base-2407,spring,1,0,6,40,1.625799,0.359888,True,-30.562408,-0.107139,False
mistralai_Mistral-Nemo-Base-2407,spring,2,0,6,40,1.966385,0.436963,True,206.154449,0.766615,True
mistralai_Mistral-Nemo-Base-2407,spring,3,0,4,40,0.837455,0.315708,True,-84.4375,-0.292819,False
mistralai_Mistral-Nemo-Base-2407,spring,4,0,6,40,0.878676,0.192399,True,161.381882,0.589249,True
mistralai_Mistral-Nemo-Base-2407,spring,5,0,6,40,1.968715,0.439344,True,208.55426,0.777828,True
mistralai_Mistral-Nemo-Base-2407,spring,6,0,4,40,0.837455,0.315708,True,-84.4375,-0.292819,False
mistralai_Mistral-Nemo-Base-2407,spring,7,0,6,40,1.914349,0.426897,True,203.511444,0.759726,True
mistralai_Mistral-Nemo-Base-2407,spring,8,0,6,40,1.657178,0.368518,True,207.03714,0.774076,True
mistralai_Mistral-Nemo-Base-2407,spring,9,0,6,40,1.300714,0.28703,True,185.310059,0.685919,True
mistralai_Mistral-Nemo-Base-2407,spring,10,0,6,40,0.839287,0.183452,True,-31.282745,-0.109681,False
mistralai_Mistral-Nemo-Base-2407,spring,11,0,4,40,0.837455,0.315708,True,-84.4375,-0.292819,False
mistralai_Mistral-Nemo-Base-2407,spring,12,0,1,40,-0.27725,-0.363202,False,177.580139,0.654073,True
mistralai_Mistral-Nemo-Base-2407,spring,13,0,6,40,1.442855,0.319866,True,209.446045,0.782066,True
mistralai_Mistral-Nemo-Base-2407,spring,14,0,4,40,0.837455,0.315708,True,-84.4375,-0.292819,False
mistralai_Mistral-Nemo-Base-2407,spring,15,0,6,40,0.915389,0.201248,True,12.343536,0.043721,True
mistralai_Mistral-Nemo-Base-2407,spring,16,0,6,40,1.980536,0.441247,True,211.126663,0.784111,True
mistralai_Mistral-Nemo-Base-2407,spring,17,0,4,40,-0.036739,-0.013444,False,-30.659119,-0.107519,False
mistralai_Mistral-Nemo-Base-2407,spring,18,0,4,40,0.837455,0.315708,True,-84.4375,-0.292819,False
mistralai_Mistral-Nemo-Base-2407,spring,19,0,6,40,1.28043,0.282109,True,203.07019,0.758301,True
mistralai_Mistral-Nemo-Base-2407,spring,20,1,6,40,1.878839,0.414937,True,189.222977,0.692198,True
mistralai_Mistral-Nemo-Base-2407,spring,21,1,5,40,1.053404,0.295068,True,121.806412,0.438809,True
mistralai_Mistral-Nemo-Base-2407,spring,22,1,6,40,1.907827,0.421584,True,189.96611,0.696187,True
mistralai_Mistral-Nemo-Base-2407,spring,23,1,6,40,1.878839,0.414937,True,189.222977,0.692198,True
mistralai_Mistral-Nemo-Base-2407,spring,24,1,5,40,0.651248,0.181713,True,132.388718,0.478578,True
mistralai_Mistral-Nemo-Base-2407,spring,25,1,6,40,1.773935,0.393896,True,134.105438,0.486983,True
mistralai_Mistral-Nemo-Base-2407,spring,26,1,6,40,1.884928,0.416312,True,189.373779,0.692826,True
mistralai_Mistral-Nemo-Base-2407,spring,27,1,6,40,1.780397,0.393214,True,186.736435,0.683628,True
mistralai_Mistral-Nemo-Base-2407,spring,28,1,6,40,1.536737,0.341185,True,44.746429,0.159598,True
mistralai_Mistral-Nemo-Base-2407,spring,29,1,6,40,1.884928,0.416312,True,189.373779,0.692826,True
mistralai_Mistral-Nemo-Base-2407,spring,30,1,6,40,1.913605,0.426716,True,126.5793,0.45736,True
mistralai_Mistral-Nemo-Base-2407,spring,31,1,6,40,1.806978,0.402203,True,-68.71225,-0.238825,False
mistralai_Mistral-Nemo-Base-2407,spring,32,1,5,40,1.004292,0.282189,True,-81.488892,-0.282235,False
mistralai_Mistral-Nemo-Base-2407,spring,33,1,6,40,1.884928,0.416312,True,189.373779,0.692826,True
mistralai_Mistral-Nemo-Base-2407,spring,34,1,6,40,1.65132,0.36684,True,63.111755,0.225434,True
mistralai_Mistral-Nemo-Base-2407,spring,35,1,6,40,1.884928,0.416312,True,189.373779,0.692826,True
mistralai_Mistral-Nemo-Base-2407,spring,36,1,5,40,0.934956,0.26439,True,-114.949829,-0.394959,False
mistralai_Mistral-Nemo-Base-2407,spring,37,1,6,40,1.891722,0.417851,True,189.484894,0.69323,True
mistralai_Mistral-Nemo-Base-2407,spring,38,1,6,40,1.315582,0.291279,True,138.931702,0.507888,True
mistralai_Mistral-Nemo-Base-2407,spring,39,1,6,40,1.891722,0.417851,True,189.484894,0.69323,True
mistralai_Mistral-Nemo-Base-2407,match,0,0,7,40,2.891213,0.420081,True,-2.313812,-0.012236,False
mistralai_Mistral-Nemo-Base-2407,match,1,0,7,40,3.46482,0.504947,True,64.103638,0.350984,True
mistralai_Mistral-Nemo-Base-2407,match,2,0,7,40,2.530269,0.366291,True,28.954773,0.155781,True
mistralai_Mistral-Nemo-Base-2407,match,3,0,7,40,2.307317,0.332494,True,11.86972,0.063302,True
mistralai_Mistral-Nemo-Base-2407,match,4,0,7,40,1.842302,0.265762,True,18.395599,0.098378,True
mistralai_Mistral-Nemo-Base-2407,match,5,0,7,40,2.307317,0.332494,True,11.86972,0.063302,True
mistralai_Mistral-Nemo-Base-2407,match,6,0,7,40,2.307317,0.332494,True,11.86972,0.063302,True
mistralai_Mistral-Nemo-Base-2407,match,7,0,7,40,1.158123,0.166024,True,12.663788,0.067655,True
mistralai_Mistral-Nemo-Base-2407,match,8,0,7,40,2.805791,0.40733,True,56.225494,0.306436,True
mistralai_Mistral-Nemo-Base-2407,match,9,0,7,40,3.173173,0.462854,True,45.010071,0.243225,True
mistralai_Mistral-Nemo-Base-2407,match,10,0,7,40,2.539876,0.36845,True,40.373932,0.217854,True
mistralai_Mistral-Nemo-Base-2407,match,11,0,7,40,3.054189,0.44405,True,36.282043,0.195059,True
mistralai_Mistral-Nemo-Base-2407,match,12,0,7,40,2.221692,0.321278,True,50.445099,0.274299,True
mistralai_Mistral-Nemo-Base-2407,match,13,0,7,40,2.307317,0.332494,True,11.86972,0.063302,True
mistralai_Mistral-Nemo-Base-2407,match,14,0,7,40,3.414845,0.497378,True,46.529388,0.251881,True
mistralai_Mistral-Nemo-Base-2407,match,15,0,7,40,3.202141,0.46663,True,44.836334,0.24297,True
mistralai_Mistral-Nemo-Base-2407,match,16,0,7,40,3.344106,0.487865,True,60.472595,0.329157,True
mistralai_Mistral-Nemo-Base-2407,match,17,0,7,40,3.326484,0.485299,True,74.689514,0.410705,True
mistralai_Mistral-Nemo-Base-2407,match,18,0,7,40,2.305696,0.334453,True,71.999237,0.395693,True
mistralai_Mistral-Nemo-Base-2407,match,19,0,7,40,3.069354,0.446417,True,50.469666,0.275293,True
mistralai_Mistral-Nemo-Base-2407,match,20,1,7,40,4.421297,0.655572,True,47.989807,0.26043,True
mistralai_Mistral-Nemo-Base-2407,match,21,1,7,40,4.522224,0.674747,True,42.109253,0.228147,True
mistralai_Mistral-Nemo-Base-2407,match,22,1,8,40,-3.589644,-0.436153,False,-47.032928,-0.243752,False
mistralai_Mistral-Nemo-Base-2407,match,23,1,7,40,4.671684,0.695021,True,70.663696,0.389419,True
mistralai_Mistral-Nemo-Base-2407,match,24,1,7,40,4.484695,0.661553,True,91.790619,0.507164,True
mistralai_Mistral-Nemo-Base-2407,match,25,1,8,40,-3.589644,-0.436153,False,-47.032928,-0.243752,False
mistralai_Mistral-Nemo-Base-2407,match,26,1,7,40,3.729241,0.547921,True,30.760712,0.166634,True
mistralai_Mistral-Nemo-Base-2407,match,27,1,7,40,4.523564,0.672121,True,74.22226,0.407938,True
mistralai_Mistral-Nemo-Base-2407,match,28,1,8,40,-3.523508,-0.427311,False,-82.968857,-0.425478,False
mistralai_Mistral-Nemo-Base-2407,match,29,1,7,40,4.585255,0.68428,True,63.409546,0.348152,True
mistralai_Mistral-Nemo-Base-2407,match,30,1,7,40,4.135518,0.609065,True,88.94516,0.492605,True
mistralai_Mistral-Nemo-Base-2407,match,31,1,8,40,-3.589644,-0.436153,False,-47.032928,-0.243752,False
mistralai_Mistral-Nemo-Base-2407,match,32,1,7,40,4.43363,0.658506,True,50.532562,0.275408,True
mistralai_Mistral-Nemo-Base-2407,match,33,1,7,40,2.613796,0.379929,True,54.865509,0.298588,True
mistralai_Mistral-Nemo-Base-2407,match,34,1,7,40,0.093736,0.013297,True,48.506775,0.263308,True
mistralai_Mistral-Nemo-Base-2407,match,35,1,7,40,4.250082,0.628014,True,43.260132,0.236444,True
mistralai_Mistral-Nemo-Base-2407,match,36,1,7,40,3.046999,0.443613,True,89.4189,0.492477,True
mistralai_Mistral-Nemo-Base-2407,match,37,1,7,40,4.932073,0.729613,True,113.505417,0.633736,True
mistralai_Mistral-Nemo-Base-2407,match,38,1,8,40,-3.585556,-0.43566,False,-46.982391,-0.24348,False
mistralai_Mistral-Nemo-Base-2407,match,39,1,7,40,4.280577,0.627926,True,72.388351,0.394959,True
mistralai_Mistral-Nemo-Base-2407,pitch,0,0,21,40,7.617907,0.37178,True,-41.28009,-0.147442,False
mistralai_Mistral-Nemo-Base-2407,pitch,1,0,21,40,11.374617,0.56209,True,192.702271,0.727663,True
mistralai_Mistral-Nemo-Base-2407,pitch,2,0,21,40,-15.066463,-0.696867,False,-242.318573,-0.837859,False
mistralai_Mistral-Nemo-Base-2407,pitch,3,0,21,40,12.109858,0.60396,True,212.754059,0.812249,True
mistralai_Mistral-Nemo-Base-2407,pitch,4,0,21,40,8.041344,0.393181,True,-19.140747,-0.068687,False
mistralai_Mistral-Nemo-Base-2407,pitch,5,0,21,40,12.155714,0.6049,True,211.435425,0.806764,True
mistralai_Mistral-Nemo-Base-2407,pitch,6,0,21,40,12.471249,0.622479,True,203.513763,0.770703,True
mistralai_Mistral-Nemo-Base-2407,pitch,7,0,21,40,12.693611,0.634453,True,219.798737,0.839784,True
mistralai_Mistral-Nemo-Base-2407,pitch,8,0,21,40,-15.053061,-0.696233,False,-241.630157,-0.835543,False
mistralai_Mistral-Nemo-Base-2407,pitch,9,0,21,40,11.65078,0.577236,True,207.997162,0.795768,True
mistralai_Mistral-Nemo-Base-2407,pitch,10,0,21,40,9.049683,0.446429,True,160.932465,0.602642,True
mistralai_Mistral-Nemo-Base-2407,pitch,11,0,21,40,12.048035,0.598779,True,198.456421,0.756835,True
mistralai_Mistral-Nemo-Base-2407,pitch,12,0,21,40,11.378956,0.565898,True,196.440399,0.750368,True
mistralai_Mistral-Nemo-Base-2407,pitch,13,0,21,40,11.289394,0.562936,True,190.821594,0.730997,True
mistralai_Mistral-Nemo-Base-2407,pitch,14,0,21,40,12.482397,0.618562,True,186.687439,0.703429,True
mistralai_Mistral-Nemo-Base-2407,pitch,15,0,21,40,-15.053061,-0.696233,False,-241.630157,-0.835543,False
mistralai_Mistral-Nemo-Base-2407,pitch,16,0,21,40,7.691994,0.378504,True,200.009064,0.763331,True
mistralai_Mistral-Nemo-Base-2407,pitch,17,0,21,40,6.135792,0.298703,True,-89.649139,-0.316598,False
mistralai_Mistral-Nemo-Base-2407,pitch,18,0,21,40,8.018641,0.391736,True,123.446838,0.456847,True
mistralai_Mistral-Nemo-Base-2407,pitch,19,0,21,40,-15.066463,-0.696867,False,-242.318573,-0.837859,False
mistralai_Mistral-Nemo-Base-2407,pitch,20,1,25,40,-4.920338,-0.128164,False,-139.619354,-0.4857,False
mistralai_Mistral-Nemo-Base-2407,pitch,21,1,21,40,3.146725,0.151784,True,-45.954376,-0.163849,False
mistralai_Mistral-Nemo-Base-2407,pitch,22,1,21,40,8.506935,0.418011,True,140.241638,0.520396,True
mistralai_Mistral-Nemo-Base-2407,pitch,23,1,21,40,13.284287,0.650275,True,214.813263,0.803975,True
mistralai_Mistral-Nemo-Base-2407,pitch,24,1,21,40,8.311314,0.404088,True,116.648987,0.429364,True
mistralai_Mistral-Nemo-Base-2407,pitch,25,1,21,40,13.284287,0.650275,True,214.813263,0.803975,True
mistralai_Mistral-Nemo-Base-2407,pitch,26,1,21,40,11.518921,0.56365,True,195.966461,0.733776,True
mistralai_Mistral-Nemo-Base-2407,pitch,27,1,21,40,13.284287,0.650275,True,214.813263,0.803975,True
mistralai_Mistral-Nemo-Base-2407,pitch,28,1,21,40,8.348196,0.406631,True,-89.269135,-0.315076,False
mistralai_Mistral-Nemo-Base-2407,pitch,29,1,21,40,13.335661,0.652838,True,215.369095,0.806068,True
mistralai_Mistral-Nemo-Base-2407,pitch,30,1,21,40,8.871975,0.434053,True,26.905273,0.09743,True
mistralai_Mistral-Nemo-Base-2407,pitch,31,1,21,40,13.335661,0.652838,True,215.369095,0.806068,True
mistralai_Mistral-Nemo-Base-2407,pitch,32,1,21,40,4.331753,0.209528,True,109.767609,0.406053,True
mistralai_Mistral-Nemo-Base-2407,pitch,33,1,21,40,13.284287,0.650275,True,214.813263,0.803975,True
mistralai_Mistral-Nemo-Base-2407,pitch,34,1,21,40,5.843853,0.282325,True,149.231552,0.552763,True
mistralai_Mistral-Nemo-Base-2407,pitch,35,1,21,40,13.284287,0.650275,True,214.813263,0.803975,True
mistralai_Mistral-Nemo-Base-2407,pitch,36,1,21,40,11.57858,0.566666,True,196.160568,0.734573,True
mistralai_Mistral-Nemo-Base-2407,pitch,37,1,21,40,13.300718,0.651068,True,215.526917,0.80672,True
mistralai_Mistral-Nemo-Base-2407,pitch,38,1,21,40,9.231726,0.453051,True,26.904541,0.097415,True
mistralai_Mistral-Nemo-Base-2407,pitch,39,1,21,40,13.300718,0.651068,True,215.526917,0.80672,True
allenai_OLMo-2-1124-7B,bank,0,0,6,32,2.283151,0.487812,True,17.138641,0.476555,True
allenai_OLMo-2-1124-7B,bank,1,0,6,32,2.58558,0.557073,True,10.780373,0.295721,True
allenai_OLMo-2-1124-7B,bank,2,0,6,32,2.965188,0.647847,True,20.919258,0.590194,True
allenai_OLMo-2-1124-7B,bank,3,0,6,32,-2.521843,-0.505862,False,-17.783272,-0.459676,False
allenai_OLMo-2-1124-7B,bank,4,0,6,32,2.762193,0.59396,True,20.572426,0.581095,True
allenai_OLMo-2-1124-7B,bank,5,0,6,32,-2.521843,-0.505862,False,-17.783272,-0.459676,False
allenai_OLMo-2-1124-7B,bank,6,0,6,32,2.658545,0.573962,True,15.129368,0.42065,True
allenai_OLMo-2-1124-7B,bank,7,0,6,32,-2.521843,-0.505862,False,-17.783272,-0.459676,False
allenai_OLMo-2-1124-7B,bank,8,0,6,32,2.709428,0.58035,True,20.278194,0.56698,True
allenai_OLMo-2-1124-7B,bank,9,0,6,32,2.878589,0.6221,True,18.453163,0.518805,True
allenai_OLMo-2-1124-7B,bank,10,0,6,32,3.382103,0.736412,True,22.752197,0.643501,True
allenai_OLMo-2-1124-7B,bank,11,0,6,32,2.487216,0.528402,True,19.335083,0.541943,True
allenai_OLMo-2-1124-7B,bank,12,0,6,32,-2.522119,-0.505921,False,-17.788799,-0.459807,False
allenai_OLMo-2-1124-7B,bank,13,0,6,32,2.56824,0.550611,True,18.823273,0.527118,True
allenai_OLMo-2-1124-7B,bank,14,0,6,32,3.027621,0.654894,True,20.137138,0.569349,True
allenai_OLMo-2-1124-7B,bank,15,0,6,32,2.681914,0.577113,True,21.744621,0.613222,True
allenai_OLMo-2-1124-7B,bank,16,0,6,32,3.212344,0.696674,True,22.780506,0.645704,True
allenai_OLMo-2-1124-7B,bank,17,0,6,32,-2.522119,-0.505921,False,-17.788799,-0.459807,False
allenai_OLMo-2-1124-7B,bank,18,0,6,32,-1.172901,-0.237719,False,-7.913345,-0.207879,False
allenai_OLMo-2-1124-7B,bank,19,0,6,32,-2.522119,-0.505921,False,-17.788799,-0.459807,False
allenai_OLMo-2-1124-7B,bank,20,1,6,32,1.594883,0.334362,True,8.430527,0.229215,True
allenai_OLMo-2-1124-7B,bank,21,1,6,32,2.417739,0.511921,True,7.649399,0.208698,True
allenai_OLMo-2-1124-7B,bank,22,1,6,32,2.074775,0.434536,True,12.514992,0.342263,True
allenai_OLMo-2-1124-7B,bank,23,1,6,32,2.060383,0.434771,True,7.22176,0.19663,True
allenai_OLMo-2-1124-7B,bank,24,1,6,32,2.074775,0.434536,True,12.514992,0.342263,True
allenai_OLMo-2-1124-7B,bank,25,1,6,32,1.918293,0.405574,True,4.753708,0.12859,True
allenai_OLMo-2-1124-7B,bank,26,1,6,32,2.074775,0.434536,True,12.514992,0.342263,True
allenai_OLMo-2-1124-7B,bank,27,1,6,32,2.447314,0.518861,True,7.673767,0.209816,True
allenai_OLMo-2-1124-7B,bank,28,1,6,32,2.074775,0.434536,True,12.514992,0.342263,True
allenai_OLMo-2-1124-7B,bank,29,1,6,32,1.889319,0.397992,True,9.345669,0.255069,True
allenai_OLMo-2-1124-7B,bank,30,1,6,32,2.074775,0.434536,True,12.514992,0.342263,True
allenai_OLMo-2-1124-7B,bank,31,1,6,32,2.414194,0.510469,True,8.733494,0.237458,True
allenai_OLMo-2-1124-7B,bank,32,1,6,32,2.075288,0.434641,True,12.517433,0.342337,True
allenai_OLMo-2-1124-7B,bank,33,1,6,32,1.911602,0.402839,True,3.930943,0.105975,True
allenai_OLMo-2-1124-7B,bank,34,1,6,32,2.075288,0.434641,True,12.517433,0.342337,True
allenai_OLMo-2-1124-7B,bank,35,1,6,32,2.03583,0.429825,True,6.300144,0.170751,True
allenai_OLMo-2-1124-7B,bank,36,1,6,32,2.075288,0.434641,True,12.517433,0.342337,True
allenai_OLMo-2-1124-7B,bank,37,1,6,32,1.553352,0.324552,True,8.290291,0.224949,True
allenai_OLMo-2-1124-7B,bank,38,1,6,32,2.075288,0.434641,True,12.517433,0.342337,True
allenai_OLMo-2-1124-7B,bank,39,1,6,32,2.301697,0.485924,True,8.11758,0.220866,True
allenai_OLMo-2-1124-7B,bark,0,0,7,32,4.186015,0.679242,True,13.794693,0.347527,True
allenai_OLMo-2-1124-7B,bark,1,0,25,32,1.431398,0.068422,True,3.098629,0.075899,True
allenai_OLMo-2-1124-7B,bark,2,0,7,32,4.436658,0.716111,True,23.471825,0.597905,True
allenai_OLMo-2-1124-7B,bark,3,0,7,32,3.840161,0.620518,True,14.578125,0.365598,True
allenai_OLMo-2-1124-7B,bark,4,0,7,32,4.21924,0.681401,True,18.994503,0.481891,True
allenai_OLMo-2-1124-7B,bark,5,0,8,32,2.771564,0.423481,True,15.21645,0.383053,True
allenai_OLMo-2-1124-7B,bark,6,0,7,32,4.374595,0.70726,True,23.492634,0.598414,True
allenai_OLMo-2-1124-7B,bark,7,0,7,32,4.006705,0.648631,True,13.292168,0.334493,True
allenai_OLMo-2-1124-7B,bark,8,0,25,32,-11.257471,-0.52223,False,-20.673668,-0.488331,False
allenai_OLMo-2-1124-7B,bark,9,0,7,32,3.101127,0.497921,True,14.020634,0.352795,True
allenai_OLMo-2-1124-7B,bark,10,0,7,32,-0.003631,-0.000562,False,4.206314,0.103245,True
allenai_OLMo-2-1124-7B,bark,11,0,11,32,3.483465,0.45799,True,22.174107,0.564556,True
allenai_OLMo-2-1124-7B,bark,12,0,7,32,4.416251,0.714079,True,23.783001,0.606095,True
allenai_OLMo-2-1124-7B,bark,13,0,8,32,1.804799,0.272917,True,12.934792,0.325097,True
allenai_OLMo-2-1124-7B,bark,14,0,25,32,-11.257471,-0.52223,False,-20.673668,-0.488331,False
allenai_OLMo-2-1124-7B,bark,15,0,8,32,2.257541,0.343115,True,19.479282,0.491378,True
allenai_OLMo-2-1124-7B,bark,16,0,25,32,1.431398,0.068422,True,3.098629,0.075899,True
allenai_OLMo-2-1124-7B,bark,17,0,7,32,3.743611,0.606294,True,15.345448,0.386843,True
allenai_OLMo-2-1124-7B,bark,18,0,7,32,3.614812,0.58226,True,15.594616,0.392553,True
allenai_OLMo-2-1124-7B,bark,19,0,25,32,-11.257471,-0.52223,False,-20.673668,-0.488331,False
allenai_OLMo-2-1124-7B,bark,20,1,7,32,2.362801,0.374441,True,11.744862,0.291813,True
allenai_OLMo-2-1124-7B,bark,21,1,8,32,2.426104,0.36935,True,7.963394,0.197229,True
allenai_OLMo-2-1124-7B,bark,22,1,8,32,2.919312,0.442647,True,15.484097,0.386542,True
allenai_OLMo-2-1124-7B,bark,23,1,7,32,2.452053,0.388996,True,8.957481,0.222142,True
allenai_OLMo-2-1124-7B,bark,24,1,8,32,2.919312,0.442647,True,15.484097,0.386542,True
allenai_OLMo-2-1124-7B,bark,25,1,8,32,2.629181,0.400192,True,10.976326,0.273309,True
allenai_OLMo-2-1124-7B,bark,26,1,8,32,2.004951,0.303879,True,14.5448,0.366148,True
allenai_OLMo-2-1124-7B,bark,27,1,8,32,2.919312,0.442647,True,15.484097,0.386542,True
allenai_OLMo-2-1124-7B,bark,28,1,7,32,2.28715,0.36242,True,5.606331,0.138428,True
allenai_OLMo-2-1124-7B,bark,29,1,7,32,2.546685,0.403647,True,4.936646,0.121343,True
allenai_OLMo-2-1124-7B,bark,30,1,8,32,2.480154,0.378147,True,10.682354,0.265759,True
allenai_OLMo-2-1124-7B,bark,31,1,8,32,2.919312,0.442647,True,15.484097,0.386542,True
allenai_OLMo-2-1124-7B,bark,32,1,8,32,2.607267,0.397614,True,14.909603,0.374241,True
allenai_OLMo-2-1124-7B,bark,33,1,8,32,2.919312,0.442647,True,15.484097,0.386542,True
allenai_OLMo-2-1124-7B,bark,34,1,8,32,2.211015,0.335161,True,7.973854,0.197815,True
allenai_OLMo-2-1124-7B,bark,35,1,8,32,2.919312,0.442647,True,15.484097,0.386542,True
allenai_OLMo-2-1124-7B,bark,36,1,7,32,1.157999,0.181441,True,3.722282,0.09152,True
allenai_OLMo-2-1124-7B,bark,37,1,8,32,2.705566,0.41189,True,14.177814,0.354216,True
allenai_OLMo-2-1124-7B,bark,38,1,8,32,2.919312,0.442647,True,15.484097,0.386542,True
allenai_OLMo-2-1124-7B,bark,39,1,7,32,2.453962,0.389432,True,13.735687,0.343742,True
allenai_OLMo-2-1124-7B,bat,0,0,8,32,3.900287,0.555936,True,27.905033,0.561463,True
allenai_OLMo-2-1124-7B,bat,1,0,8,32,1.753542,0.24417,True,11.280113,0.221933,True
allenai_OLMo-2-1124-7B,bat,2,0,8,32,4.493093,0.643125,True,25.795902,0.517326,True
allenai_OLMo-2-1124-7B,bat,3,0,8,32,4.510705,0.641678,True,23.431232,0.467771,True
allenai_OLMo-2-1124-7B,bat,4,0,8,32,2.212647,0.311479,True,4.472332,0.087206,True
allenai_OLMo-2-1124-7B,bat,5,0,8,32,3.733219,0.531936,True,26.009949,0.51991,True
allenai_OLMo-2-1124-7B,bat,6,0,8,32,3.002962,0.4224,True,24.80077,0.494896,True
allenai_OLMo-2-1124-7B,bat,7,0,8,32,1.236809,0.171865,True,-6.709488,-0.129107,False
allenai_OLMo-2-1124-7B,bat,8,0,8,32,4.215159,0.600132,True,29.022636,0.585335,True
allenai_OLMo-2-1124-7B,bat,9,0,8,32,4.274184,0.608902,True,29.83786,0.601815,True
allenai_OLMo-2-1124-7B,bat,10,0,8,32,2.847442,0.403309,True,24.80603,0.500603,True
allenai_OLMo-2-1124-7B,bat,11,0,8,32,3.404541,0.481672,True,27.0163,0.544659,True
allenai_OLMo-2-1124-7B,bat,12,0,8,32,-4.285083,-0.57384,False,-33.486851,-0.628837,False
allenai_OLMo-2-1124-7B,bat,13,0,8,32,4.178062,0.594153,True,26.802048,0.542017,True
allenai_OLMo-2-1124-7B,bat,14,0,8,32,3.883276,0.552411,True,26.461964,0.531294,True
allenai_OLMo-2-1124-7B,bat,15,0,8,32,-4.285083,-0.57384,False,-33.486851,-0.628837,False
allenai_OLMo-2-1124-7B,bat,16,0,8,32,3.116434,0.439508,True,7.770985,0.152054,True
allenai_OLMo-2-1124-7B,bat,17,0,8,32,3.674295,0.521815,True,25.016472,0.503822,True
allenai_OLMo-2-1124-7B,bat,18,0,8,32,3.007424,0.423724,True,23.069942,0.462594,True
allenai_OLMo-2-1124-7B,bat,19,0,8,32,3.04875,0.429666,True,25.729645,0.515106,True
allenai_OLMo-2-1124-7B,bat,20,1,8,32,3.954938,0.559151,True,28.292465,0.564521,True
allenai_OLMo-2-1124-7B,bat,21,1,8,32,3.629836,0.510407,True,28.345249,0.56489,True
allenai_OLMo-2-1124-7B,bat,22,1,8,32,2.778264,0.389862,True,5.6842,0.110963,True
allenai_OLMo-2-1124-7B,bat,23,1,8,32,2.084492,0.290694,True,9.59782,0.188512,True
allenai_OLMo-2-1124-7B,bat,24,1,8,32,3.699904,0.525954,True,17.62949,0.349756,True
allenai_OLMo-2-1124-7B,bat,25,1,8,32,3.954938,0.559151,True,28.292465,0.564521,True
allenai_OLMo-2-1124-7B,bat,26,1,8,32,3.629836,0.510407,True,28.345249,0.56489,True
allenai_OLMo-2-1124-7B,bat,27,1,8,32,2.387586,0.333612,True,12.257256,0.241224,True
allenai_OLMo-2-1124-7B,bat,28,1,8,32,2.90171,0.411706,True,23.818443,0.477012,True
allenai_OLMo-2-1124-7B,bat,29,1,8,32,3.534366,0.499322,True,14.851761,0.293855,True
allenai_OLMo-2-1124-7B,bat,30,1,8,32,3.629836,0.510407,True,28.345249,0.56489,True
allenai_OLMo-2-1124-7B,bat,31,1,8,32,2.220575,0.310498,True,9.162933,0.180162,True
allenai_OLMo-2-1124-7B,bat,32,1,8,32,3.235933,0.458893,True,17.814259,0.354491,True
allenai_OLMo-2-1124-7B,bat,33,1,8,32,2.60197,0.364592,True,14.673428,0.290236,True
allenai_OLMo-2-1124-7B,bat,34,1,8,32,3.954938,0.559151,True,28.292465,0.564521,True
allenai_OLMo-2-1124-7B,bat,35,1,8,32,2.02711,0.285658,True,20.24939,0.404498,True
allenai_OLMo-2-1124-7B,bat,36,1,8,32,2.084492,0.290694,True,9.59782,0.188512,True
allenai_OLMo-2-1124-7B,bat,37,1,8,32,1.700763,0.236875,True,17.788071,0.351313,True
allenai_OLMo-2-1124-7B,bat,38,1,8,32,3.33039,0.472004,True,13.629578,0.270418,True
allenai_OLMo-2-1124-7B,bat,39,1,8,32,3.629836,0.510407,True,28.345249,0.56489,True
allenai_OLMo-2-1124-7B,crane,0,0,7,32,-0.860631,-0.186847,False,-10.961273,-0.300089,False
allenai_OLMo-2-1124-7B,crane,1,0,7,32,2.720632,0.629926,True,21.429424,0.634259,True
allenai_OLMo-2-1124-7B,crane,2,0,7,32,0.441152,0.097578,True,3.29298,0.092804,True
allenai_OLMo-2-1124-7B,crane,3,0,7,32,1.848228,0.428357,True,9.945259,0.285711,True
allenai_OLMo-2-1124-7B,crane,4,0,7,32,2.015774,0.457845,True,16.716656,0.48733,True
allenai_OLMo-2-1124-7B,crane,5,0,7,32,-1.062815,-0.230675,False,-10.129478,-0.278192,False
allenai_OLMo-2-1124-7B,crane,6,0,7,32,1.48107,0.335197,True,14.283722,0.414717,True
allenai_OLMo-2-1124-7B,crane,7,0,7,32,1.983052,0.458995,True,12.31963,0.354965,True
allenai_OLMo-2-1124-7B,crane,8,0,7,32,0.799577,0.177481,True,5.491116,0.155292,True
allenai_OLMo-2-1124-7B,crane,9,0,7,32,-1.062815,-0.230675,False,-10.129478,-0.278192,False
allenai_OLMo-2-1124-7B,crane,10,0,7,32,2.552428,0.592489,True,19.565002,0.585109,True
allenai_OLMo-2-1124-7B,crane,11,0,7,32,-0.860631,-0.186847,False,-10.961273,-0.300089,False
allenai_OLMo-2-1124-7B,crane,12,0,7,32,2.123386,0.488766,True,10.563095,0.306278,True
allenai_OLMo-2-1124-7B,crane,13,0,7,32,-1.062815,-0.230675,False,-10.129478,-0.278192,False
allenai_OLMo-2-1124-7B,crane,14,0,7,32,-1.062815,-0.230675,False,-10.129478,-0.278192,False
allenai_OLMo-2-1124-7B,crane,15,0,7,32,2.255911,0.518404,True,19.104408,0.567313,True
allenai_OLMo-2-1124-7B,crane,16,0,7,32,-1.062815,-0.230675,False,-10.129478,-0.278192,False
allenai_OLMo-2-1124-7B,crane,17,0,7,32,2.172334,0.499282,True,18.484459,0.551326,True
allenai_OLMo-2-1124-7B,crane,18,0,7,32,1.915273,0.441019,True,11.86499,0.339842,True
allenai_OLMo-2-1124-7B,crane,19,0,7,32,1.451206,0.330022,True,16.889744,0.496121,True
allenai_OLMo-2-1124-7B,crane,20,1,7,32,0.639175,0.141145,True,6.286133,0.1769,True
allenai_OLMo-2-1124-7B,crane,21,1,7,32,2.5087,0.575266,True,12.464172,0.360857,True
allenai_OLMo-2-1124-7B,crane,22,1,7,32,1.688831,0.385412,True,16.319939,0.472035,True
allenai_OLMo-2-1124-7B,crane,23,1,7,32,2.324319,0.529411,True,9.54921,0.273159,True
allenai_OLMo-2-1124-7B,crane,24,1,7,32,0.639175,0.141145,True,6.286133,0.1769,True
allenai_OLMo-2-1124-7B,crane,25,1,7,32,2.066098,0.472972,True,14.123775,0.406581,True
allenai_OLMo-2-1124-7B,crane,26,1,7,32,0.639175,0.141145,True,6.286133,0.1769,True
allenai_OLMo-2-1124-7B,crane,27,1,7,32,2.298012,0.522853,True,14.722157,0.425389,True
allenai_OLMo-2-1124-7B,crane,28,1,7,32,0.639175,0.141145,True,6.286133,0.1769,True
allenai_OLMo-2-1124-7B,crane,29,1,7,32,-0.894634,-0.194059,False,-6.13546,-0.168997,False
allenai_OLMo-2-1124-7B,crane,30,1,7,32,0.950857,0.212659,True,14.308853,0.411599,True
allenai_OLMo-2-1124-7B,crane,31,1,7,32,2.33322,0.533955,True,10.856152,0.312585,True
allenai_OLMo-2-1124-7B,crane,32,1,7,32,0.639175,0.141145,True,6.286133,0.1769,True
allenai_OLMo-2-1124-7B,crane,33,1,7,32,1.816113,0.40829,True,13.212677,0.380248,True
allenai_OLMo-2-1124-7B,crane,34,1,7,32,1.979448,0.450752,True,16.190907,0.465454,True
allenai_OLMo-2-1124-7B,crane,35,1,7,32,0.639175,0.141145,True,6.286133,0.1769,True
allenai_OLMo-2-1124-7B,crane,36,1,7,32,0.317932,0.070089,True,6.535751,0.184361,True
allenai_OLMo-2-1124-7B,crane,37,1,7,32,2.269269,0.519639,True,17.267708,0.499197,True
allenai_OLMo-2-1124-7B,crane,38,1,7,32,1.709757,0.387313,True,11.15276,0.321528,True
allenai_OLMo-2-1124-7B,crane,39,1,7,32,1.660414,0.375666,True,5.542969,0.157745,True
allenai_OLMo-2-1124-7B,spring,0,0,7,32,2.767266,0.458537,True,28.246975,0.579956,True
allenai_OLMo-2-1124-7B,spring,1,0,7,32,2.747313,0.455325,True,9.688148,0.194275,True
allenai_OLMo-2-1124-7B,spring,2,0,7,32,2.93571,0.488079,True,23.401524,0.477747,True
allenai_OLMo-2-1124-7B,spring,3,0,7,32,2.092184,0.345891,True,9.817383,0.19707,True
allenai_OLMo-2-1124-7B,spring,4,0,7,32,1.919084,0.315877,True,16.917717,0.341947,True
allenai_OLMo-2-1124-7B,spring,5,0,7,32,2.817071,0.46897,True,27.333088,0.562076,True
allenai_OLMo-2-1124-7B,spring,6,0,7,32,2.09058,0.345628,True,9.874718,0.198221,True
allenai_OLMo-2-1124-7B,spring,7,0,7,32,3.024493,0.504003,True,28.716305,0.592106,True
allenai_OLMo-2-1124-7B,spring,8,0,7,32,2.647499,0.439296,True,23.469345,0.478985,True
allenai_OLMo-2-1124-7B,spring,9,0,7,32,2.273977,0.376332,True,15.915215,0.321355,True
allenai_OLMo-2-1124-7B,spring,10,0,7,32,2.315711,0.382047,True,1.713402,0.033994,True
allenai_OLMo-2-1124-7B,spring,11,0,7,32,2.09058,0.345628,True,9.874718,0.198221,True
allenai_OLMo-2-1124-7B,spring,12,0,7,32,1.700441,0.278738,True,15.745346,0.31732,True
allenai_OLMo-2-1124-7B,spring,13,0,7,32,2.615288,0.433126,True,27.114342,0.558315,True
allenai_OLMo-2-1124-7B,spring,14,0,7,32,2.09058,0.345628,True,9.874718,0.198221,True
allenai_OLMo-2-1124-7B,spring,15,0,7,32,1.549991,0.255323,True,6.351784,0.126932,True
allenai_OLMo-2-1124-7B,spring,16,0,7,32,2.6487,0.438809,True,23.988152,0.48886,True
allenai_OLMo-2-1124-7B,spring,17,0,7,32,-0.406306,-0.065378,False,-12.368774,-0.241149,False
allenai_OLMo-2-1124-7B,spring,18,0,7,32,2.092184,0.345891,True,9.817383,0.19707,True
allenai_OLMo-2-1124-7B,spring,19,0,7,32,2.533121,0.418648,True,22.193432,0.453982,True
allenai_OLMo-2-1124-7B,spring,20,1,7,32,3.783137,0.629643,True,31.482079,0.642811,True
allenai_OLMo-2-1124-7B,spring,21,1,11,32,0.061152,0.007625,True,14.833004,0.298488,True
allenai_OLMo-2-1124-7B,spring,22,1,7,32,1.541638,0.252259,True,26.069466,0.529677,True
allenai_OLMo-2-1124-7B,spring,23,1,7,32,3.783137,0.629643,True,31.482079,0.642811,True
allenai_OLMo-2-1124-7B,spring,24,1,7,32,0.648957,0.105432,True,13.977062,0.281283,True
allenai_OLMo-2-1124-7B,spring,25,1,7,32,2.520425,0.418468,True,17.516678,0.35438,True
allenai_OLMo-2-1124-7B,spring,26,1,7,32,3.783137,0.629643,True,31.482079,0.642811,True
allenai_OLMo-2-1124-7B,spring,27,1,7,32,2.944805,0.48933,True,28.822941,0.590052,True
allenai_OLMo-2-1124-7B,spring,28,1,7,32,2.329663,0.385715,True,11.163368,0.225183,True
allenai_OLMo-2-1124-7B,spring,29,1,7,32,3.783137,0.629643,True,31.482079,0.642811,True
allenai_OLMo-2-1124-7B,spring,30,1,7,32,2.262838,0.373898,True,13.553402,0.272819,True
allenai_OLMo-2-1124-7B,spring,31,1,7,32,1.792391,0.295112,True,0.609978,0.012074,True
allenai_OLMo-2-1124-7B,spring,32,1,7,32,1.084489,0.176957,True,1.152893,0.022836,True
allenai_OLMo-2-1124-7B,spring,33,1,7,32,3.783137,0.629643,True,31.482079,0.642811,True
allenai_OLMo-2-1124-7B,spring,34,1,7,32,2.168419,0.358209,True,11.279724,0.226388,True
allenai_OLMo-2-1124-7B,spring,35,1,7,32,3.783137,0.629643,True,31.482079,0.642811,True
allenai_OLMo-2-1124-7B,spring,36,1,7,32,1.463721,0.240484,True,-8.313385,-0.162533,False
allenai_OLMo-2-1124-7B,spring,37,1,7,32,3.784728,0.629919,True,31.479225,0.642769,True
allenai_OLMo-2-1124-7B,spring,38,1,7,32,1.965977,0.325438,True,16.298012,0.331013,True
allenai_OLMo-2-1124-7B,spring,39,1,7,32,3.784728,0.629919,True,31.479225,0.642769,True
allenai_OLMo-2-1124-7B,match,0,0,22,32,6.737902,0.412127,True,13.612553,0.320329,True
allenai_OLMo-2-1124-7B,match,1,0,22,32,7.275429,0.445196,True,14.392056,0.339987,True
allenai_OLMo-2-1124-7B,match,2,0,22,32,6.086412,0.370299,True,13.27647,0.312082,True
allenai_OLMo-2-1124-7B,match,3,0,22,32,2.894117,0.173592,True,5.235264,0.121397,True
allenai_OLMo-2-1124-7B,match,4,0,22,32,6.635139,0.406282,True,12.05875,0.283329,True
allenai_OLMo-2-1124-7B,match,5,0,22,32,2.943066,0.176553,True,5.357616,0.124255,True
allenai_OLMo-2-1124-7B,match,6,0,22,32,2.943066,0.176553,True,5.357616,0.124255,True
allenai_OLMo-2-1124-7B,match,7,0,22,32,3.594797,0.218035,True,7.010864,0.163588,True
allenai_OLMo-2-1124-7B,match,8,0,22,32,5.205826,0.31768,True,10.384308,0.243991,True
allenai_OLMo-2-1124-7B,match,9,0,22,32,7.327608,0.448975,True,17.017509,0.403306,True
allenai_OLMo-2-1124-7B,match,10,0,22,32,7.904913,0.484133,True,16.653912,0.393932,True
allenai_OLMo-2-1124-7B,match,11,0,22,32,6.458378,0.393624,True,14.878922,0.350589,True
allenai_OLMo-2-1124-7B,match,12,0,22,32,5.855574,0.357654,True,14.010555,0.330607,True
allenai_OLMo-2-1124-7B,match,13,0,22,32,2.894117,0.173592,True,5.235264,0.121397,True
allenai_OLMo-2-1124-7B,match,14,0,22,32,6.991201,0.42716,True,15.10281,0.357874,True
allenai_OLMo-2-1124-7B,match,15,0,22,32,7.44474,0.454344,True,16.883568,0.398828,True
allenai_OLMo-2-1124-7B,match,16,0,22,32,6.602234,0.403002,True,12.903122,0.304051,True
allenai_OLMo-2-1124-7B,match,17,0,22,32,6.541874,0.400518,True,13.456741,0.31885,True
allenai_OLMo-2-1124-7B,match,18,0,22,32,6.595861,0.403865,True,15.560127,0.368047,True
allenai_OLMo-2-1124-7B,match,19,0,22,32,7.604006,0.463758,True,18.244633,0.431241,True
allenai_OLMo-2-1124-7B,match,20,1,22,32,9.974949,0.619707,True,20.54966,0.490595,True
allenai_OLMo-2-1124-7B,match,21,1,22,32,8.211317,0.506065,True,16.079052,0.381836,True
allenai_OLMo-2-1124-7B,match,22,1,22,32,-4.599902,-0.269942,False,-11.016319,-0.249355,False
allenai_OLMo-2-1124-7B,match,23,1,22,32,6.42997,0.394712,True,14.673672,0.347874,True
allenai_OLMo-2-1124-7B,match,24,1,22,32,10.383862,0.645272,True,25.69698,0.621082,True
allenai_OLMo-2-1124-7B,match,25,1,22,32,-4.599902,-0.269942,False,-11.016319,-0.249355,False
allenai_OLMo-2-1124-7B,match,26,1,22,32,5.953016,0.362867,True,9.189972,0.214957,True
allenai_OLMo-2-1124-7B,match,27,1,22,32,9.990938,0.620192,True,22.928474,0.548775,True
allenai_OLMo-2-1124-7B,match,28,1,22,32,-5.079489,-0.29693,False,-13.617756,-0.306838,False
allenai_OLMo-2-1124-7B,match,29,1,22,32,9.427458,0.58477,True,19.25304,0.459863,True
allenai_OLMo-2-1124-7B,match,30,1,22,32,7.686409,0.474274,True,22.388714,0.540579,True
allenai_OLMo-2-1124-7B,match,31,1,22,32,-4.551992,-0.267165,False,-10.900551,-0.246773,False
allenai_OLMo-2-1124-7B,match,32,1,22,32,6.521049,0.401331,True,14.496895,0.343036,True
allenai_OLMo-2-1124-7B,match,33,1,22,32,5.895018,0.36062,True,12.629509,0.298486,True
allenai_OLMo-2-1124-7B,match,34,1,22,32,8.250685,0.507748,True,14.558102,0.344673,True
allenai_OLMo-2-1124-7B,match,35,1,22,32,5.809595,0.35389,True,6.904633,0.160918,True
allenai_OLMo-2-1124-7B,match,36,1,22,32,9.700424,0.599327,True,24.411175,0.586489,True
allenai_OLMo-2-1124-7B,match,37,1,22,32,9.09051,0.559764,True,24.613056,0.592407,True
allenai_OLMo-2-1124-7B,match,38,1,22,32,-4.551992,-0.267165,False,-10.900551,-0.246773,False
allenai_OLMo-2-1124-7B,match,39,1,22,32,10.653528,0.66059,True,27.136368,0.653697,True
allenai_OLMo-2-1124-7B,pitch,0,0,11,32,2.135105,0.349081,True,11.509857,0.241026,True
allenai_OLMo-2-1124-7B,pitch,1,0,11,32,2.890937,0.474755,True,28.171539,0.605021,True
allenai_OLMo-2-1124-7B,pitch,2,0,22,32,-11.303581,-0.69867,False,-38.78614,-0.7679,False
allenai_OLMo-2-1124-7B,pitch,3,0,11,32,3.440687,0.571477,True,32.906639,0.713047,True
allenai_OLMo-2-1124-7B,pitch,4,0,11,32,2.769768,0.455653,True,15.698128,0.330979,True
allenai_OLMo-2-1124-7B,pitch,5,0,11,32,3.345622,0.554387,True,32.271973,0.701742,True
allenai_OLMo-2-1124-7B,pitch,6,0,11,32,3.565727,0.593909,True,34.27042,0.745875,True
allenai_OLMo-2-1124-7B,pitch,7,0,11,32,3.460413,0.576086,True,34.432861,0.754734,True
allenai_OLMo-2-1124-7B,pitch,8,0,22,32,-11.322617,-0.699788,False,-38.76712,-0.767531,False
allenai_OLMo-2-1124-7B,pitch,9,0,11,32,2.787539,0.459452,True,30.831814,0.67198,True
allenai_OLMo-2-1124-7B,pitch,10,0,11,32,1.986723,0.325256,True,23.006458,0.492525,True
allenai_OLMo-2-1124-7B,pitch,11,0,11,32,3.411732,0.56685,True,33.79673,0.734777,True
allenai_OLMo-2-1124-7B,pitch,12,0,11,32,3.746301,0.623546,True,34.231548,0.745366,True
allenai_OLMo-2-1124-7B,pitch,13,0,11,32,2.402589,0.39543,True,27.26236,0.591647,True
allenai_OLMo-2-1124-7B,pitch,14,0,11,32,3.053182,0.503773,True,26.655762,0.573167,True
allenai_OLMo-2-1124-7B,pitch,15,0,22,32,-11.322617,-0.699788,False,-38.76712,-0.767531,False
allenai_OLMo-2-1124-7B,pitch,16,0,11,32,2.809903,0.465874,True,26.306496,0.569576,True
allenai_OLMo-2-1124-7B,pitch,17,0,22,32,-2.829966,-0.178583,False,-16.021858,-0.323238,False
allenai_OLMo-2-1124-7B,pitch,18,0,22,32,-5.302711,-0.331307,False,-10.932594,-0.221728,False
allenai_OLMo-2-1124-7B,pitch,19,0,22,32,-11.303581,-0.69867,False,-38.78614,-0.7679,False
allenai_OLMo-2-1124-7B,pitch,20,1,11,32,1.921975,0.313738,True,-6.358368,-0.129797,False
allenai_OLMo-2-1124-7B,pitch,21,1,11,32,0.667708,0.107236,True,-1.211365,-0.024924,False
allenai_OLMo-2-1124-7B,pitch,22,1,11,32,2.547727,0.416336,True,25.502254,0.542879,True
allenai_OLMo-2-1124-7B,pitch,23,1,11,32,3.544078,0.578813,True,33.905365,0.723456,True
allenai_OLMo-2-1124-7B,pitch,24,1,11,32,0.77132,0.123207,True,9.417339,0.196351,True
allenai_OLMo-2-1124-7B,pitch,25,1,11,32,3.544078,0.578813,True,33.905365,0.723456,True
allenai_OLMo-2-1124-7B,pitch,26,1,11,32,1.841005,0.296921,True,25.461235,0.53987,True
allenai_OLMo-2-1124-7B,pitch,27,1,11,32,3.544078,0.578813,True,33.905365,0.723456,True
allenai_OLMo-2-1124-7B,pitch,28,1,11,32,-1.174782,-0.183871,False,-9.723103,-0.197696,False
allenai_OLMo-2-1124-7B,pitch,29,1,11,32,3.551143,0.580032,True,33.902744,0.723342,True
allenai_OLMo-2-1124-7B,pitch,30,1,11,32,1.772413,0.287599,True,1.833038,0.037859,True
allenai_OLMo-2-1124-7B,pitch,31,1,11,32,3.551143,0.580032,True,33.902744,0.723342,True
allenai_OLMo-2-1124-7B,pitch,32,1,11,32,0.601794,0.096516,True,6.202942,0.129118,True
allenai_OLMo-2-1124-7B,pitch,33,1,11,32,3.544078,0.578813,True,33.905365,0.723456,True
allenai_OLMo-2-1124-7B,pitch,34,1,11,32,0.863092,0.138064,True,9.958961,0.207432,True
allenai_OLMo-2-1124-7B,pitch,35,1,11,32,3.544078,0.578813,True,33.905365,0.723456,True
allenai_OLMo-2-1124-7B,pitch,36,1,11,32,1.841005,0.296921,True,25.461235,0.53987,True
allenai_OLMo-2-1124-7B,pitch,37,1,11,32,3.544078,0.578813,True,33.905365,0.723456,True
allenai_OLMo-2-1124-7B,pitch,38,1,11,32,2.498653,0.407653,True,24.012524,0.509497,True
allenai_OLMo-2-1124-7B,pitch,39,1,11,32,3.544078,0.578813,True,33.905365,0.723456,True
