model,arch_type,word,sentence_id,sentence,carrier,sense,final_surface_unit,target_local_margin_raw,target_local_margin_norm,final_local_margin_raw,final_local_margin_norm,final_cross_position_margin_raw,final_cross_position_margin_norm,target_local_adequate,final_local_adequate,final_cross_position_adequate,local_transition,layer
answerdotai_ModernBERT-large,encoder,bank,bank_R_01,The bank was unstable after weeks of heavy rain.,The bank was unstable.,0,.,22.3817,0.1975,8370.4688,0.9998,-20.2773,-0.1789,True,True,False,adequate_at_both,24
answerdotai_ModernBERT-large,encoder,bank,bank_R_03,They examined the bank during the flood inspection.,They examined the bank.,0,.,-32.8702,-0.29,8370.4092,0.9998,-20.2695,-0.1788,False,True,False,inadequate_to_adequate,24
answerdotai_ModernBERT-large,encoder,bank,bank_R_05,The bank had changed once the river level dropped.,The bank had changed.,0,.,38.6264,0.3408,8369.207,0.9996,-20.2559,-0.1787,True,True,False,adequate_at_both,24
answerdotai_ModernBERT-large,encoder,bank,bank_R_07,The bank needed protection because erosion had accelerated.,The bank needed protection.,0,.,9.6115,0.0848,8369.582,0.9997,-20.2656,-0.1788,True,True,False,adequate_at_both,24
answerdotai_ModernBERT-large,encoder,bank,bank_R_09,The bank became difficult to access after the path along the water was closed.,The bank became difficult to access.,0,.,18.7817,0.1657,8370.457,0.9998,-20.2949,-0.179,True,True,False,adequate_at_both,24
answerdotai_ModernBERT-large,encoder,bank,bank_R_02,The bank was unstable after weeks of market panic.,The bank was unstable.,1,.,10.8389,0.0956,-8370.6553,-0.9998,20.2852,0.179,True,False,True,adequate_to_inadequate,24
answerdotai_ModernBERT-large,encoder,bank,bank_R_04,They examined the bank during the regulatory review.,They examined the bank.,1,.,41.8009,0.3688,-8369.5371,-0.9997,20.2812,0.1789,True,False,True,adequate_to_inadequate,24
answerdotai_ModernBERT-large,encoder,bank,bank_R_06,The bank had changed once the merger was announced.,The bank had changed.,1,.,-9.9083,-0.0874,-8362.3203,-0.9988,20.2754,0.1789,False,False,True,inadequate_at_both,24
answerdotai_ModernBERT-large,encoder,bank,bank_R_08,The bank needed protection because customer data had leaked.,The bank needed protection.,1,.,57.9347,0.5111,-8371.0215,-0.9999,20.2715,0.1788,True,False,True,adequate_to_inadequate,24
answerdotai_ModernBERT-large,encoder,bank,bank_R_10,The bank became difficult to access after the online login system failed.,The bank became difficult to access.,1,.,20.6099,0.1818,8371.9561,1.0,0.4619,0.0041,True,True,True,adequate_at_both,24
answerdotai_ModernBERT-large,encoder,bark,bark_R_01,The bark drew attention after the terrier heard footsteps outside.,The bark drew attention.,0,.,-7.3497,-0.0546,4460.0093,0.9997,9.3496,0.0694,False,True,True,inadequate_to_adequate,25
answerdotai_ModernBERT-large,encoder,bark,bark_R_03,They studied the bark during the animal-behaviour study.,They studied the bark.,0,.,-33.3342,-0.2474,4460.6729,0.9999,9.3418,0.0693,False,True,True,inadequate_to_adequate,25
answerdotai_ModernBERT-large,encoder,bark,bark_R_05,The bark was unusual once the collar microphone was switched on.,The bark was unusual.,0,.,-5.59,-0.0415,4459.5229,0.9996,9.3594,0.0695,False,True,True,inadequate_to_adequate,25
answerdotai_ModernBERT-large,encoder,bark,bark_R_07,The bark changed noticeably after several nights in the animal shelter.,The bark changed noticeably.,0,.,0.5114,0.0038,4460.1411,0.9997,9.3535,0.0694,True,True,True,adequate_at_both,25
answerdotai_ModernBERT-large,encoder,bark,bark_R_09,The bark became the focus because neighbours complained about noise.,The bark became the focus.,0,.,-17.5371,-0.1302,-4460.7031,-0.9999,-24.2823,-0.1802,False,False,False,inadequate_at_both,25
answerdotai_ModernBERT-large,encoder,bark,bark_R_02,The bark drew attention after the forester marked the old pine.,The bark drew attention.,1,.,52.5397,0.39,-4460.6699,-0.9999,-9.3301,-0.0693,True,False,False,adequate_to_inadequate,25
answerdotai_ModernBERT-large,encoder,bark,bark_R_04,They studied the bark during the woodland survey.,They studied the bark.,1,.,60.4042,0.4483,-4461.062,-0.9999,-9.3262,-0.0692,True,False,False,adequate_to_inadequate,25
answerdotai_ModernBERT-large,encoder,bark,bark_R_06,The bark was unusual once the trunk sample was placed under the lens.,The bark was unusual.,1,.,20.6967,0.1536,4460.7422,0.9999,28.534,0.2118,True,True,True,adequate_at_both,25
answerdotai_ModernBERT-large,encoder,bark,bark_R_08,The bark changed noticeably after beetles spread through the orchard.,The bark changed noticeably.,1,.,66.245,0.4917,4460.7236,0.9999,30.0663,0.2232,True,True,True,adequate_at_both,25
answerdotai_ModernBERT-large,encoder,bark,bark_R_10,The bark became the focus because the conservation team mapped damage to the trees.,The bark became the focus.,1,.,45.4995,0.3377,4410.9912,0.9887,-8.877,-0.0659,True,True,False,adequate_at_both,25
answerdotai_ModernBERT-large,encoder,bat,bat_R_01,They watched the bat during the final inning.,They watched the bat.,0,.,13.5339,0.3975,2.7476,0.3069,-2.9102,-0.0855,True,True,False,adequate_at_both,14
answerdotai_ModernBERT-large,encoder,bat,bat_R_03,She checked the bat before the player stepped up to home plate.,She checked the bat.,0,.,22.5063,0.6611,2.6637,0.2976,-3.0402,-0.0893,True,True,False,adequate_at_both,14
answerdotai_ModernBERT-large,encoder,bat,bat_R_05,He moved the bat carefully after the equipment bag fell open.,He moved the bat carefully.,0,.,7.1264,0.2093,1.363,0.1523,-3.3684,-0.0989,True,True,False,adequate_at_both,14
answerdotai_ModernBERT-large,encoder,bat,bat_R_07,The bat was marked because the coach wanted to identify the team gear.,The bat was marked.,0,.,7.0314,0.2065,0.8352,0.0933,-2.8102,-0.0825,True,True,False,adequate_at_both,14
answerdotai_ModernBERT-large,encoder,bat,bat_R_09,The bat was kept aside after the umpire questioned the equipment.,The bat was kept aside.,0,.,12.7472,0.3744,2.2643,0.253,-1.9078,-0.056,True,True,False,adequate_at_both,14
answerdotai_ModernBERT-large,encoder,bat,bat_R_02,They watched the bat during the cave survey.,They watched the bat.,1,.,3.3133,0.0973,-1.5174,-0.1695,3.3225,0.0976,True,False,True,adequate_to_inadequate,14
answerdotai_ModernBERT-large,encoder,bat,bat_R_04,She checked the bat before the wildlife team released it outside.,She checked the bat.,1,.,0.0971,0.0029,-0.6353,-0.071,3.5271,0.1036,True,False,True,adequate_to_inadequate,14
answerdotai_ModernBERT-large,encoder,bat,bat_R_06,He moved the bat carefully after the animal rescue box tipped over.,He moved the bat carefully.,1,.,-7.6945,-0.226,-0.998,-0.1115,3.4989,0.1028,False,False,True,inadequate_at_both,14
answerdotai_ModernBERT-large,encoder,bat,bat_R_08,The bat was marked because the researchers wanted to track the colony.,The bat was marked.,1,.,2.9283,0.086,1.1311,0.1264,2.9996,0.0881,True,True,True,adequate_at_both,14
answerdotai_ModernBERT-large,encoder,bat,bat_R_10,The bat was kept aside after the veterinarian noticed signs of stress.,The bat was kept aside.,1,.,-3.9801,-0.1169,0.6771,0.0756,3.8734,0.1138,False,True,True,inadequate_to_adequate,14
answerdotai_ModernBERT-large,encoder,crane,crane_R_01,They watched the crane after the wetland thawed in spring.,They watched the crane.,0,.,42.0725,0.3722,1159.2197,0.9995,11.7969,0.1044,True,True,True,adequate_at_both,26
answerdotai_ModernBERT-large,encoder,crane,crane_R_03,The crane moved slowly when the flock gathered near the marsh.,The crane moved slowly.,0,.,20.8433,0.1844,1159.2393,0.9996,11.7949,0.1043,True,True,True,adequate_at_both,26
answerdotai_ModernBERT-large,encoder,crane,crane_R_05,The crane was visible from far away during the bird survey at the reserve.,The crane was visible from far away.,0,.,62.9011,0.5564,1159.1191,0.9995,11.8086,0.1045,True,True,True,adequate_at_both,26
answerdotai_ModernBERT-large,encoder,crane,crane_R_07,The crane was difficult to approach because the nesting area was protected.,The crane was difficult to approach.,0,.,69.8601,0.618,1159.1875,0.9995,11.8047,0.1044,True,True,True,adequate_at_both,26
answerdotai_ModernBERT-large,encoder,crane,crane_R_09,The crane became the focus as the migration route was mapped by ornithologists.,The crane became the focus.,0,.,70.9128,0.6273,1159.2314,0.9996,11.791,0.1043,True,True,True,adequate_at_both,26
answerdotai_ModernBERT-large,encoder,crane,crane_R_02,They watched the crane after the steel beams arrived at the building site.,They watched the crane.,1,.,19.3778,0.1714,-1159.1797,-0.9995,-11.7949,-0.1043,True,False,False,adequate_to_inadequate,26
answerdotai_ModernBERT-large,encoder,crane,crane_R_04,The crane moved slowly when the load was secured above the street.,The crane moved slowly.,1,.,64.2054,0.568,-1159.1689,-0.9995,-11.7871,-0.1043,True,False,False,adequate_to_inadequate,26
answerdotai_ModernBERT-large,encoder,crane,crane_R_06,The crane was visible from far away during the safety inspection at the building site.,The crane was visible from far away.,1,.,62.3075,0.5512,-1159.1699,-0.9995,-11.8027,-0.1044,True,False,False,adequate_to_inadequate,26
answerdotai_ModernBERT-large,encoder,crane,crane_R_08,The crane was difficult to approach because the construction zone was restricted.,The crane was difficult to approach.,1,.,45.2283,0.4001,-1159.1738,-0.9995,-11.8164,-0.1045,True,False,False,adequate_to_inadequate,26
answerdotai_ModernBERT-large,encoder,crane,crane_R_10,The crane became the focus as the lifting plan was reviewed by engineers.,The crane became the focus.,1,.,53.8808,0.4766,1159.2158,0.9995,14.5573,0.1288,True,True,True,adequate_at_both,26
answerdotai_ModernBERT-large,encoder,spring,spring_R_01,The spring was unusually dry after a winter with almost no snow.,The spring was unusually dry.,0,.,56.4886,0.4759,-2934.3877,-0.9998,-27.0533,-0.2279,True,False,False,adequate_to_inadequate,24
answerdotai_ModernBERT-large,encoder,spring,spring_R_03,They monitored the spring during the climate study.,They monitored the spring.,0,.,-66.1956,-0.5577,2934.6875,0.9999,14.8789,0.1254,False,True,True,inadequate_to_adequate,24
answerdotai_ModernBERT-large,encoder,spring,spring_R_05,The spring changed quickly once warm air moved in from the south.,The spring changed quickly.,0,.,-53.3944,-0.4498,-2934.4092,-0.9998,-29.9005,-0.2519,False,False,False,inadequate_at_both,24
answerdotai_ModernBERT-large,encoder,spring,spring_R_07,The spring became a concern because the crops were already under stress.,The spring became a concern.,0,.,-19.5711,-0.1649,2934.5488,0.9999,14.873,0.1253,False,True,True,inadequate_to_adequate,24
answerdotai_ModernBERT-large,encoder,spring,spring_R_09,The spring was hard to assess after several contradictory forecasts.,The spring was hard to assess.,0,.,-22.8622,-0.1926,2934.5879,0.9999,14.8887,0.1254,False,True,True,inadequate_to_adequate,24
answerdotai_ModernBERT-large,encoder,spring,spring_R_02,The spring was unusually dry after the underground flow was diverted.,The spring was unusually dry.,1,.,6.4494,0.0543,2934.4248,0.9998,31.5773,0.266,True,True,True,adequate_at_both,24
answerdotai_ModernBERT-large,encoder,spring,spring_R_04,They monitored the spring during the groundwater study.,They monitored the spring.,1,.,78.6993,0.663,-2934.5024,-0.9998,-14.8984,-0.1255,True,False,False,adequate_to_inadequate,24
answerdotai_ModernBERT-large,encoder,spring,spring_R_06,The spring changed quickly once the hillside shifted after the storm.,The spring changed quickly.,1,.,62.682,0.5281,-2923.5117,-0.9961,-15.0762,-0.127,True,False,False,adequate_to_inadequate,24
answerdotai_ModernBERT-large,encoder,spring,spring_R_08,The spring became a concern because the village depended on its water.,The spring became a concern.,1,.,85.9086,0.7238,-2934.5049,-0.9999,-14.8574,-0.1252,True,False,False,adequate_to_inadequate,24
answerdotai_ModernBERT-large,encoder,spring,spring_R_10,The spring was hard to assess after several contaminated samples.,The spring was hard to assess.,1,.,60.0334,0.5058,-2934.5776,-0.9999,-14.8594,-0.1252,True,False,False,adequate_to_inadequate,24
answerdotai_ModernBERT-large,encoder,match,match_R_01,The match was difficult to start because the referee was still missing.,The match was difficult to start.,0,.,106.3115,0.6527,-369.1895,-0.9869,32.8711,0.2018,True,False,True,adequate_to_inadequate,28
answerdotai_ModernBERT-large,encoder,match,match_R_03,The match ended quickly after one team scored repeatedly.,The match ended quickly.,0,.,107.972,0.6629,-369.1895,-0.9869,32.9238,0.2021,True,False,True,adequate_to_inadequate,28
answerdotai_ModernBERT-large,encoder,match,match_R_05,They checked the match before the tournament schedule was printed.,They checked the match.,0,.,-30.4027,-0.1867,-369.2812,-0.9871,32.9355,0.2022,False,False,True,inadequate_at_both,28
answerdotai_ModernBERT-large,encoder,match,match_R_07,The match caused trouble because the teams disputed the result.,The match caused trouble.,0,.,97.9901,0.6016,369.4336,0.9875,19.7658,0.1214,True,True,True,adequate_at_both,28
answerdotai_ModernBERT-large,encoder,match,match_R_09,The match was watched closely during the championship broadcast.,The match was watched closely.,0,.,92.0262,0.565,-369.1416,-0.9867,32.9219,0.2021,True,False,True,adequate_to_inadequate,28
answerdotai_ModernBERT-large,encoder,match,match_R_02,The match was difficult to start because the wood was damp.,The match was difficult to start.,1,.,32.1795,0.1976,369.2549,0.987,-32.8047,-0.2014,True,True,False,adequate_at_both,28
answerdotai_ModernBERT-large,encoder,match,match_R_04,The match ended quickly after the wind reached the candle.,The match ended quickly.,1,.,25.2303,0.1549,369.3311,0.9872,-32.7969,-0.2014,True,True,False,adequate_at_both,28
answerdotai_ModernBERT-large,encoder,match,match_R_06,They checked the match before lighting the emergency stove.,They checked the match.,1,.,89.2592,0.548,369.4912,0.9877,-32.7461,-0.201,True,True,False,adequate_at_both,28
answerdotai_ModernBERT-large,encoder,match,match_R_08,The match caused trouble because the tent filled with smoke.,The match caused trouble.,1,.,55.0482,0.338,369.3887,0.9874,-32.793,-0.2013,True,True,False,adequate_at_both,28
answerdotai_ModernBERT-large,encoder,match,match_R_10,The match was watched closely during the combustion experiment.,The match was watched closely.,1,.,-28.7487,-0.1765,369.1865,0.9869,-32.8711,-0.2018,False,True,False,inadequate_to_adequate,28
answerdotai_ModernBERT-large,encoder,pitch,pitch_R_01,They prepared the pitch before kickoff.,They prepared the pitch.,0,.,75.5824,0.5603,-4240.5,-0.9997,7.4644,0.0553,True,False,True,adequate_to_inadequate,27
answerdotai_ModernBERT-large,encoder,pitch,pitch_R_03,They reviewed the pitch during the stadium inspection.,They reviewed the pitch.,0,.,42.2182,0.313,4240.9014,0.9998,-9.5488,-0.0708,True,True,False,adequate_at_both,27
answerdotai_ModernBERT-large,encoder,pitch,pitch_R_05,The pitch needed improvement after rain damaged the turf.,The pitch needed improvement.,0,.,24.5912,0.1823,4239.3438,0.9995,-9.4316,-0.0699,True,True,False,adequate_at_both,27
answerdotai_ModernBERT-large,encoder,pitch,pitch_R_07,The pitch was ready once the grounds crew finished marking the lines.,The pitch was ready.,0,.,-4.1359,-0.0307,-4240.6826,-0.9998,0.839,0.0062,False,False,True,inadequate_at_both,27
answerdotai_ModernBERT-large,encoder,pitch,pitch_R_09,They changed the pitch because the goal area was flooded.,They changed the pitch.,0,.,51.568,0.3823,-4240.3574,-0.9997,17.5724,0.1303,True,False,True,adequate_to_inadequate,27
answerdotai_ModernBERT-large,encoder,pitch,pitch_R_02,They prepared the pitch before meeting the investors.,They prepared the pitch.,1,.,57.1605,0.4237,4240.8467,0.9998,21.8341,0.1619,True,True,True,adequate_at_both,27
answerdotai_ModernBERT-large,encoder,pitch,pitch_R_04,They reviewed the pitch during the slide rehearsal.,They reviewed the pitch.,1,.,62.8114,0.4656,-4241.1348,-0.9999,9.7051,0.0719,True,False,True,adequate_to_inadequate,27
answerdotai_ModernBERT-large,encoder,pitch,pitch_R_06,The pitch needed improvement after the client rejected the proposal.,The pitch needed improvement.,1,.,47.9536,0.3555,-4241.083,-0.9999,9.7168,0.072,True,False,True,adequate_to_inadequate,27
answerdotai_ModernBERT-large,encoder,pitch,pitch_R_08,The pitch was ready once the final slide had been revised.,The pitch was ready.,1,.,47.7466,0.3539,-4241.1328,-0.9999,9.707,0.072,True,False,True,adequate_to_inadequate,27
answerdotai_ModernBERT-large,encoder,pitch,pitch_R_10,They changed the pitch because the funding story was unclear.,They changed the pitch.,1,.,60.6939,0.4499,-4241.0527,-0.9999,9.6523,0.0716,True,False,True,adequate_to_inadequate,27
microsoft_deberta-v3-large,encoder,bank,bank_R_01,The bank was unstable after weeks of heavy rain.,The bank was unstable.,0,.,12.9512,0.4333,1.0763,0.162,-0.7121,-0.0238,True,True,False,adequate_at_both,9
microsoft_deberta-v3-large,encoder,bank,bank_R_03,They examined the bank during the flood inspection.,They examined the bank.,0,.,16.9111,0.5658,-0.7414,-0.1116,-0.875,-0.0293,True,False,False,adequate_to_inadequate,9
microsoft_deberta-v3-large,encoder,bank,bank_R_05,The bank had changed once the river level dropped.,The bank had changed.,0,.,16.4531,0.5505,1.0544,0.1587,-0.8394,-0.0281,True,True,False,adequate_at_both,9
microsoft_deberta-v3-large,encoder,bank,bank_R_07,The bank needed protection because erosion had accelerated.,The bank needed protection.,0,.,8.6251,0.2886,0.1652,0.0249,-0.2202,-0.0074,True,True,False,adequate_at_both,9
microsoft_deberta-v3-large,encoder,bank,bank_R_09,The bank became difficult to access after the path along the water was closed.,The bank became difficult to access.,0,.,18.455,0.6174,1.512,0.2275,-0.6435,-0.0215,True,True,False,adequate_at_both,9
microsoft_deberta-v3-large,encoder,bank,bank_R_02,The bank was unstable after weeks of market panic.,The bank was unstable.,1,.,12.0372,0.4027,1.0734,0.1615,0.5039,0.0169,True,True,True,adequate_at_both,9
microsoft_deberta-v3-large,encoder,bank,bank_R_04,They examined the bank during the regulatory review.,They examined the bank.,1,.,13.132,0.4393,2.7052,0.4071,0.6346,0.0212,True,True,True,adequate_at_both,9
microsoft_deberta-v3-large,encoder,bank,bank_R_06,The bank had changed once the merger was announced.,The bank had changed.,1,.,15.0581,0.5038,1.7159,0.2582,0.6237,0.0209,True,True,True,adequate_at_both,9
microsoft_deberta-v3-large,encoder,bank,bank_R_08,The bank needed protection because customer data had leaked.,The bank needed protection.,1,.,18.2379,0.6102,2.134,0.3211,0.4518,0.0151,True,True,True,adequate_at_both,9
microsoft_deberta-v3-large,encoder,bank,bank_R_10,The bank became difficult to access after the online login system failed.,The bank became difficult to access.,1,.,17.8445,0.597,1.7652,0.2656,0.7589,0.0254,True,True,True,adequate_at_both,9
microsoft_deberta-v3-large,encoder,bark,bark_R_01,The bark drew attention after the terrier heard footsteps outside.,The bark drew attention.,0,.,14.1127,0.5509,1.5556,0.3266,-0.3622,-0.0141,True,True,False,adequate_at_both,10
microsoft_deberta-v3-large,encoder,bark,bark_R_03,They studied the bark during the animal-behaviour study.,They studied the bark.,0,.,-8.9088,-0.3478,-0.728,-0.1528,-0.5932,-0.0232,False,False,False,inadequate_at_both,10
microsoft_deberta-v3-large,encoder,bark,bark_R_05,The bark was unusual once the collar microphone was switched on.,The bark was unusual.,0,.,9.5737,0.3737,0.0426,0.0089,-0.5108,-0.0199,True,True,False,adequate_at_both,10
microsoft_deberta-v3-large,encoder,bark,bark_R_07,The bark changed noticeably after several nights in the animal shelter.,The bark changed noticeably.,0,.,1.6222,0.0633,0.1479,0.0311,-0.4173,-0.0163,True,True,False,adequate_at_both,10
microsoft_deberta-v3-large,encoder,bark,bark_R_09,The bark became the focus because neighbours complained about noise.,The bark became the focus.,0,.,3.67,0.1433,1.4123,0.2965,-0.6493,-0.0253,True,True,False,adequate_at_both,10
microsoft_deberta-v3-large,encoder,bark,bark_R_02,The bark drew attention after the forester marked the old pine.,The bark drew attention.,1,.,13.5936,0.5306,0.7828,0.1643,0.6078,0.0237,True,True,True,adequate_at_both,10
microsoft_deberta-v3-large,encoder,bark,bark_R_04,They studied the bark during the woodland survey.,They studied the bark.,1,.,12.91,0.5039,0.4403,0.0924,0.4527,0.0177,True,True,True,adequate_at_both,10
microsoft_deberta-v3-large,encoder,bark,bark_R_06,The bark was unusual once the trunk sample was placed under the lens.,The bark was unusual.,1,.,15.2308,0.5945,2.2878,0.4803,0.9245,0.0361,True,True,True,adequate_at_both,10
microsoft_deberta-v3-large,encoder,bark,bark_R_08,The bark changed noticeably after beetles spread through the orchard.,The bark changed noticeably.,1,.,15.4341,0.6025,1.5684,0.3293,0.572,0.0223,True,True,True,adequate_at_both,10
microsoft_deberta-v3-large,encoder,bark,bark_R_10,The bark became the focus because the conservation team mapped damage to the trees.,The bark became the focus.,1,.,14.0602,0.5488,0.4144,0.087,0.6291,0.0246,True,True,True,adequate_at_both,10
microsoft_deberta-v3-large,encoder,bat,bat_R_01,They watched the bat during the final inning.,They watched the bat.,0,.,13.8518,0.4772,1.5218,0.2768,-0.0183,-0.0006,True,True,False,adequate_at_both,9
microsoft_deberta-v3-large,encoder,bat,bat_R_03,She checked the bat before the player stepped up to home plate.,She checked the bat.,0,.,19.2723,0.664,1.9005,0.3457,-0.1963,-0.0068,True,True,False,adequate_at_both,9
microsoft_deberta-v3-large,encoder,bat,bat_R_05,He moved the bat carefully after the equipment bag fell open.,He moved the bat carefully.,0,.,19.0997,0.658,1.9979,0.3635,-0.1359,-0.0047,True,True,False,adequate_at_both,9
microsoft_deberta-v3-large,encoder,bat,bat_R_07,The bat was marked because the coach wanted to identify the team gear.,The bat was marked.,0,.,18.8388,0.6491,0.7054,0.1283,0.1254,0.0043,True,True,True,adequate_at_both,9
microsoft_deberta-v3-large,encoder,bat,bat_R_09,The bat was kept aside after the umpire questioned the equipment.,The bat was kept aside.,0,.,19.0445,0.6561,1.2195,0.2218,-0.0415,-0.0014,True,True,False,adequate_at_both,9
microsoft_deberta-v3-large,encoder,bat,bat_R_02,They watched the bat during the cave survey.,They watched the bat.,1,.,18.8716,0.6502,1.8934,0.3445,-0.006,-0.0002,True,True,False,adequate_at_both,9
microsoft_deberta-v3-large,encoder,bat,bat_R_04,She checked the bat before the wildlife team released it outside.,She checked the bat.,1,.,7.9512,0.2739,0.4908,0.0893,0.2545,0.0088,True,True,True,adequate_at_both,9
microsoft_deberta-v3-large,encoder,bat,bat_R_06,He moved the bat carefully after the animal rescue box tipped over.,He moved the bat carefully.,1,.,5.58,0.1923,1.222,0.2223,0.3922,0.0135,True,True,True,adequate_at_both,9
microsoft_deberta-v3-large,encoder,bat,bat_R_08,The bat was marked because the researchers wanted to track the colony.,The bat was marked.,1,.,21.08,0.7263,1.8032,0.328,0.0065,0.0002,True,True,True,adequate_at_both,9
microsoft_deberta-v3-large,encoder,bat,bat_R_10,The bat was kept aside after the veterinarian noticed signs of stress.,The bat was kept aside.,1,.,16.6081,0.5722,1.9114,0.3477,0.1144,0.0039,True,True,True,adequate_at_both,9
microsoft_deberta-v3-large,encoder,crane,crane_R_01,They watched the crane after the wetland thawed in spring.,They watched the crane.,0,.,14.1738,0.6293,0.3879,0.1134,0.1805,0.008,True,True,True,adequate_at_both,10
microsoft_deberta-v3-large,encoder,crane,crane_R_03,The crane moved slowly when the flock gathered near the marsh.,The crane moved slowly.,0,.,16.465,0.731,-0.2162,-0.0632,0.3132,0.0139,True,False,True,adequate_to_inadequate,10
microsoft_deberta-v3-large,encoder,crane,crane_R_05,The crane was visible from far away during the bird survey at the reserve.,The crane was visible from far away.,0,.,17.618,0.7822,0.1826,0.0534,0.3825,0.017,True,True,True,adequate_at_both,10
microsoft_deberta-v3-large,encoder,crane,crane_R_07,The crane was difficult to approach because the nesting area was protected.,The crane was difficult to approach.,0,.,17.0086,0.7551,-0.3426,-0.1002,0.24,0.0107,True,False,True,adequate_to_inadequate,10
microsoft_deberta-v3-large,encoder,crane,crane_R_09,The crane became the focus as the migration route was mapped by ornithologists.,The crane became the focus.,0,.,17.2277,0.7648,0.053,0.0155,0.344,0.0153,True,True,True,adequate_at_both,10
microsoft_deberta-v3-large,encoder,crane,crane_R_02,They watched the crane after the steel beams arrived at the building site.,They watched the crane.,1,.,15.2947,0.679,0.8379,0.2451,-0.0804,-0.0036,True,True,False,adequate_at_both,10
microsoft_deberta-v3-large,encoder,crane,crane_R_04,The crane moved slowly when the load was secured above the street.,The crane moved slowly.,1,.,17.235,0.7652,1.7341,0.5072,-0.2617,-0.0116,True,True,False,adequate_at_both,10
microsoft_deberta-v3-large,encoder,crane,crane_R_06,The crane was visible from far away during the safety inspection at the building site.,The crane was visible from far away.,1,.,15.0372,0.6676,1.0881,0.3182,-0.1838,-0.0082,True,True,False,adequate_at_both,10
microsoft_deberta-v3-large,encoder,crane,crane_R_08,The crane was difficult to approach because the construction zone was restricted.,The crane was difficult to approach.,1,.,14.8133,0.6577,1.3787,0.4032,-0.2183,-0.0097,True,True,False,adequate_at_both,10
microsoft_deberta-v3-large,encoder,crane,crane_R_10,The crane became the focus as the lifting plan was reviewed by engineers.,The crane became the focus.,1,.,13.1341,0.5831,0.9574,0.28,-0.1651,-0.0073,True,True,False,adequate_at_both,10
microsoft_deberta-v3-large,encoder,spring,spring_R_01,The spring was unusually dry after a winter with almost no snow.,The spring was unusually dry.,0,.,5.1334,0.2823,-0.6611,-0.1447,-0.5126,-0.0282,True,False,False,adequate_to_inadequate,8
microsoft_deberta-v3-large,encoder,spring,spring_R_03,They monitored the spring during the climate study.,They monitored the spring.,0,.,-0.6307,-0.0347,-1.3029,-0.2851,-0.3699,-0.0203,False,False,False,inadequate_at_both,8
microsoft_deberta-v3-large,encoder,spring,spring_R_05,The spring changed quickly once warm air moved in from the south.,The spring changed quickly.,0,.,3.3724,0.1855,-0.2134,-0.0467,-0.3866,-0.0213,True,False,False,adequate_to_inadequate,8
microsoft_deberta-v3-large,encoder,spring,spring_R_07,The spring became a concern because the crops were already under stress.,The spring became a concern.,0,.,1.0215,0.0562,-1.6459,-0.3601,-0.5353,-0.0294,True,False,False,adequate_to_inadequate,8
microsoft_deberta-v3-large,encoder,spring,spring_R_09,The spring was hard to assess after several contradictory forecasts.,The spring was hard to assess.,0,.,3.3597,0.1848,-0.9597,-0.21,-0.4024,-0.0221,True,False,False,adequate_to_inadequate,8
microsoft_deberta-v3-large,encoder,spring,spring_R_02,The spring was unusually dry after the underground flow was diverted.,The spring was unusually dry.,1,.,13.4659,0.7406,2.1276,0.4655,0.6055,0.0333,True,True,True,adequate_at_both,8
microsoft_deberta-v3-large,encoder,spring,spring_R_04,They monitored the spring during the groundwater study.,They monitored the spring.,1,.,13.5225,0.7437,1.7904,0.3918,0.4392,0.0242,True,True,True,adequate_at_both,8
microsoft_deberta-v3-large,encoder,spring,spring_R_06,The spring changed quickly once the hillside shifted after the storm.,The spring changed quickly.,1,.,0.727,0.04,0.3349,0.0733,0.4392,0.0242,True,True,True,adequate_at_both,8
microsoft_deberta-v3-large,encoder,spring,spring_R_08,The spring became a concern because the village depended on its water.,The spring became a concern.,1,.,12.9568,0.7126,2.468,0.54,0.6212,0.0342,True,True,True,adequate_at_both,8
microsoft_deberta-v3-large,encoder,spring,spring_R_10,The spring was hard to assess after several contaminated samples.,The spring was hard to assess.,1,.,6.7372,0.3705,1.8391,0.4024,0.4251,0.0234,True,True,True,adequate_at_both,8
microsoft_deberta-v3-large,encoder,match,match_R_01,The match was difficult to start because the referee was still missing.,The match was difficult to start.,0,.,9.787,0.4537,5.4406,0.5018,1.6365,0.0759,True,True,True,adequate_at_both,18
microsoft_deberta-v3-large,encoder,match,match_R_03,The match ended quickly after one team scored repeatedly.,The match ended quickly.,0,.,11.4484,0.5307,7.3441,0.6773,1.5457,0.0717,True,True,True,adequate_at_both,18
microsoft_deberta-v3-large,encoder,match,match_R_05,They checked the match before the tournament schedule was printed.,They checked the match.,0,.,5.9356,0.2751,-1.9228,-0.1773,1.4309,0.0663,True,False,True,adequate_to_inadequate,18
microsoft_deberta-v3-large,encoder,match,match_R_07,The match caused trouble because the teams disputed the result.,The match caused trouble.,0,.,8.421,0.3904,7.6208,0.7028,1.7586,0.0815,True,True,True,adequate_at_both,18
microsoft_deberta-v3-large,encoder,match,match_R_09,The match was watched closely during the championship broadcast.,The match was watched closely.,0,.,12.4362,0.5765,8.3659,0.7716,1.3329,0.0618,True,True,True,adequate_at_both,18
microsoft_deberta-v3-large,encoder,match,match_R_02,The match was difficult to start because the wood was damp.,The match was difficult to start.,1,.,-4.9155,-0.2279,-1.6059,-0.1481,-1.7779,-0.0824,False,False,False,inadequate_at_both,18
microsoft_deberta-v3-large,encoder,match,match_R_04,The match ended quickly after the wind reached the candle.,The match ended quickly.,1,.,10.4176,0.4829,4.3271,0.3991,-1.34,-0.0621,True,True,False,adequate_at_both,18
microsoft_deberta-v3-large,encoder,match,match_R_06,They checked the match before lighting the emergency stove.,They checked the match.,1,.,11.8647,0.55,6.0265,0.5558,-1.4829,-0.0687,True,True,False,adequate_at_both,18
microsoft_deberta-v3-large,encoder,match,match_R_08,The match caused trouble because the tent filled with smoke.,The match caused trouble.,1,.,10.2413,0.4747,4.1311,0.381,-1.4572,-0.0676,True,True,False,adequate_at_both,18
microsoft_deberta-v3-large,encoder,match,match_R_10,The match was watched closely during the combustion experiment.,The match was watched closely.,1,.,11.6947,0.5421,1.7382,0.1603,-1.3079,-0.0606,True,True,False,adequate_at_both,18
microsoft_deberta-v3-large,encoder,pitch,pitch_R_01,They prepared the pitch before kickoff.,They prepared the pitch.,0,.,3.5417,0.231,1.3181,0.264,0.7102,0.0463,True,True,True,adequate_at_both,23
microsoft_deberta-v3-large,encoder,pitch,pitch_R_03,They reviewed the pitch during the stadium inspection.,They reviewed the pitch.,0,.,1.7817,0.1162,1.2945,0.2593,0.6634,0.0433,True,True,True,adequate_at_both,23
microsoft_deberta-v3-large,encoder,pitch,pitch_R_05,The pitch needed improvement after rain damaged the turf.,The pitch needed improvement.,0,.,2.0519,0.1338,1.3722,0.2749,1.0982,0.0716,True,True,True,adequate_at_both,23
microsoft_deberta-v3-large,encoder,pitch,pitch_R_07,The pitch was ready once the grounds crew finished marking the lines.,The pitch was ready.,0,.,4.2828,0.2794,-0.5442,-0.109,0.5994,0.0391,True,False,True,adequate_to_inadequate,23
microsoft_deberta-v3-large,encoder,pitch,pitch_R_09,They changed the pitch because the goal area was flooded.,They changed the pitch.,0,.,3.0184,0.1969,0.757,0.1516,0.825,0.0538,True,True,True,adequate_at_both,23
microsoft_deberta-v3-large,encoder,pitch,pitch_R_02,They prepared the pitch before meeting the investors.,They prepared the pitch.,1,.,6.0088,0.392,0.7106,0.1424,-0.4209,-0.0275,True,True,False,adequate_at_both,23
microsoft_deberta-v3-large,encoder,pitch,pitch_R_04,They reviewed the pitch during the slide rehearsal.,They reviewed the pitch.,1,.,8.0077,0.5223,1.07,0.2143,-0.3713,-0.0242,True,True,False,adequate_at_both,23
microsoft_deberta-v3-large,encoder,pitch,pitch_R_06,The pitch needed improvement after the client rejected the proposal.,The pitch needed improvement.,1,.,8.5129,0.5553,2.2094,0.4426,-0.7246,-0.0473,True,True,False,adequate_at_both,23
microsoft_deberta-v3-large,encoder,pitch,pitch_R_08,The pitch was ready once the final slide had been revised.,The pitch was ready.,1,.,4.99,0.3255,0.0249,0.005,-0.782,-0.051,True,True,False,adequate_at_both,23
microsoft_deberta-v3-large,encoder,pitch,pitch_R_10,They changed the pitch because the funding story was unclear.,They changed the pitch.,1,.,9.6923,0.6322,1.8705,0.3747,-0.4279,-0.0279,True,True,False,adequate_at_both,23
FacebookAI_roberta-large,encoder,bank,bank_R_01,The bank was unstable after weeks of heavy rain.,The bank was unstable.,0,.,0.1985,0.0141,0.0142,0.1153,-0.1525,-0.0109,True,True,False,adequate_at_both,21
FacebookAI_roberta-large,encoder,bank,bank_R_03,They examined the bank during the flood inspection.,They examined the bank.,0,.,4.8294,0.3435,-0.0124,-0.1008,-0.153,-0.0109,True,False,False,adequate_to_inadequate,21
FacebookAI_roberta-large,encoder,bank,bank_R_05,The bank had changed once the river level dropped.,The bank had changed.,0,.,6.8245,0.4855,0.0345,0.2792,-0.1469,-0.0104,True,True,False,adequate_at_both,21
FacebookAI_roberta-large,encoder,bank,bank_R_07,The bank needed protection because erosion had accelerated.,The bank needed protection.,0,.,-2.3632,-0.1681,0.0007,0.0054,-0.1563,-0.0111,False,True,False,inadequate_to_adequate,21
FacebookAI_roberta-large,encoder,bank,bank_R_09,The bank became difficult to access after the path along the water was closed.,The bank became difficult to access.,0,.,7.2797,0.5179,0.0323,0.2621,-0.1442,-0.0103,True,True,False,adequate_at_both,21
FacebookAI_roberta-large,encoder,bank,bank_R_02,The bank was unstable after weeks of market panic.,The bank was unstable.,1,.,4.71,0.3351,0.004,0.0324,0.1525,0.0109,True,True,True,adequate_at_both,21
FacebookAI_roberta-large,encoder,bank,bank_R_04,They examined the bank during the regulatory review.,They examined the bank.,1,.,7.2198,0.5136,0.0408,0.3307,0.1585,0.0113,True,True,True,adequate_at_both,21
FacebookAI_roberta-large,encoder,bank,bank_R_06,The bank had changed once the merger was announced.,The bank had changed.,1,.,7.217,0.5134,0.0089,0.0721,0.1564,0.0111,True,True,True,adequate_at_both,21
FacebookAI_roberta-large,encoder,bank,bank_R_08,The bank needed protection because customer data had leaked.,The bank needed protection.,1,.,7.6733,0.5459,0.0139,0.1123,0.1575,0.0112,True,True,True,adequate_at_both,21
FacebookAI_roberta-large,encoder,bank,bank_R_10,The bank became difficult to access after the online login system failed.,The bank became difficult to access.,1,.,8.5798,0.6103,0.0182,0.1474,0.1508,0.0107,True,True,True,adequate_at_both,21
FacebookAI_roberta-large,encoder,bark,bark_R_01,The bark drew attention after the terrier heard footsteps outside.,The bark drew attention.,0,.,7.8039,0.5568,0.5444,0.6942,0.5183,0.037,True,True,True,adequate_at_both,19
FacebookAI_roberta-large,encoder,bark,bark_R_03,They studied the bark during the animal-behaviour study.,They studied the bark.,0,.,-5.8818,-0.4197,0.4102,0.523,0.5018,0.0358,False,True,True,inadequate_to_adequate,19
FacebookAI_roberta-large,encoder,bark,bark_R_05,The bark was unusual once the collar microphone was switched on.,The bark was unusual.,0,.,5.6528,0.4033,0.3355,0.4278,0.5379,0.0384,True,True,True,adequate_at_both,19
FacebookAI_roberta-large,encoder,bark,bark_R_07,The bark changed noticeably after several nights in the animal shelter.,The bark changed noticeably.,0,.,0.9735,0.0695,-0.045,-0.0574,0.5255,0.0375,True,False,True,adequate_to_inadequate,19
FacebookAI_roberta-large,encoder,bark,bark_R_09,The bark became the focus because neighbours complained about noise.,The bark became the focus.,0,.,1.8241,0.1301,0.3944,0.5029,0.5259,0.0375,True,True,True,adequate_at_both,19
FacebookAI_roberta-large,encoder,bark,bark_R_02,The bark drew attention after the forester marked the old pine.,The bark drew attention.,1,.,5.0361,0.3593,-0.5112,-0.6519,-0.5347,-0.0382,True,False,False,adequate_to_inadequate,19
FacebookAI_roberta-large,encoder,bark,bark_R_04,They studied the bark during the woodland survey.,They studied the bark.,1,.,8.357,0.5963,-0.4092,-0.5218,-0.5104,-0.0364,True,False,False,adequate_to_inadequate,19
FacebookAI_roberta-large,encoder,bark,bark_R_06,The bark was unusual once the trunk sample was placed under the lens.,The bark was unusual.,1,.,6.5789,0.4694,0.014,0.0178,-0.5857,-0.0418,True,True,False,adequate_at_both,19
FacebookAI_roberta-large,encoder,bark,bark_R_08,The bark changed noticeably after beetles spread through the orchard.,The bark changed noticeably.,1,.,7.8768,0.562,0.3644,0.4647,-0.5603,-0.04,True,True,False,adequate_at_both,19
FacebookAI_roberta-large,encoder,bark,bark_R_10,The bark became the focus because the conservation team mapped damage to the trees.,The bark became the focus.,1,.,5.8298,0.4159,0.5419,0.691,-0.5769,-0.0412,True,True,False,adequate_at_both,19
FacebookAI_roberta-large,encoder,bat,bat_R_01,They watched the bat during the final inning.,They watched the bat.,0,.,4.8305,0.3643,0.1112,0.2559,-0.5584,-0.0421,True,True,False,adequate_at_both,19
FacebookAI_roberta-large,encoder,bat,bat_R_03,She checked the bat before the player stepped up to home plate.,She checked the bat.,0,.,7.7031,0.5809,0.1795,0.413,-0.5772,-0.0435,True,True,False,adequate_at_both,19
FacebookAI_roberta-large,encoder,bat,bat_R_05,He moved the bat carefully after the equipment bag fell open.,He moved the bat carefully.,0,.,6.6838,0.5041,0.1247,0.287,-0.5843,-0.0441,True,True,False,adequate_at_both,19
FacebookAI_roberta-large,encoder,bat,bat_R_07,The bat was marked because the coach wanted to identify the team gear.,The bat was marked.,0,.,2.8955,0.2184,0.1036,0.2384,-0.5913,-0.0446,True,True,False,adequate_at_both,19
FacebookAI_roberta-large,encoder,bat,bat_R_09,The bat was kept aside after the umpire questioned the equipment.,The bat was kept aside.,0,.,6.9944,0.5275,0.1226,0.2822,-0.604,-0.0456,True,True,False,adequate_at_both,19
FacebookAI_roberta-large,encoder,bat,bat_R_02,They watched the bat during the cave survey.,They watched the bat.,1,.,8.0601,0.6078,0.0405,0.0933,0.5826,0.0439,True,True,True,adequate_at_both,19
FacebookAI_roberta-large,encoder,bat,bat_R_04,She checked the bat before the wildlife team released it outside.,She checked the bat.,1,.,8.9947,0.6783,-0.0034,-0.0079,0.5589,0.0421,True,False,True,adequate_to_inadequate,19
FacebookAI_roberta-large,encoder,bat,bat_R_06,He moved the bat carefully after the animal rescue box tipped over.,He moved the bat carefully.,1,.,6.9694,0.5256,-0.0519,-0.1193,0.569,0.0429,True,False,True,adequate_to_inadequate,19
FacebookAI_roberta-large,encoder,bat,bat_R_08,The bat was marked because the researchers wanted to track the colony.,The bat was marked.,1,.,8.2232,0.6201,-0.0152,-0.035,0.5661,0.0427,True,False,True,adequate_to_inadequate,19
FacebookAI_roberta-large,encoder,bat,bat_R_10,The bat was kept aside after the veterinarian noticed signs of stress.,The bat was kept aside.,1,.,8.9043,0.6715,0.0247,0.0568,0.5506,0.0415,True,True,True,adequate_at_both,19
FacebookAI_roberta-large,encoder,crane,crane_R_01,They watched the crane after the wetland thawed in spring.,They watched the crane.,0,.,4.4105,0.3546,0.0045,0.0563,1.7818,0.1433,True,True,True,adequate_at_both,15
FacebookAI_roberta-large,encoder,crane,crane_R_03,The crane moved slowly when the flock gathered near the marsh.,The crane moved slowly.,0,.,7.1069,0.5715,0.0104,0.13,1.7824,0.1433,True,True,True,adequate_at_both,15
FacebookAI_roberta-large,encoder,crane,crane_R_05,The crane was visible from far away during the bird survey at the reserve.,The crane was visible from far away.,0,.,8.4874,0.6825,0.0274,0.343,1.7848,0.1435,True,True,True,adequate_at_both,15
FacebookAI_roberta-large,encoder,crane,crane_R_07,The crane was difficult to approach because the nesting area was protected.,The crane was difficult to approach.,0,.,7.9574,0.6399,0.0074,0.0924,1.7806,0.1432,True,True,True,adequate_at_both,15
FacebookAI_roberta-large,encoder,crane,crane_R_09,The crane became the focus as the migration route was mapped by ornithologists.,The crane became the focus.,0,.,8.3556,0.6719,0.0143,0.1789,1.7854,0.1436,True,True,True,adequate_at_both,15
FacebookAI_roberta-large,encoder,crane,crane_R_02,They watched the crane after the steel beams arrived at the building site.,They watched the crane.,1,.,6.9158,0.5561,0.0107,0.1336,-1.782,-0.1433,True,True,False,adequate_at_both,15
FacebookAI_roberta-large,encoder,crane,crane_R_04,The crane moved slowly when the load was secured above the street.,The crane moved slowly.,1,.,8.9927,0.7231,0.0181,0.2263,-1.7821,-0.1433,True,True,False,adequate_at_both,15
FacebookAI_roberta-large,encoder,crane,crane_R_06,The crane was visible from far away during the safety inspection at the building site.,The crane was visible from far away.,1,.,5.5352,0.4451,-0.0011,-0.0142,-1.7841,-0.1435,True,False,False,adequate_to_inadequate,15
FacebookAI_roberta-large,encoder,crane,crane_R_08,The crane was difficult to approach because the construction zone was restricted.,The crane was difficult to approach.,1,.,5.622,0.4521,0.03,0.3746,-1.7824,-0.1433,True,True,False,adequate_at_both,15
FacebookAI_roberta-large,encoder,crane,crane_R_10,The crane became the focus as the lifting plan was reviewed by engineers.,The crane became the focus.,1,.,5.6168,0.4516,0.0115,0.1438,-1.7827,-0.1433,True,True,False,adequate_at_both,15
FacebookAI_roberta-large,encoder,spring,spring_R_01,The spring was unusually dry after a winter with almost no snow.,The spring was unusually dry.,0,.,6.5608,0.4855,0.01,0.1494,-1.35,-0.0999,True,True,False,adequate_at_both,22
FacebookAI_roberta-large,encoder,spring,spring_R_03,They monitored the spring during the climate study.,They monitored the spring.,0,.,-4.2025,-0.311,-0.0048,-0.0718,-1.35,-0.0999,False,False,False,inadequate_at_both,22
FacebookAI_roberta-large,encoder,spring,spring_R_05,The spring changed quickly once warm air moved in from the south.,The spring changed quickly.,0,.,3.5672,0.264,0.0085,0.1275,-1.3463,-0.0996,True,True,False,adequate_at_both,22
FacebookAI_roberta-large,encoder,spring,spring_R_07,The spring became a concern because the crops were already under stress.,The spring became a concern.,0,.,-0.436,-0.0323,-0.0017,-0.0257,-1.3479,-0.0998,False,False,False,inadequate_at_both,22
FacebookAI_roberta-large,encoder,spring,spring_R_09,The spring was hard to assess after several contradictory forecasts.,The spring was hard to assess.,0,.,3.0894,0.2286,-0.0016,-0.024,-1.3525,-0.1001,True,False,False,adequate_to_inadequate,22
FacebookAI_roberta-large,encoder,spring,spring_R_02,The spring was unusually dry after the underground flow was diverted.,The spring was unusually dry.,1,.,8.6737,0.6419,0.03,0.45,1.3563,0.1004,True,True,True,adequate_at_both,22
FacebookAI_roberta-large,encoder,spring,spring_R_04,They monitored the spring during the groundwater study.,They monitored the spring.,1,.,10.2392,0.7578,0.0198,0.2975,1.3537,0.1002,True,True,True,adequate_at_both,22
FacebookAI_roberta-large,encoder,spring,spring_R_06,The spring changed quickly once the hillside shifted after the storm.,The spring changed quickly.,1,.,3.2433,0.24,0.0086,0.1291,1.3507,0.1,True,True,True,adequate_at_both,22
FacebookAI_roberta-large,encoder,spring,spring_R_08,The spring became a concern because the village depended on its water.,The spring became a concern.,1,.,10.0645,0.7448,0.0292,0.4382,1.3514,0.1,True,True,True,adequate_at_both,22
FacebookAI_roberta-large,encoder,spring,spring_R_10,The spring was hard to assess after several contaminated samples.,The spring was hard to assess.,1,.,9.9216,0.7343,0.0269,0.4037,1.3553,0.1003,True,True,True,adequate_at_both,22
FacebookAI_roberta-large,encoder,match,match_R_01,The match was difficult to start because the referee was still missing.,The match was difficult to start.,0,.,9.0478,0.7272,0.0259,0.1995,0.7085,0.0569,True,True,True,adequate_at_both,23
FacebookAI_roberta-large,encoder,match,match_R_03,The match ended quickly after one team scored repeatedly.,The match ended quickly.,0,.,8.1928,0.6585,0.0386,0.2976,0.7145,0.0574,True,True,True,adequate_at_both,23
FacebookAI_roberta-large,encoder,match,match_R_05,They checked the match before the tournament schedule was printed.,They checked the match.,0,.,2.2834,0.1835,0.0213,0.1639,0.7094,0.057,True,True,True,adequate_at_both,23
FacebookAI_roberta-large,encoder,match,match_R_07,The match caused trouble because the teams disputed the result.,The match caused trouble.,0,.,8.1686,0.6566,0.0533,0.4106,0.7156,0.0575,True,True,True,adequate_at_both,23
FacebookAI_roberta-large,encoder,match,match_R_09,The match was watched closely during the championship broadcast.,The match was watched closely.,0,.,5.7396,0.4613,0.0487,0.3749,0.713,0.0573,True,True,True,adequate_at_both,23
FacebookAI_roberta-large,encoder,match,match_R_02,The match was difficult to start because the wood was damp.,The match was difficult to start.,1,.,-4.0549,-0.3259,-0.003,-0.0232,-0.7038,-0.0566,False,False,False,inadequate_at_both,23
FacebookAI_roberta-large,encoder,match,match_R_04,The match ended quickly after the wind reached the candle.,The match ended quickly.,1,.,-4.4907,-0.3609,-0.0065,-0.0499,-0.7101,-0.0571,False,False,False,inadequate_at_both,23
FacebookAI_roberta-large,encoder,match,match_R_06,They checked the match before lighting the emergency stove.,They checked the match.,1,.,7.2343,0.5815,0.0394,0.3033,-0.711,-0.0572,True,True,False,adequate_at_both,23
FacebookAI_roberta-large,encoder,match,match_R_08,The match caused trouble because the tent filled with smoke.,The match caused trouble.,1,.,-2.8788,-0.2314,-0.0156,-0.1199,-0.7097,-0.057,False,False,False,inadequate_at_both,23
FacebookAI_roberta-large,encoder,match,match_R_10,The match was watched closely during the combustion experiment.,The match was watched closely.,1,.,-3.8383,-0.3085,-0.0319,-0.246,-0.7077,-0.0569,False,False,False,inadequate_at_both,23
FacebookAI_roberta-large,encoder,pitch,pitch_R_01,They prepared the pitch before kickoff.,They prepared the pitch.,0,.,4.225,0.2926,0.0283,0.2708,-1.7763,-0.123,True,True,False,adequate_at_both,21
FacebookAI_roberta-large,encoder,pitch,pitch_R_03,They reviewed the pitch during the stadium inspection.,They reviewed the pitch.,0,.,5.831,0.4038,0.0359,0.3432,-1.7777,-0.1231,True,True,False,adequate_at_both,21
FacebookAI_roberta-large,encoder,pitch,pitch_R_05,The pitch needed improvement after rain damaged the turf.,The pitch needed improvement.,0,.,8.784,0.6083,0.0331,0.3159,-1.7711,-0.1226,True,True,False,adequate_at_both,21
FacebookAI_roberta-large,encoder,pitch,pitch_R_07,The pitch was ready once the grounds crew finished marking the lines.,The pitch was ready.,0,.,9.6237,0.6664,0.0283,0.2706,-1.7762,-0.123,True,True,False,adequate_at_both,21
FacebookAI_roberta-large,encoder,pitch,pitch_R_09,They changed the pitch because the goal area was flooded.,They changed the pitch.,0,.,8.6337,0.5979,0.0289,0.2764,-1.7759,-0.123,True,True,False,adequate_at_both,21
FacebookAI_roberta-large,encoder,pitch,pitch_R_02,They prepared the pitch before meeting the investors.,They prepared the pitch.,1,.,10.3095,0.7139,0.0351,0.3351,1.7886,0.1239,True,True,True,adequate_at_both,21
FacebookAI_roberta-large,encoder,pitch,pitch_R_04,They reviewed the pitch during the slide rehearsal.,They reviewed the pitch.,1,.,7.6548,0.5301,0.0192,0.183,1.7843,0.1236,True,True,True,adequate_at_both,21
FacebookAI_roberta-large,encoder,pitch,pitch_R_06,The pitch needed improvement after the client rejected the proposal.,The pitch needed improvement.,1,.,9.2638,0.6415,0.0341,0.3255,1.785,0.1236,True,True,True,adequate_at_both,21
FacebookAI_roberta-large,encoder,pitch,pitch_R_08,The pitch was ready once the final slide had been revised.,The pitch was ready.,1,.,-4.1481,-0.2872,-0.0134,-0.1282,1.7797,0.1232,False,False,True,inadequate_at_both,21
FacebookAI_roberta-large,encoder,pitch,pitch_R_10,They changed the pitch because the funding story was unclear.,They changed the pitch.,1,.,9.6654,0.6693,0.0286,0.2732,1.789,0.1239,True,True,True,adequate_at_both,21
FacebookAI_xlm-roberta-large,encoder,bank,bank_R_01,The bank was unstable after weeks of heavy rain.,The bank was unstable.,0,.,3.4981,0.3159,0.3118,0.7025,0.2974,0.0269,True,True,True,adequate_at_both,23
FacebookAI_xlm-roberta-large,encoder,bank,bank_R_03,They examined the bank during the flood inspection.,They examined the bank.,0,.,-0.2139,-0.0193,0.2617,0.5896,0.287,0.0259,False,True,True,inadequate_to_adequate,23
FacebookAI_xlm-roberta-large,encoder,bank,bank_R_05,The bank had changed once the river level dropped.,The bank had changed.,0,.,5.9456,0.5369,0.2442,0.5501,0.3004,0.0271,True,True,True,adequate_at_both,23
FacebookAI_xlm-roberta-large,encoder,bank,bank_R_07,The bank needed protection because erosion had accelerated.,The bank needed protection.,0,.,-0.5172,-0.0467,0.2519,0.5675,0.2878,0.026,False,True,True,inadequate_to_adequate,23
FacebookAI_xlm-roberta-large,encoder,bank,bank_R_09,The bank became difficult to access after the path along the water was closed.,The bank became difficult to access.,0,.,5.2524,0.4743,0.3292,0.7418,0.3035,0.0274,True,True,True,adequate_at_both,23
FacebookAI_xlm-roberta-large,encoder,bank,bank_R_02,The bank was unstable after weeks of market panic.,The bank was unstable.,1,.,1.18,0.1066,-0.309,-0.6963,-0.2927,-0.0264,True,False,False,adequate_to_inadequate,23
FacebookAI_xlm-roberta-large,encoder,bank,bank_R_04,They examined the bank during the regulatory review.,They examined the bank.,1,.,6.4987,0.5869,-0.2134,-0.4808,-0.286,-0.0258,True,False,False,adequate_to_inadequate,23
FacebookAI_xlm-roberta-large,encoder,bank,bank_R_06,The bank had changed once the merger was announced.,The bank had changed.,1,.,2.6386,0.2383,-0.2586,-0.5826,-0.2854,-0.0258,True,False,False,adequate_to_inadequate,23
FacebookAI_xlm-roberta-large,encoder,bank,bank_R_08,The bank needed protection because customer data had leaked.,The bank needed protection.,1,.,7.9471,0.7177,-0.0638,-0.1438,-0.2889,-0.0261,True,False,False,adequate_to_inadequate,23
FacebookAI_xlm-roberta-large,encoder,bank,bank_R_10,The bank became difficult to access after the online login system failed.,The bank became difficult to access.,1,.,7.5881,0.6853,-0.3147,-0.7091,-0.2933,-0.0265,True,False,False,adequate_to_inadequate,23
FacebookAI_xlm-roberta-large,encoder,bark,bark_R_01,The bark drew attention after the terrier heard footsteps outside.,The bark drew attention.,0,.,3.8785,0.5736,-0.458,-0.5368,-0.0452,-0.0067,True,False,False,adequate_to_inadequate,21
FacebookAI_xlm-roberta-large,encoder,bark,bark_R_03,They studied the bark during the animal-behaviour study.,They studied the bark.,0,.,-2.2373,-0.3309,-0.4422,-0.5183,-0.0413,-0.0061,False,False,False,inadequate_at_both,21
FacebookAI_xlm-roberta-large,encoder,bark,bark_R_05,The bark was unusual once the collar microphone was switched on.,The bark was unusual.,0,.,1.5885,0.2349,-0.4435,-0.5198,-0.0257,-0.0038,True,False,False,adequate_to_inadequate,21
FacebookAI_xlm-roberta-large,encoder,bark,bark_R_07,The bark changed noticeably after several nights in the animal shelter.,The bark changed noticeably.,0,.,-0.5074,-0.075,-0.5176,-0.6066,-0.0258,-0.0038,False,False,False,inadequate_at_both,21
FacebookAI_xlm-roberta-large,encoder,bark,bark_R_09,The bark became the focus because neighbours complained about noise.,The bark became the focus.,0,.,2.1507,0.3181,-0.4772,-0.5592,-0.0441,-0.0065,True,False,False,adequate_to_inadequate,21
FacebookAI_xlm-roberta-large,encoder,bark,bark_R_02,The bark drew attention after the forester marked the old pine.,The bark drew attention.,1,.,0.4364,0.0645,0.5598,0.656,0.0271,0.004,True,True,True,adequate_at_both,21
FacebookAI_xlm-roberta-large,encoder,bark,bark_R_04,They studied the bark during the woodland survey.,They studied the bark.,1,.,1.22,0.1804,0.3132,0.367,0.0259,0.0038,True,True,True,adequate_at_both,21
FacebookAI_xlm-roberta-large,encoder,bark,bark_R_06,The bark was unusual once the trunk sample was placed under the lens.,The bark was unusual.,1,.,3.9846,0.5893,0.4373,0.5126,0.0276,0.0041,True,True,True,adequate_at_both,21
FacebookAI_xlm-roberta-large,encoder,bark,bark_R_08,The bark changed noticeably after beetles spread through the orchard.,The bark changed noticeably.,1,.,4.3039,0.6365,0.5473,0.6415,0.0261,0.0039,True,True,True,adequate_at_both,21
FacebookAI_xlm-roberta-large,encoder,bark,bark_R_10,The bark became the focus because the conservation team mapped damage to the trees.,The bark became the focus.,1,.,3.8093,0.5633,0.3958,0.4639,0.0336,0.005,True,True,True,adequate_at_both,21
FacebookAI_xlm-roberta-large,encoder,bat,bat_R_01,They watched the bat during the final inning.,They watched the bat.,0,.,5.963,0.6082,0.5078,0.5964,0.0778,0.0079,True,True,True,adequate_at_both,21
FacebookAI_xlm-roberta-large,encoder,bat,bat_R_03,She checked the bat before the player stepped up to home plate.,She checked the bat.,0,.,7.382,0.7529,0.5956,0.6995,0.0895,0.0091,True,True,True,adequate_at_both,21
FacebookAI_xlm-roberta-large,encoder,bat,bat_R_05,He moved the bat carefully after the equipment bag fell open.,He moved the bat carefully.,0,.,3.9617,0.4041,0.5287,0.6209,0.0708,0.0072,True,True,True,adequate_at_both,21
FacebookAI_xlm-roberta-large,encoder,bat,bat_R_07,The bat was marked because the coach wanted to identify the team gear.,The bat was marked.,0,.,1.6288,0.1661,0.4031,0.4734,0.0661,0.0067,True,True,True,adequate_at_both,21
FacebookAI_xlm-roberta-large,encoder,bat,bat_R_09,The bat was kept aside after the umpire questioned the equipment.,The bat was kept aside.,0,.,3.4975,0.3567,0.5288,0.621,0.0649,0.0066,True,True,True,adequate_at_both,21
FacebookAI_xlm-roberta-large,encoder,bat,bat_R_02,They watched the bat during the cave survey.,They watched the bat.,1,.,4.0694,0.4151,-0.479,-0.5626,-0.0827,-0.0084,True,False,False,adequate_to_inadequate,21
FacebookAI_xlm-roberta-large,encoder,bat,bat_R_04,She checked the bat before the wildlife team released it outside.,She checked the bat.,1,.,-1.1579,-0.1181,-0.5806,-0.6818,-0.0726,-0.0074,False,False,False,inadequate_at_both,21
FacebookAI_xlm-roberta-large,encoder,bat,bat_R_06,He moved the bat carefully after the animal rescue box tipped over.,He moved the bat carefully.,1,.,-1.9191,-0.1957,0.2967,0.3485,0.233,0.0238,False,True,True,inadequate_to_adequate,21
FacebookAI_xlm-roberta-large,encoder,bat,bat_R_08,The bat was marked because the researchers wanted to track the colony.,The bat was marked.,1,.,3.2716,0.3337,-0.472,-0.5543,-0.097,-0.0099,True,False,False,adequate_to_inadequate,21
FacebookAI_xlm-roberta-large,encoder,bat,bat_R_10,The bat was kept aside after the veterinarian noticed signs of stress.,The bat was kept aside.,1,.,4.2775,0.4363,-0.4566,-0.5362,-0.0813,-0.0083,True,False,False,adequate_to_inadequate,21
FacebookAI_xlm-roberta-large,encoder,crane,crane_R_01,They watched the crane after the wetland thawed in spring.,They watched the crane.,0,.,0.0067,0.001,-4.8833,-0.93,2.3465,0.3366,True,False,True,adequate_to_inadequate,21
FacebookAI_xlm-roberta-large,encoder,crane,crane_R_03,The crane moved slowly when the flock gathered near the marsh.,The crane moved slowly.,0,.,-2.0826,-0.2988,-4.279,-0.8149,2.3235,0.3333,False,False,True,inadequate_at_both,21
FacebookAI_xlm-roberta-large,encoder,crane,crane_R_05,The crane was visible from far away during the bird survey at the reserve.,The crane was visible from far away.,0,.,3.4841,0.4998,-4.4216,-0.842,2.3252,0.3336,True,False,True,adequate_to_inadequate,21
FacebookAI_xlm-roberta-large,encoder,crane,crane_R_07,The crane was difficult to approach because the nesting area was protected.,The crane was difficult to approach.,0,.,1.8312,0.2627,-4.743,-0.9032,2.3367,0.3352,True,False,True,adequate_to_inadequate,21
FacebookAI_xlm-roberta-large,encoder,crane,crane_R_09,The crane became the focus as the migration route was mapped by ornithologists.,The crane became the focus.,0,.,3.7888,0.5435,-4.7912,-0.9124,2.3406,0.3358,True,False,True,adequate_to_inadequate,21
FacebookAI_xlm-roberta-large,encoder,crane,crane_R_02,They watched the crane after the steel beams arrived at the building site.,They watched the crane.,1,.,3.6716,0.5267,4.7623,0.9069,-2.3427,-0.3361,True,True,False,adequate_at_both,21
FacebookAI_xlm-roberta-large,encoder,crane,crane_R_04,The crane moved slowly when the load was secured above the street.,The crane moved slowly.,1,.,5.0512,0.7247,4.3265,0.8239,-2.3331,-0.3347,True,True,False,adequate_at_both,21
FacebookAI_xlm-roberta-large,encoder,crane,crane_R_06,The crane was visible from far away during the safety inspection at the building site.,The crane was visible from far away.,1,.,3.5954,0.5158,4.4367,0.8449,-2.327,-0.3338,True,True,False,adequate_at_both,21
FacebookAI_xlm-roberta-large,encoder,crane,crane_R_08,The crane was difficult to approach because the construction zone was restricted.,The crane was difficult to approach.,1,.,4.2528,0.6101,4.4065,0.8392,-2.3306,-0.3344,True,True,False,adequate_at_both,21
FacebookAI_xlm-roberta-large,encoder,crane,crane_R_10,The crane became the focus as the lifting plan was reviewed by engineers.,The crane became the focus.,1,.,3.8889,0.5579,-4.5558,-0.8676,-0.907,-0.1301,True,False,False,adequate_to_inadequate,21
FacebookAI_xlm-roberta-large,encoder,spring,spring_R_01,The spring was unusually dry after a winter with almost no snow.,The spring was unusually dry.,0,.,-1.1089,-0.1642,0.0128,0.1151,-0.3393,-0.0502,False,True,False,inadequate_to_adequate,13
FacebookAI_xlm-roberta-large,encoder,spring,spring_R_03,They monitored the spring during the climate study.,They monitored the spring.,0,.,-1.2669,-0.1876,-0.0088,-0.0794,-0.3383,-0.0501,False,False,False,inadequate_at_both,13
FacebookAI_xlm-roberta-large,encoder,spring,spring_R_05,The spring changed quickly once warm air moved in from the south.,The spring changed quickly.,0,.,0.1285,0.019,0.0242,0.2182,-0.3445,-0.051,True,True,False,adequate_at_both,13
FacebookAI_xlm-roberta-large,encoder,spring,spring_R_07,The spring became a concern because the crops were already under stress.,The spring became a concern.,0,.,-0.9065,-0.1342,-0.0256,-0.2305,-0.3435,-0.0509,False,False,False,inadequate_at_both,13
FacebookAI_xlm-roberta-large,encoder,spring,spring_R_09,The spring was hard to assess after several contradictory forecasts.,The spring was hard to assess.,0,.,-0.9766,-0.1446,-0.0049,-0.0441,-0.3419,-0.0506,False,False,False,inadequate_at_both,13
FacebookAI_xlm-roberta-large,encoder,spring,spring_R_02,The spring was unusually dry after the underground flow was diverted.,The spring was unusually dry.,1,.,2.052,0.3038,0.0304,0.2733,0.34,0.0503,True,True,True,adequate_at_both,13
FacebookAI_xlm-roberta-large,encoder,spring,spring_R_04,They monitored the spring during the groundwater study.,They monitored the spring.,1,.,2.2367,0.3312,0.023,0.2067,0.3388,0.0502,True,True,True,adequate_at_both,13
FacebookAI_xlm-roberta-large,encoder,spring,spring_R_06,The spring changed quickly once the hillside shifted after the storm.,The spring changed quickly.,1,.,0.5275,0.0781,0.023,0.2072,0.3445,0.051,True,True,True,adequate_at_both,13
FacebookAI_xlm-roberta-large,encoder,spring,spring_R_08,The spring became a concern because the village depended on its water.,The spring became a concern.,1,.,3.1881,0.4721,0.033,0.2972,0.3406,0.0504,True,True,True,adequate_at_both,13
FacebookAI_xlm-roberta-large,encoder,spring,spring_R_10,The spring was hard to assess after several contaminated samples.,The spring was hard to assess.,1,.,2.0153,0.2984,0.0131,0.1175,0.3432,0.0508,True,True,True,adequate_at_both,13
FacebookAI_xlm-roberta-large,encoder,match,match_R_01,The match was difficult to start because the referee was still missing.,The match was difficult to start.,0,.,4.8228,0.61,-0.0793,-0.0733,-0.4506,-0.057,True,False,False,adequate_to_inadequate,20
FacebookAI_xlm-roberta-large,encoder,match,match_R_03,The match ended quickly after one team scored repeatedly.,The match ended quickly.,0,.,4.4722,0.5656,-0.0858,-0.0793,-0.4536,-0.0574,True,False,False,adequate_to_inadequate,20
FacebookAI_xlm-roberta-large,encoder,match,match_R_05,They checked the match before the tournament schedule was printed.,They checked the match.,0,.,0.5308,0.0671,-0.1382,-0.1278,-0.4678,-0.0592,True,False,False,adequate_to_inadequate,20
FacebookAI_xlm-roberta-large,encoder,match,match_R_07,The match caused trouble because the teams disputed the result.,The match caused trouble.,0,.,4.6448,0.5875,-0.1287,-0.1191,-0.4665,-0.059,True,False,False,adequate_to_inadequate,20
FacebookAI_xlm-roberta-large,encoder,match,match_R_09,The match was watched closely during the championship broadcast.,The match was watched closely.,0,.,4.361,0.5516,-0.1407,-0.1301,-0.4702,-0.0595,True,False,False,adequate_to_inadequate,20
FacebookAI_xlm-roberta-large,encoder,match,match_R_02,The match was difficult to start because the wood was damp.,The match was difficult to start.,1,.,2.1217,0.2683,0.1178,0.109,0.4582,0.058,True,True,True,adequate_at_both,20
FacebookAI_xlm-roberta-large,encoder,match,match_R_04,The match ended quickly after the wind reached the candle.,The match ended quickly.,1,.,-2.9628,-0.3747,0.1301,0.1203,0.467,0.0591,False,True,True,inadequate_to_adequate,20
FacebookAI_xlm-roberta-large,encoder,match,match_R_06,They checked the match before lighting the emergency stove.,They checked the match.,1,.,4.4872,0.5675,-0.1187,-0.1098,-0.1919,-0.0243,True,False,False,adequate_to_inadequate,20
FacebookAI_xlm-roberta-large,encoder,match,match_R_08,The match caused trouble because the tent filled with smoke.,The match caused trouble.,1,.,0.7729,0.0978,0.1239,0.1146,0.4552,0.0576,True,True,True,adequate_at_both,20
FacebookAI_xlm-roberta-large,encoder,match,match_R_10,The match was watched closely during the combustion experiment.,The match was watched closely.,1,.,0.7512,0.095,0.1048,0.097,0.4519,0.0571,True,True,True,adequate_at_both,20
FacebookAI_xlm-roberta-large,encoder,pitch,pitch_R_01,They prepared the pitch before kickoff.,They prepared the pitch.,0,.,4.9624,0.5167,1.2087,0.7462,-0.0801,-0.0083,True,True,False,adequate_at_both,22
FacebookAI_xlm-roberta-large,encoder,pitch,pitch_R_03,They reviewed the pitch during the stadium inspection.,They reviewed the pitch.,0,.,3.6674,0.3819,1.2253,0.7564,-0.0864,-0.009,True,True,False,adequate_at_both,22
FacebookAI_xlm-roberta-large,encoder,pitch,pitch_R_05,The pitch needed improvement after rain damaged the turf.,The pitch needed improvement.,0,.,5.6762,0.5911,1.2519,0.7728,-0.0882,-0.0092,True,True,False,adequate_at_both,22
FacebookAI_xlm-roberta-large,encoder,pitch,pitch_R_07,The pitch was ready once the grounds crew finished marking the lines.,The pitch was ready.,0,.,4.79,0.4988,1.2871,0.7946,-0.0882,-0.0092,True,True,False,adequate_at_both,22
FacebookAI_xlm-roberta-large,encoder,pitch,pitch_R_09,They changed the pitch because the goal area was flooded.,They changed the pitch.,0,.,3.6888,0.3841,1.1962,0.7385,-0.087,-0.0091,True,True,False,adequate_at_both,22
FacebookAI_xlm-roberta-large,encoder,pitch,pitch_R_02,They prepared the pitch before meeting the investors.,They prepared the pitch.,1,.,6.3797,0.6643,-1.1944,-0.7374,0.0898,0.0094,True,False,True,adequate_to_inadequate,22
FacebookAI_xlm-roberta-large,encoder,pitch,pitch_R_04,They reviewed the pitch during the slide rehearsal.,They reviewed the pitch.,1,.,4.2883,0.4465,-1.0782,-0.6656,0.0923,0.0096,True,False,True,adequate_to_inadequate,22
FacebookAI_xlm-roberta-large,encoder,pitch,pitch_R_06,The pitch needed improvement after the client rejected the proposal.,The pitch needed improvement.,1,.,6.4549,0.6721,-1.0202,-0.6298,0.0926,0.0096,True,False,True,adequate_to_inadequate,22
FacebookAI_xlm-roberta-large,encoder,pitch,pitch_R_08,The pitch was ready once the final slide had been revised.,The pitch was ready.,1,.,2.3248,0.2421,-1.2684,-0.783,0.0891,0.0093,True,False,True,adequate_to_inadequate,22
FacebookAI_xlm-roberta-large,encoder,pitch,pitch_R_10,They changed the pitch because the funding story was unclear.,They changed the pitch.,1,.,6.5478,0.6818,-1.2594,-0.7775,0.0864,0.009,True,False,True,adequate_to_inadequate,22
Qwen_Qwen2.5-3B,decoder,bank,bank_R_01,The bank was unstable after weeks of heavy rain.,The bank was unstable.,0,.,-11.799,-0.5917,1.2109,0.2068,-3.3108,-0.166,False,True,False,inadequate_to_adequate,7
Qwen_Qwen2.5-3B,decoder,bank,bank_R_03,They examined the bank during the flood inspection.,They examined the bank.,0,.,-4.0114,-0.2012,-1.4952,-0.2554,-3.701,-0.1856,False,False,False,inadequate_at_both,7
Qwen_Qwen2.5-3B,decoder,bank,bank_R_05,The bank had changed once the river level dropped.,The bank had changed.,0,.,-11.799,-0.5917,0.5074,0.0867,-3.5047,-0.1758,False,True,False,inadequate_to_adequate,7
Qwen_Qwen2.5-3B,decoder,bank,bank_R_07,The bank needed protection because erosion had accelerated.,The bank needed protection.,0,.,-11.799,-0.5917,0.2827,0.0483,-3.3212,-0.1666,False,True,False,inadequate_to_adequate,7
Qwen_Qwen2.5-3B,decoder,bank,bank_R_09,The bank became difficult to access after the path along the water was closed.,The bank became difficult to access.,0,.,-11.799,-0.5917,0.7823,0.1336,-3.5251,-0.1768,False,True,False,inadequate_to_adequate,7
Qwen_Qwen2.5-3B,decoder,bank,bank_R_02,The bank was unstable after weeks of market panic.,The bank was unstable.,1,.,11.799,0.5917,-0.6346,-0.1084,3.2961,0.1653,True,False,True,adequate_to_inadequate,7
Qwen_Qwen2.5-3B,decoder,bank,bank_R_04,They examined the bank during the regulatory review.,They examined the bank.,1,.,4.0114,0.2012,1.1989,0.2048,3.633,0.1822,True,True,True,adequate_at_both,7
Qwen_Qwen2.5-3B,decoder,bank,bank_R_06,The bank had changed once the merger was announced.,The bank had changed.,1,.,11.799,0.5917,0.57,0.0973,3.6484,0.183,True,True,True,adequate_at_both,7
Qwen_Qwen2.5-3B,decoder,bank,bank_R_08,The bank needed protection because customer data had leaked.,The bank needed protection.,1,.,11.8158,0.5926,0.2088,0.0357,3.4714,0.1741,True,True,True,adequate_at_both,7
Qwen_Qwen2.5-3B,decoder,bank,bank_R_10,The bank became difficult to access after the online login system failed.,The bank became difficult to access.,1,.,11.8158,0.5926,0.048,0.0082,3.6287,0.182,True,True,True,adequate_at_both,7
Qwen_Qwen2.5-3B,decoder,bark,bark_R_01,The bark drew attention after the terrier heard footsteps outside.,The bark drew attention.,0,.,-30.4836,-0.691,2.3137,0.1956,10.84,0.2457,False,True,True,inadequate_to_adequate,14
Qwen_Qwen2.5-3B,decoder,bark,bark_R_03,They studied the bark during the animal-behaviour study.,They studied the bark.,0,.,-22.7989,-0.5168,0.7811,0.066,10.188,0.2309,False,True,True,inadequate_to_adequate,14
Qwen_Qwen2.5-3B,decoder,bark,bark_R_05,The bark was unusual once the collar microphone was switched on.,The bark was unusual.,0,.,-30.4836,-0.691,1.3378,0.1131,10.6187,0.2407,False,True,True,inadequate_to_adequate,14
Qwen_Qwen2.5-3B,decoder,bark,bark_R_07,The bark changed noticeably after several nights in the animal shelter.,The bark changed noticeably.,0,.,-30.4836,-0.691,0.2888,0.0244,10.4768,0.2375,False,True,True,inadequate_to_adequate,14
Qwen_Qwen2.5-3B,decoder,bark,bark_R_09,The bark became the focus because neighbours complained about noise.,The bark became the focus.,0,.,-30.4836,-0.691,0.9067,0.0767,10.1492,0.2301,False,True,True,inadequate_to_adequate,14
Qwen_Qwen2.5-3B,decoder,bark,bark_R_02,The bark drew attention after the forester marked the old pine.,The bark drew attention.,1,.,30.4836,0.691,1.1206,0.0947,-9.8135,-0.2224,True,True,False,adequate_at_both,14
Qwen_Qwen2.5-3B,decoder,bark,bark_R_04,They studied the bark during the woodland survey.,They studied the bark.,1,.,22.8447,0.5178,2.4063,0.2034,-9.9899,-0.2264,True,True,False,adequate_at_both,14
Qwen_Qwen2.5-3B,decoder,bark,bark_R_06,The bark was unusual once the trunk sample was placed under the lens.,The bark was unusual.,1,.,30.4836,0.691,3.6082,0.305,-8.982,-0.2036,True,True,False,adequate_at_both,14
Qwen_Qwen2.5-3B,decoder,bark,bark_R_08,The bark changed noticeably after beetles spread through the orchard.,The bark changed noticeably.,1,.,30.4199,0.6895,3.5299,0.2984,-9.2658,-0.21,True,True,False,adequate_at_both,14
Qwen_Qwen2.5-3B,decoder,bark,bark_R_10,The bark became the focus because the conservation team mapped damage to the trees.,The bark became the focus.,1,.,30.4199,0.6895,3.3528,0.2835,-9.4075,-0.2132,True,True,False,adequate_at_both,14
Qwen_Qwen2.5-3B,decoder,bat,bat_R_01,They watched the bat during the final inning.,They watched the bat.,0,.,-15.6716,-0.1516,21.7974,0.3465,-7.1596,-0.0693,False,True,False,inadequate_to_adequate,32
Qwen_Qwen2.5-3B,decoder,bat,bat_R_03,She checked the bat before the player stepped up to home plate.,She checked the bat.,0,.,21.922,0.2121,33.2795,0.529,-4.2385,-0.041,True,True,False,adequate_at_both,32
Qwen_Qwen2.5-3B,decoder,bat,bat_R_05,He moved the bat carefully after the equipment bag fell open.,He moved the bat carefully.,0,.,39.6933,0.384,31.2813,0.4972,-6.4277,-0.0622,True,True,False,adequate_at_both,32
Qwen_Qwen2.5-3B,decoder,bat,bat_R_07,The bat was marked because the coach wanted to identify the team gear.,The bat was marked.,0,.,-44.1533,-0.4271,21.9256,0.3485,-2.1251,-0.0206,False,True,False,inadequate_to_adequate,32
Qwen_Qwen2.5-3B,decoder,bat,bat_R_09,The bat was kept aside after the umpire questioned the equipment.,The bat was kept aside.,0,.,-44.1533,-0.4271,29.7418,0.4727,-2.069,-0.02,False,True,False,inadequate_to_adequate,32
Qwen_Qwen2.5-3B,decoder,bat,bat_R_02,They watched the bat during the cave survey.,They watched the bat.,1,.,15.6716,0.1516,5.9314,0.0943,15.9252,0.1541,True,True,True,adequate_at_both,32
Qwen_Qwen2.5-3B,decoder,bat,bat_R_04,She checked the bat before the wildlife team released it outside.,She checked the bat.,1,.,-21.922,-0.2121,-6.5278,-0.1038,11.4257,0.1105,False,False,True,inadequate_at_both,32
Qwen_Qwen2.5-3B,decoder,bat,bat_R_06,He moved the bat carefully after the animal rescue box tipped over.,He moved the bat carefully.,1,.,-39.6933,-0.384,-20.4523,-0.3251,8.9656,0.0867,False,False,True,inadequate_at_both,32
Qwen_Qwen2.5-3B,decoder,bat,bat_R_08,The bat was marked because the researchers wanted to track the colony.,The bat was marked.,1,.,44.4583,0.4301,29.9082,0.4754,16.6686,0.1612,True,True,True,adequate_at_both,32
Qwen_Qwen2.5-3B,decoder,bat,bat_R_10,The bat was kept aside after the veterinarian noticed signs of stress.,The bat was kept aside.,1,.,44.4583,0.4301,-8.3638,-0.1329,7.3434,0.071,True,False,True,adequate_to_inadequate,32
Qwen_Qwen2.5-3B,decoder,crane,crane_R_01,They watched the crane after the wetland thawed in spring.,They watched the crane.,0,.,11.7924,0.1287,12.1288,0.207,29.7655,0.3249,True,True,True,adequate_at_both,32
Qwen_Qwen2.5-3B,decoder,crane,crane_R_03,The crane moved slowly when the flock gathered near the marsh.,The crane moved slowly.,0,.,-63.3074,-0.6911,4.9622,0.0847,30.7926,0.3361,False,True,True,inadequate_to_adequate,32
Qwen_Qwen2.5-3B,decoder,crane,crane_R_05,The crane was visible from far away during the bird survey at the reserve.,The crane was visible from far away.,0,.,-63.3074,-0.6911,21.1856,0.3616,27.2786,0.2978,False,True,True,inadequate_to_adequate,32
Qwen_Qwen2.5-3B,decoder,crane,crane_R_07,The crane was difficult to approach because the nesting area was protected.,The crane was difficult to approach.,0,.,-63.3074,-0.6911,-19.1914,-0.3276,27.3293,0.2983,False,False,True,inadequate_at_both,32
Qwen_Qwen2.5-3B,decoder,crane,crane_R_09,The crane became the focus as the migration route was mapped by ornithologists.,The crane became the focus.,0,.,-63.3074,-0.6911,19.3123,0.3297,29.8015,0.3253,False,True,True,inadequate_to_adequate,32
Qwen_Qwen2.5-3B,decoder,crane,crane_R_02,They watched the crane after the steel beams arrived at the building site.,They watched the crane.,1,.,-11.7924,-0.1287,19.8154,0.3383,-24.1203,-0.2633,False,True,False,inadequate_to_adequate,32
Qwen_Qwen2.5-3B,decoder,crane,crane_R_04,The crane moved slowly when the load was secured above the street.,The crane moved slowly.,1,.,63.3074,0.6911,24.4984,0.4182,-22.4758,-0.2454,True,True,False,adequate_at_both,32
Qwen_Qwen2.5-3B,decoder,crane,crane_R_06,The crane was visible from far away during the safety inspection at the building site.,The crane was visible from far away.,1,.,63.3074,0.6911,29.6896,0.5068,-21.7467,-0.2374,True,True,False,adequate_at_both,32
Qwen_Qwen2.5-3B,decoder,crane,crane_R_08,The crane was difficult to approach because the construction zone was restricted.,The crane was difficult to approach.,1,.,63.6926,0.6953,27.6983,0.4728,-23.0768,-0.2519,True,True,False,adequate_at_both,32
Qwen_Qwen2.5-3B,decoder,crane,crane_R_10,The crane became the focus as the lifting plan was reviewed by engineers.,The crane became the focus.,1,.,63.6926,0.6953,27.7149,0.4731,-22.4905,-0.2455,True,True,False,adequate_at_both,32
Qwen_Qwen2.5-3B,decoder,spring,spring_R_01,The spring was unusually dry after a winter with almost no snow.,The spring was unusually dry.,0,.,-67.5569,-0.6485,-4.7251,-0.1045,34.7673,0.3337,False,False,True,inadequate_at_both,32
Qwen_Qwen2.5-3B,decoder,spring,spring_R_03,They monitored the spring during the climate study.,They monitored the spring.,0,.,-50.8853,-0.4884,-12.7206,-0.2813,37.6993,0.3619,False,False,True,inadequate_at_both,32
Qwen_Qwen2.5-3B,decoder,spring,spring_R_05,The spring changed quickly once warm air moved in from the south.,The spring changed quickly.,0,.,-67.5569,-0.6485,-1.014,-0.0224,40.888,0.3925,False,False,True,inadequate_at_both,32
Qwen_Qwen2.5-3B,decoder,spring,spring_R_07,The spring became a concern because the crops were already under stress.,The spring became a concern.,0,.,-67.5569,-0.6485,-13.5314,-0.2992,37.1027,0.3561,False,False,True,inadequate_at_both,32
Qwen_Qwen2.5-3B,decoder,spring,spring_R_09,The spring was hard to assess after several contradictory forecasts.,The spring was hard to assess.,0,.,-67.5569,-0.6485,-1.4015,-0.031,36.4353,0.3497,False,False,True,inadequate_at_both,32
Qwen_Qwen2.5-3B,decoder,spring,spring_R_02,The spring was unusually dry after the underground flow was diverted.,The spring was unusually dry.,1,.,67.5569,0.6485,17.9316,0.3965,-36.4084,-0.3495,True,True,False,adequate_at_both,32
Qwen_Qwen2.5-3B,decoder,spring,spring_R_04,They monitored the spring during the groundwater study.,They monitored the spring.,1,.,50.8853,0.4884,13.2564,0.2931,-36.0085,-0.3456,True,True,False,adequate_at_both,32
Qwen_Qwen2.5-3B,decoder,spring,spring_R_06,The spring changed quickly once the hillside shifted after the storm.,The spring changed quickly.,1,.,67.5569,0.6485,10.1454,0.2243,-38.9774,-0.3741,True,True,False,adequate_at_both,32
Qwen_Qwen2.5-3B,decoder,spring,spring_R_08,The spring became a concern because the village depended on its water.,The spring became a concern.,1,.,67.8164,0.6509,19.7016,0.4356,-35.8872,-0.3445,True,True,False,adequate_at_both,32
Qwen_Qwen2.5-3B,decoder,spring,spring_R_10,The spring was hard to assess after several contaminated samples.,The spring was hard to assess.,1,.,67.8164,0.6509,13.0988,0.2896,-35.0078,-0.336,True,True,False,adequate_at_both,32
Qwen_Qwen2.5-3B,decoder,match,match_R_01,The match was difficult to start because the referee was still missing.,The match was difficult to start.,0,.,16.9318,0.3709,1.719,0.1325,7.4365,0.1629,True,True,True,adequate_at_both,15
Qwen_Qwen2.5-3B,decoder,match,match_R_03,The match ended quickly after one team scored repeatedly.,The match ended quickly.,0,.,16.9318,0.3709,4.3064,0.332,8.8765,0.1944,True,True,True,adequate_at_both,15
Qwen_Qwen2.5-3B,decoder,match,match_R_05,They checked the match before the tournament schedule was printed.,They checked the match.,0,.,8.4351,0.1848,0.8422,0.0649,6.5465,0.1434,True,True,True,adequate_at_both,15
Qwen_Qwen2.5-3B,decoder,match,match_R_07,The match caused trouble because the teams disputed the result.,The match caused trouble.,0,.,16.9318,0.3709,3.9732,0.3063,7.8145,0.1712,True,True,True,adequate_at_both,15
Qwen_Qwen2.5-3B,decoder,match,match_R_09,The match was watched closely during the championship broadcast.,The match was watched closely.,0,.,16.9318,0.3709,4.7394,0.3654,10.5659,0.2314,True,True,True,adequate_at_both,15
Qwen_Qwen2.5-3B,decoder,match,match_R_02,The match was difficult to start because the wood was damp.,The match was difficult to start.,1,.,-16.9318,-0.3709,1.4152,0.1091,-6.0373,-0.1322,False,True,False,inadequate_to_adequate,15
Qwen_Qwen2.5-3B,decoder,match,match_R_04,The match ended quickly after the wind reached the candle.,The match ended quickly.,1,.,-16.9318,-0.3709,4.1102,0.3169,-2.5089,-0.055,False,True,False,inadequate_to_adequate,15
Qwen_Qwen2.5-3B,decoder,match,match_R_06,They checked the match before lighting the emergency stove.,They checked the match.,1,.,-8.4351,-0.1848,3.4656,0.2672,-4.645,-0.1017,False,True,False,inadequate_to_adequate,15
Qwen_Qwen2.5-3B,decoder,match,match_R_08,The match caused trouble because the tent filled with smoke.,The match caused trouble.,1,.,-16.8774,-0.3697,1.4793,0.114,-6.142,-0.1345,False,True,False,inadequate_to_adequate,15
Qwen_Qwen2.5-3B,decoder,match,match_R_10,The match was watched closely during the combustion experiment.,The match was watched closely.,1,.,-16.8774,-0.3697,-1.1509,-0.0887,-7.7555,-0.1699,False,False,False,inadequate_at_both,15
Qwen_Qwen2.5-3B,decoder,pitch,pitch_R_01,They prepared the pitch before kickoff.,They prepared the pitch.,0,.,-4.1882,-0.1175,4.3253,0.2815,4.2455,0.1191,False,True,True,inadequate_to_adequate,15
Qwen_Qwen2.5-3B,decoder,pitch,pitch_R_03,They reviewed the pitch during the stadium inspection.,They reviewed the pitch.,0,.,-9.8465,-0.2763,3.232,0.2104,3.323,0.0932,False,True,True,inadequate_to_adequate,15
Qwen_Qwen2.5-3B,decoder,pitch,pitch_R_05,The pitch needed improvement after rain damaged the turf.,The pitch needed improvement.,0,.,-24.5841,-0.6899,6.6196,0.4308,5.7195,0.1605,False,True,True,inadequate_to_adequate,15
Qwen_Qwen2.5-3B,decoder,pitch,pitch_R_07,The pitch was ready once the grounds crew finished marking the lines.,The pitch was ready.,0,.,-24.5841,-0.6899,2.8582,0.186,6.8764,0.193,False,True,True,inadequate_to_adequate,15
Qwen_Qwen2.5-3B,decoder,pitch,pitch_R_09,They changed the pitch because the goal area was flooded.,They changed the pitch.,0,.,-8.2659,-0.2319,6.7638,0.4402,4.8285,0.1355,False,True,True,inadequate_to_adequate,15
Qwen_Qwen2.5-3B,decoder,pitch,pitch_R_02,They prepared the pitch before meeting the investors.,They prepared the pitch.,1,.,4.1882,0.1175,-0.9398,-0.0612,-2.8734,-0.0806,True,False,False,adequate_to_inadequate,15
Qwen_Qwen2.5-3B,decoder,pitch,pitch_R_04,They reviewed the pitch during the slide rehearsal.,They reviewed the pitch.,1,.,9.8465,0.2763,-1.3137,-0.0855,-2.4038,-0.0675,True,False,False,adequate_to_inadequate,15
Qwen_Qwen2.5-3B,decoder,pitch,pitch_R_06,The pitch needed improvement after the client rejected the proposal.,The pitch needed improvement.,1,.,24.5841,0.6899,2.158,0.1405,-2.4699,-0.0693,True,True,False,adequate_at_both,15
Qwen_Qwen2.5-3B,decoder,pitch,pitch_R_08,The pitch was ready once the final slide had been revised.,The pitch was ready.,1,.,24.6335,0.6912,0.2249,0.0146,-3.5932,-0.1008,True,True,False,adequate_at_both,15
Qwen_Qwen2.5-3B,decoder,pitch,pitch_R_10,They changed the pitch because the funding story was unclear.,They changed the pitch.,1,.,8.198,0.23,6.1286,0.3989,-2.7849,-0.0781,True,True,False,adequate_at_both,15
Qwen_Qwen2.5-7B,decoder,bank,bank_R_01,The bank was unstable after weeks of heavy rain.,The bank was unstable.,0,.,-57.6624,-0.4835,2.1309,0.0172,20.0813,0.1684,False,True,True,inadequate_to_adequate,28
Qwen_Qwen2.5-7B,decoder,bank,bank_R_03,They examined the bank during the flood inspection.,They examined the bank.,0,.,-14.8982,-0.1249,3.3238,0.0268,19.9153,0.167,False,True,True,inadequate_to_adequate,28
Qwen_Qwen2.5-7B,decoder,bank,bank_R_05,The bank had changed once the river level dropped.,The bank had changed.,0,.,-57.6624,-0.4835,48.6437,0.3924,29.5082,0.2474,False,True,True,inadequate_to_adequate,28
Qwen_Qwen2.5-7B,decoder,bank,bank_R_07,The bank needed protection because erosion had accelerated.,The bank needed protection.,0,.,-57.6624,-0.4835,27.5661,0.2224,23.0292,0.1931,False,True,True,inadequate_to_adequate,28
Qwen_Qwen2.5-7B,decoder,bank,bank_R_09,The bank became difficult to access after the path along the water was closed.,The bank became difficult to access.,0,.,-55.9905,-0.4695,14.5186,0.1171,22.8824,0.1919,False,True,True,inadequate_to_adequate,28
Qwen_Qwen2.5-7B,decoder,bank,bank_R_02,The bank was unstable after weeks of market panic.,The bank was unstable.,1,.,55.9905,0.4695,31.6455,0.2553,-8.4703,-0.071,True,True,False,adequate_at_both,28
Qwen_Qwen2.5-7B,decoder,bank,bank_R_04,They examined the bank during the regulatory review.,They examined the bank.,1,.,14.8251,0.1243,48.0901,0.3879,-19.2636,-0.1615,True,True,False,adequate_at_both,28
Qwen_Qwen2.5-7B,decoder,bank,bank_R_06,The bank had changed once the merger was announced.,The bank had changed.,1,.,55.9905,0.4695,8.476,0.0684,-12.3671,-0.1037,True,True,False,adequate_at_both,28
Qwen_Qwen2.5-7B,decoder,bank,bank_R_08,The bank needed protection because customer data had leaked.,The bank needed protection.,1,.,57.6624,0.4835,15.6649,0.1264,-5.9287,-0.0497,True,True,False,adequate_at_both,28
Qwen_Qwen2.5-7B,decoder,bank,bank_R_10,The bank became difficult to access after the online login system failed.,The bank became difficult to access.,1,.,57.6624,0.4835,31.6099,0.255,-10.343,-0.0867,True,True,False,adequate_at_both,28
Qwen_Qwen2.5-7B,decoder,bark,bark_R_01,The bark drew attention after the terrier heard footsteps outside.,The bark drew attention.,0,.,-41.9179,-0.3479,14.9636,0.167,16.9975,0.1411,False,True,True,inadequate_to_adequate,28
Qwen_Qwen2.5-7B,decoder,bark,bark_R_03,They studied the bark during the animal-behaviour study.,They studied the bark.,0,.,-29.2783,-0.243,-22.7503,-0.2539,8.8647,0.0736,False,False,True,inadequate_at_both,28
Qwen_Qwen2.5-7B,decoder,bark,bark_R_05,The bark was unusual once the collar microphone was switched on.,The bark was unusual.,0,.,-41.9179,-0.3479,-22.0522,-0.2461,17.0521,0.1415,False,False,True,inadequate_at_both,28
Qwen_Qwen2.5-7B,decoder,bark,bark_R_07,The bark changed noticeably after several nights in the animal shelter.,The bark changed noticeably.,0,.,-41.9179,-0.3479,-4.5848,-0.0512,11.0696,0.0919,False,False,True,inadequate_at_both,28
Qwen_Qwen2.5-7B,decoder,bark,bark_R_09,The bark became the focus because neighbours complained about noise.,The bark became the focus.,0,.,-43.2618,-0.3591,0.4142,0.0046,10.785,0.0895,False,True,True,inadequate_to_adequate,28
Qwen_Qwen2.5-7B,decoder,bark,bark_R_02,The bark drew attention after the forester marked the old pine.,The bark drew attention.,1,.,43.2618,0.3591,21.5227,0.2402,-11.7192,-0.0973,True,True,False,adequate_at_both,28
Qwen_Qwen2.5-7B,decoder,bark,bark_R_04,They studied the bark during the woodland survey.,They studied the bark.,1,.,29.7055,0.2466,26.8268,0.2994,-7.2834,-0.0605,True,True,False,adequate_at_both,28
Qwen_Qwen2.5-7B,decoder,bark,bark_R_06,The bark was unusual once the trunk sample was placed under the lens.,The bark was unusual.,1,.,43.2618,0.3591,53.0246,0.5919,2.6237,0.0218,True,True,True,adequate_at_both,28
Qwen_Qwen2.5-7B,decoder,bark,bark_R_08,The bark changed noticeably after beetles spread through the orchard.,The bark changed noticeably.,1,.,42.2929,0.351,34.1941,0.3817,-4.5517,-0.0378,True,True,False,adequate_at_both,28
Qwen_Qwen2.5-7B,decoder,bark,bark_R_10,The bark became the focus because the conservation team mapped damage to the trees.,The bark became the focus.,1,.,42.2929,0.351,43.199,0.4822,-2.0097,-0.0167,True,True,False,adequate_at_both,28
Qwen_Qwen2.5-7B,decoder,bat,bat_R_01,They watched the bat during the final inning.,They watched the bat.,0,.,-1.6432,-0.0109,37.0352,0.3739,-10.196,-0.0676,False,True,False,inadequate_to_adequate,28
Qwen_Qwen2.5-7B,decoder,bat,bat_R_03,She checked the bat before the player stepped up to home plate.,She checked the bat.,0,.,37.8191,0.2508,42.6288,0.4304,0.6248,0.0041,True,True,True,adequate_at_both,28
Qwen_Qwen2.5-7B,decoder,bat,bat_R_05,He moved the bat carefully after the equipment bag fell open.,He moved the bat carefully.,0,.,52.9972,0.3514,20.4849,0.2068,-6.7629,-0.0448,True,True,False,adequate_at_both,28
Qwen_Qwen2.5-7B,decoder,bat,bat_R_07,The bat was marked because the coach wanted to identify the team gear.,The bat was marked.,0,.,-70.8542,-0.4698,4.6249,0.0467,-8.6131,-0.0571,False,True,False,inadequate_to_adequate,28
Qwen_Qwen2.5-7B,decoder,bat,bat_R_09,The bat was kept aside after the umpire questioned the equipment.,The bat was kept aside.,0,.,-71.3338,-0.473,28.7501,0.2902,-13.2911,-0.0881,False,True,False,inadequate_to_adequate,28
Qwen_Qwen2.5-7B,decoder,bat,bat_R_02,They watched the bat during the cave survey.,They watched the bat.,1,.,1.8295,0.0121,10.2734,0.1037,17.0935,0.1133,True,True,True,adequate_at_both,28
Qwen_Qwen2.5-7B,decoder,bat,bat_R_04,She checked the bat before the wildlife team released it outside.,She checked the bat.,1,.,-37.2288,-0.2469,8.7143,0.088,19.8226,0.1314,False,True,True,inadequate_to_adequate,28
Qwen_Qwen2.5-7B,decoder,bat,bat_R_06,He moved the bat carefully after the animal rescue box tipped over.,He moved the bat carefully.,1,.,-52.641,-0.349,7.3379,0.0741,13.9899,0.0928,False,True,True,inadequate_to_adequate,28
Qwen_Qwen2.5-7B,decoder,bat,bat_R_08,The bat was marked because the researchers wanted to track the colony.,The bat was marked.,1,.,71.3338,0.473,37.0545,0.3741,21.958,0.1456,True,True,True,adequate_at_both,28
Qwen_Qwen2.5-7B,decoder,bat,bat_R_10,The bat was kept aside after the veterinarian noticed signs of stress.,The bat was kept aside.,1,.,71.3338,0.473,-12.2946,-0.1241,11.645,0.0772,True,False,True,adequate_to_inadequate,28
Qwen_Qwen2.5-7B,decoder,crane,crane_R_01,They watched the crane after the wetland thawed in spring.,They watched the crane.,0,.,8.6431,0.0774,20.5563,0.2162,48.0734,0.4305,True,True,True,adequate_at_both,28
Qwen_Qwen2.5-7B,decoder,crane,crane_R_03,The crane moved slowly when the flock gathered near the marsh.,The crane moved slowly.,0,.,-22.2617,-0.1993,26.3503,0.2772,45.7751,0.4099,False,True,True,inadequate_to_adequate,28
Qwen_Qwen2.5-7B,decoder,crane,crane_R_05,The crane was visible from far away during the bird survey at the reserve.,The crane was visible from far away.,0,.,-22.2617,-0.1993,25.0484,0.2635,46.4075,0.4156,False,True,True,inadequate_to_adequate,28
Qwen_Qwen2.5-7B,decoder,crane,crane_R_07,The crane was difficult to approach because the nesting area was protected.,The crane was difficult to approach.,0,.,-22.2617,-0.1993,5.6214,0.0591,40.5491,0.3631,False,True,True,inadequate_to_adequate,28
Qwen_Qwen2.5-7B,decoder,crane,crane_R_09,The crane became the focus as the migration route was mapped by ornithologists.,The crane became the focus.,0,.,-22.2617,-0.1993,34.4585,0.3625,47.9828,0.4297,False,True,True,inadequate_to_adequate,28
Qwen_Qwen2.5-7B,decoder,crane,crane_R_02,They watched the crane after the steel beams arrived at the building site.,They watched the crane.,1,.,-8.6431,-0.0774,40.3245,0.4242,-37.474,-0.3356,False,True,False,inadequate_to_adequate,28
Qwen_Qwen2.5-7B,decoder,crane,crane_R_04,The crane moved slowly when the load was secured above the street.,The crane moved slowly.,1,.,22.2617,0.1993,51.4911,0.5416,-39.3262,-0.3521,True,True,False,adequate_at_both,28
Qwen_Qwen2.5-7B,decoder,crane,crane_R_06,The crane was visible from far away during the safety inspection at the building site.,The crane was visible from far away.,1,.,22.2617,0.1993,42.4766,0.4468,-39.647,-0.355,True,True,False,adequate_at_both,28
Qwen_Qwen2.5-7B,decoder,crane,crane_R_08,The crane was difficult to approach because the construction zone was restricted.,The crane was difficult to approach.,1,.,21.2615,0.1904,19.3705,0.2038,-35.5753,-0.3186,True,True,False,adequate_at_both,28
Qwen_Qwen2.5-7B,decoder,crane,crane_R_10,The crane became the focus as the lifting plan was reviewed by engineers.,The crane became the focus.,1,.,21.2615,0.1904,36.2441,0.3813,-36.77,-0.3293,True,True,False,adequate_at_both,28
Qwen_Qwen2.5-7B,decoder,spring,spring_R_01,The spring was unusually dry after a winter with almost no snow.,The spring was unusually dry.,0,.,-7.0113,-0.6563,-0.9976,-0.3072,0.9189,0.086,False,False,True,inadequate_at_both,3
Qwen_Qwen2.5-7B,decoder,spring,spring_R_03,They monitored the spring during the climate study.,They monitored the spring.,0,.,-2.2251,-0.2083,-0.6426,-0.1979,0.8058,0.0754,False,False,True,inadequate_at_both,3
Qwen_Qwen2.5-7B,decoder,spring,spring_R_05,The spring changed quickly once warm air moved in from the south.,The spring changed quickly.,0,.,-7.0113,-0.6563,0.3144,0.0968,0.858,0.0803,False,True,True,inadequate_to_adequate,3
Qwen_Qwen2.5-7B,decoder,spring,spring_R_07,The spring became a concern because the crops were already under stress.,The spring became a concern.,0,.,-7.0113,-0.6563,-0.6572,-0.2024,0.8122,0.076,False,False,True,inadequate_at_both,3
Qwen_Qwen2.5-7B,decoder,spring,spring_R_09,The spring was hard to assess after several contradictory forecasts.,The spring was hard to assess.,0,.,-7.0113,-0.6563,-1.0363,-0.3191,0.921,0.0862,False,False,True,inadequate_at_both,3
Qwen_Qwen2.5-7B,decoder,spring,spring_R_02,The spring was unusually dry after the underground flow was diverted.,The spring was unusually dry.,1,.,7.0113,0.6563,1.3283,0.409,-0.8021,-0.0751,True,True,False,adequate_at_both,3
Qwen_Qwen2.5-7B,decoder,spring,spring_R_04,They monitored the spring during the groundwater study.,They monitored the spring.,1,.,2.2251,0.2083,0.928,0.2858,-0.7923,-0.0742,True,True,False,adequate_at_both,3
Qwen_Qwen2.5-7B,decoder,spring,spring_R_06,The spring changed quickly once the hillside shifted after the storm.,The spring changed quickly.,1,.,7.0113,0.6563,-0.1936,-0.0596,-0.8237,-0.0771,True,False,False,adequate_to_inadequate,3
Qwen_Qwen2.5-7B,decoder,spring,spring_R_08,The spring became a concern because the village depended on its water.,The spring became a concern.,1,.,7.0113,0.6563,0.4449,0.137,-0.7562,-0.0708,True,True,False,adequate_at_both,3
Qwen_Qwen2.5-7B,decoder,spring,spring_R_10,The spring was hard to assess after several contaminated samples.,The spring was hard to assess.,1,.,7.0113,0.6563,1.1142,0.3431,-0.9327,-0.0873,True,True,False,adequate_at_both,3
Qwen_Qwen2.5-7B,decoder,match,match_R_01,The match was difficult to start because the referee was still missing.,The match was difficult to start.,0,.,-11.4734,-0.1024,67.4521,0.5664,23.1105,0.2062,False,True,True,inadequate_to_adequate,28
Qwen_Qwen2.5-7B,decoder,match,match_R_03,The match ended quickly after one team scored repeatedly.,The match ended quickly.,0,.,-11.4734,-0.1024,21.8764,0.1837,11.0684,0.0988,False,True,True,inadequate_to_adequate,28
Qwen_Qwen2.5-7B,decoder,match,match_R_05,They checked the match before the tournament schedule was printed.,They checked the match.,0,.,-37.4199,-0.3339,6.7267,0.0565,15.6686,0.1398,False,True,True,inadequate_to_adequate,28
Qwen_Qwen2.5-7B,decoder,match,match_R_07,The match caused trouble because the teams disputed the result.,The match caused trouble.,0,.,-11.4734,-0.1024,58.1698,0.4885,21.8081,0.1946,False,True,True,inadequate_to_adequate,28
Qwen_Qwen2.5-7B,decoder,match,match_R_09,The match was watched closely during the championship broadcast.,The match was watched closely.,0,.,-11.4734,-0.1024,83.5923,0.7019,28.9066,0.2579,False,True,True,inadequate_to_adequate,28
Qwen_Qwen2.5-7B,decoder,match,match_R_02,The match was difficult to start because the wood was damp.,The match was difficult to start.,1,.,11.4734,0.1024,4.9322,0.0414,-12.4236,-0.1109,True,True,False,adequate_at_both,28
Qwen_Qwen2.5-7B,decoder,match,match_R_04,The match ended quickly after the wind reached the candle.,The match ended quickly.,1,.,11.4734,0.1024,12.6544,0.1063,-10.7512,-0.0959,True,True,False,adequate_at_both,28
Qwen_Qwen2.5-7B,decoder,match,match_R_06,They checked the match before lighting the emergency stove.,They checked the match.,1,.,37.4199,0.3339,60.7633,0.5102,-0.1187,-0.0011,True,True,False,adequate_at_both,28
Qwen_Qwen2.5-7B,decoder,match,match_R_08,The match caused trouble because the tent filled with smoke.,The match caused trouble.,1,.,11.4734,0.1024,14.9323,0.1254,-14.3151,-0.1277,True,True,False,adequate_at_both,28
Qwen_Qwen2.5-7B,decoder,match,match_R_10,The match was watched closely during the combustion experiment.,The match was watched closely.,1,.,11.4734,0.1024,9.9641,0.0837,-10.1307,-0.0904,True,True,False,adequate_at_both,28
Qwen_Qwen2.5-7B,decoder,pitch,pitch_R_01,They prepared the pitch before kickoff.,They prepared the pitch.,0,.,-2.4533,-0.0176,53.6605,0.5044,23.4,0.1683,False,True,True,inadequate_to_adequate,28
Qwen_Qwen2.5-7B,decoder,pitch,pitch_R_03,They reviewed the pitch during the stadium inspection.,They reviewed the pitch.,0,.,-28.084,-0.202,32.3884,0.3044,22.5586,0.1622,False,True,True,inadequate_to_adequate,28
Qwen_Qwen2.5-7B,decoder,pitch,pitch_R_05,The pitch needed improvement after rain damaged the turf.,The pitch needed improvement.,0,.,-98.3381,-0.7072,27.8587,0.2618,18.2372,0.1312,False,True,True,inadequate_to_adequate,28
Qwen_Qwen2.5-7B,decoder,pitch,pitch_R_07,The pitch was ready once the grounds crew finished marking the lines.,The pitch was ready.,0,.,-98.3381,-0.7072,25.1495,0.2364,13.3904,0.0963,False,True,True,inadequate_to_adequate,28
Qwen_Qwen2.5-7B,decoder,pitch,pitch_R_09,They changed the pitch because the goal area was flooded.,They changed the pitch.,0,.,5.0965,0.0367,21.8559,0.2054,22.6896,0.1632,True,True,True,adequate_at_both,28
Qwen_Qwen2.5-7B,decoder,pitch,pitch_R_02,They prepared the pitch before meeting the investors.,They prepared the pitch.,1,.,2.4533,0.0176,42.0087,0.3948,-15.7123,-0.113,True,True,False,adequate_at_both,28
Qwen_Qwen2.5-7B,decoder,pitch,pitch_R_04,They reviewed the pitch during the slide rehearsal.,They reviewed the pitch.,1,.,28.084,0.202,42.6079,0.4005,-13.7679,-0.099,True,True,False,adequate_at_both,28
Qwen_Qwen2.5-7B,decoder,pitch,pitch_R_06,The pitch needed improvement after the client rejected the proposal.,The pitch needed improvement.,1,.,98.3381,0.7072,45.3936,0.4267,-10.7685,-0.0774,True,True,False,adequate_at_both,28
Qwen_Qwen2.5-7B,decoder,pitch,pitch_R_08,The pitch was ready once the final slide had been revised.,The pitch was ready.,1,.,98.3381,0.7072,17.5849,0.1653,-14.8422,-0.1067,True,True,False,adequate_at_both,28
Qwen_Qwen2.5-7B,decoder,pitch,pitch_R_10,They changed the pitch because the funding story was unclear.,They changed the pitch.,1,.,-5.0965,-0.0367,43.9526,0.4131,-14.9788,-0.1077,False,True,False,inadequate_to_adequate,28
mistralai_Mistral-Nemo-Base-2407,decoder,bank,bank_R_01,The bank was unstable after weeks of heavy rain.,The bank was unstable.,0,.,-1.4136,-0.4958,-5.6413,-0.955,-0.2828,-0.0992,False,False,False,inadequate_at_both,4
mistralai_Mistral-Nemo-Base-2407,decoder,bank,bank_R_03,They examined the bank during the flood inspection.,They examined the bank.,0,.,-0.3504,-0.1229,5.6935,0.9638,-0.283,-0.0992,False,True,False,inadequate_to_adequate,4
mistralai_Mistral-Nemo-Base-2407,decoder,bank,bank_R_05,The bank had changed once the river level dropped.,The bank had changed.,0,.,-1.4136,-0.4958,5.7141,0.9673,-0.2827,-0.0992,False,True,False,inadequate_to_adequate,4
mistralai_Mistral-Nemo-Base-2407,decoder,bank,bank_R_07,The bank needed protection because erosion had accelerated.,The bank needed protection.,0,.,-1.4136,-0.4958,-5.6559,-0.9574,-0.2831,-0.0993,False,False,False,inadequate_at_both,4
mistralai_Mistral-Nemo-Base-2407,decoder,bank,bank_R_09,The bank became difficult to access after the path along the water was closed.,The bank became difficult to access.,0,.,-1.4136,-0.4958,-5.6839,-0.9622,-0.2825,-0.0991,False,False,False,inadequate_at_both,4
mistralai_Mistral-Nemo-Base-2407,decoder,bank,bank_R_02,The bank was unstable after weeks of market panic.,The bank was unstable.,1,.,1.4136,0.4958,-5.7012,-0.9651,0.283,0.0992,True,False,True,adequate_to_inadequate,4
mistralai_Mistral-Nemo-Base-2407,decoder,bank,bank_R_04,They examined the bank during the regulatory review.,They examined the bank.,1,.,0.3504,0.1229,-5.6468,-0.9559,0.2837,0.0995,True,False,True,adequate_to_inadequate,4
mistralai_Mistral-Nemo-Base-2407,decoder,bank,bank_R_06,The bank had changed once the merger was announced.,The bank had changed.,1,.,1.4136,0.4958,-5.5628,-0.9417,0.2828,0.0992,True,False,True,adequate_to_inadequate,4
mistralai_Mistral-Nemo-Base-2407,decoder,bank,bank_R_08,The bank needed protection because customer data had leaked.,The bank needed protection.,1,.,1.4097,0.4944,-4.4538,-0.7539,0.2836,0.0995,True,False,True,adequate_to_inadequate,4
mistralai_Mistral-Nemo-Base-2407,decoder,bank,bank_R_10,The bank became difficult to access after the online login system failed.,The bank became difficult to access.,1,.,1.4097,0.4944,-5.686,-0.9625,0.2833,0.0994,True,False,True,adequate_to_inadequate,4
mistralai_Mistral-Nemo-Base-2407,decoder,bark,bark_R_01,The bark drew attention after the terrier heard footsteps outside.,The bark drew attention.,0,.,-3.2179,-0.4648,42.9627,0.9935,-0.2029,-0.0293,False,True,False,inadequate_to_adequate,7
mistralai_Mistral-Nemo-Base-2407,decoder,bark,bark_R_03,They studied the bark during the animal-behaviour study.,They studied the bark.,0,.,-3.6665,-0.5296,43.1196,0.9972,-0.2034,-0.0294,False,True,False,inadequate_to_adequate,7
mistralai_Mistral-Nemo-Base-2407,decoder,bark,bark_R_05,The bark was unusual once the collar microphone was switched on.,The bark was unusual.,0,.,-3.2179,-0.4648,42.9502,0.9932,-0.2029,-0.0293,False,True,False,inadequate_to_adequate,7
mistralai_Mistral-Nemo-Base-2407,decoder,bark,bark_R_07,The bark changed noticeably after several nights in the animal shelter.,The bark changed noticeably.,0,.,-3.2179,-0.4648,-42.9,-0.9921,-0.2026,-0.0293,False,False,False,inadequate_at_both,7
mistralai_Mistral-Nemo-Base-2407,decoder,bark,bark_R_09,The bark became the focus because neighbours complained about noise.,The bark became the focus.,0,.,-3.2179,-0.4648,35.3865,0.8183,-0.2031,-0.0293,False,True,False,inadequate_to_adequate,7
mistralai_Mistral-Nemo-Base-2407,decoder,bark,bark_R_02,The bark drew attention after the forester marked the old pine.,The bark drew attention.,1,.,3.2179,0.4648,42.9083,0.9923,0.2034,0.0294,True,True,True,adequate_at_both,7
mistralai_Mistral-Nemo-Base-2407,decoder,bark,bark_R_04,They studied the bark during the woodland survey.,They studied the bark.,1,.,3.6665,0.5296,-43.1736,-0.9984,0.2035,0.0294,True,False,True,adequate_to_inadequate,7
mistralai_Mistral-Nemo-Base-2407,decoder,bark,bark_R_06,The bark was unusual once the trunk sample was placed under the lens.,The bark was unusual.,1,.,3.2179,0.4648,-43.1893,-0.9988,0.2032,0.0294,True,False,True,adequate_to_inadequate,7
mistralai_Mistral-Nemo-Base-2407,decoder,bark,bark_R_08,The bark changed noticeably after beetles spread through the orchard.,The bark changed noticeably.,1,.,3.2065,0.4632,43.0587,0.9957,0.2031,0.0293,True,True,True,adequate_at_both,7
mistralai_Mistral-Nemo-Base-2407,decoder,bark,bark_R_10,The bark became the focus because the conservation team mapped damage to the trees.,The bark became the focus.,1,.,3.2065,0.4632,-38.7876,-0.897,0.2029,0.0293,True,False,True,adequate_to_inadequate,7
mistralai_Mistral-Nemo-Base-2407,decoder,bat,bat_R_01,They watched the bat during the final inning.,They watched the bat.,0,.,-0.4282,-0.0556,-7.2309,-0.9841,-0.467,-0.0606,False,False,False,inadequate_at_both,7
mistralai_Mistral-Nemo-Base-2407,decoder,bat,bat_R_03,She checked the bat before the player stepped up to home plate.,She checked the bat.,0,.,0.0896,0.0116,-3.0627,-0.4168,-0.4662,-0.0605,True,False,False,adequate_to_inadequate,7
mistralai_Mistral-Nemo-Base-2407,decoder,bat,bat_R_05,He moved the bat carefully after the equipment bag fell open.,He moved the bat carefully.,0,.,4.4423,0.5766,-3.0381,-0.4135,-0.4666,-0.0606,True,False,False,adequate_to_inadequate,7
mistralai_Mistral-Nemo-Base-2407,decoder,bat,bat_R_07,The bat was marked because the coach wanted to identify the team gear.,The bat was marked.,0,.,-2.9607,-0.3843,-7.1648,-0.9751,-0.4662,-0.0605,False,False,False,inadequate_at_both,7
mistralai_Mistral-Nemo-Base-2407,decoder,bat,bat_R_09,The bat was kept aside after the umpire questioned the equipment.,The bat was kept aside.,0,.,-2.9607,-0.3843,-7.2231,-0.983,-0.4667,-0.0606,False,False,False,inadequate_at_both,7
mistralai_Mistral-Nemo-Base-2407,decoder,bat,bat_R_02,They watched the bat during the cave survey.,They watched the bat.,1,.,0.4282,0.0556,7.2411,0.9855,0.4672,0.0606,True,True,True,adequate_at_both,7
mistralai_Mistral-Nemo-Base-2407,decoder,bat,bat_R_04,She checked the bat before the wildlife team released it outside.,She checked the bat.,1,.,-0.0896,-0.0116,7.1606,0.9745,0.4656,0.0604,False,True,True,inadequate_to_adequate,7
mistralai_Mistral-Nemo-Base-2407,decoder,bat,bat_R_06,He moved the bat carefully after the animal rescue box tipped over.,He moved the bat carefully.,1,.,-4.4423,-0.5766,5.6994,0.7757,0.4657,0.0604,False,True,True,inadequate_to_adequate,7
mistralai_Mistral-Nemo-Base-2407,decoder,bat,bat_R_08,The bat was marked because the researchers wanted to track the colony.,The bat was marked.,1,.,3.0228,0.3923,7.2395,0.9853,0.4668,0.0606,True,True,True,adequate_at_both,7
mistralai_Mistral-Nemo-Base-2407,decoder,bat,bat_R_10,The bat was kept aside after the veterinarian noticed signs of stress.,The bat was kept aside.,1,.,3.0228,0.3923,7.1755,0.9766,0.4661,0.0605,True,True,True,adequate_at_both,7
mistralai_Mistral-Nemo-Base-2407,decoder,crane,crane_R_01,They watched the crane after the wetland thawed in spring.,They watched the crane.,0,.,-0.4281,-0.0944,0.0019,0.001,-0.583,-0.1286,False,True,False,inadequate_to_adequate,7
mistralai_Mistral-Nemo-Base-2407,decoder,crane,crane_R_03,The crane moved slowly when the flock gathered near the marsh.,The crane moved slowly.,0,.,-2.0018,-0.4415,0.0727,0.0382,-0.5819,-0.1283,False,True,False,inadequate_to_adequate,7
mistralai_Mistral-Nemo-Base-2407,decoder,crane,crane_R_05,The crane was visible from far away during the bird survey at the reserve.,The crane was visible from far away.,0,.,-2.0018,-0.4415,0.2057,0.1081,-0.5808,-0.1281,False,True,False,inadequate_to_adequate,7
mistralai_Mistral-Nemo-Base-2407,decoder,crane,crane_R_07,The crane was difficult to approach because the nesting area was protected.,The crane was difficult to approach.,0,.,-2.0018,-0.4415,0.1672,0.0878,-0.5811,-0.1282,False,True,False,inadequate_to_adequate,7
mistralai_Mistral-Nemo-Base-2407,decoder,crane,crane_R_09,The crane became the focus as the migration route was mapped by ornithologists.,The crane became the focus.,0,.,-2.0213,-0.4458,0.3281,0.1723,-0.5808,-0.1281,False,True,False,inadequate_to_adequate,7
mistralai_Mistral-Nemo-Base-2407,decoder,crane,crane_R_02,They watched the crane after the steel beams arrived at the building site.,They watched the crane.,1,.,0.4153,0.0916,-0.1609,-0.0845,0.5818,0.1283,True,False,True,adequate_to_inadequate,7
mistralai_Mistral-Nemo-Base-2407,decoder,crane,crane_R_04,The crane moved slowly when the load was secured above the street.,The crane moved slowly.,1,.,2.0213,0.4458,0.0891,0.0468,0.5825,0.1285,True,True,True,adequate_at_both,7
mistralai_Mistral-Nemo-Base-2407,decoder,crane,crane_R_06,The crane was visible from far away during the safety inspection at the building site.,The crane was visible from far away.,1,.,2.0213,0.4458,-0.2767,-0.1453,0.5817,0.1283,True,False,True,adequate_to_inadequate,7
mistralai_Mistral-Nemo-Base-2407,decoder,crane,crane_R_08,The crane was difficult to approach because the construction zone was restricted.,The crane was difficult to approach.,1,.,2.0271,0.4471,0.0013,0.0007,0.5818,0.1283,True,True,True,adequate_at_both,7
mistralai_Mistral-Nemo-Base-2407,decoder,crane,crane_R_10,The crane became the focus as the lifting plan was reviewed by engineers.,The crane became the focus.,1,.,2.0271,0.4471,-0.183,-0.0961,0.5817,0.1283,True,False,True,adequate_to_inadequate,7
mistralai_Mistral-Nemo-Base-2407,decoder,spring,spring_R_01,The spring was unusually dry after a winter with almost no snow.,The spring was unusually dry.,0,.,-2.0781,-0.4599,-16.0722,-0.9952,-0.2286,-0.0506,False,False,False,inadequate_at_both,6
mistralai_Mistral-Nemo-Base-2407,decoder,spring,spring_R_03,They monitored the spring during the climate study.,They monitored the spring.,0,.,-1.9427,-0.4299,16.0688,0.995,-0.2301,-0.0509,False,True,False,inadequate_to_adequate,6
mistralai_Mistral-Nemo-Base-2407,decoder,spring,spring_R_05,The spring changed quickly once warm air moved in from the south.,The spring changed quickly.,0,.,-2.0781,-0.4599,-11.7515,-0.7277,-0.2283,-0.0505,False,False,False,inadequate_at_both,6
mistralai_Mistral-Nemo-Base-2407,decoder,spring,spring_R_07,The spring became a concern because the crops were already under stress.,The spring became a concern.,0,.,-2.0781,-0.4599,-16.0674,-0.9949,-0.2295,-0.0508,False,False,False,inadequate_at_both,6
mistralai_Mistral-Nemo-Base-2407,decoder,spring,spring_R_09,The spring was hard to assess after several contradictory forecasts.,The spring was hard to assess.,0,.,-2.0781,-0.4599,4.0311,0.2496,-0.2289,-0.0507,False,True,False,inadequate_to_adequate,6
mistralai_Mistral-Nemo-Base-2407,decoder,spring,spring_R_02,The spring was unusually dry after the underground flow was diverted.,The spring was unusually dry.,1,.,2.0781,0.4599,16.0358,0.993,0.2297,0.0508,True,True,True,adequate_at_both,6
mistralai_Mistral-Nemo-Base-2407,decoder,spring,spring_R_04,They monitored the spring during the groundwater study.,They monitored the spring.,1,.,1.9427,0.4299,-16.0309,-0.9927,0.2297,0.0508,True,False,True,adequate_to_inadequate,6
mistralai_Mistral-Nemo-Base-2407,decoder,spring,spring_R_06,The spring changed quickly once the hillside shifted after the storm.,The spring changed quickly.,1,.,2.0781,0.4599,16.0313,0.9927,0.2283,0.0505,True,True,True,adequate_at_both,6
mistralai_Mistral-Nemo-Base-2407,decoder,spring,spring_R_08,The spring became a concern because the village depended on its water.,The spring became a concern.,1,.,2.0762,0.4595,16.0744,0.9954,0.2297,0.0508,True,True,True,adequate_at_both,6
mistralai_Mistral-Nemo-Base-2407,decoder,spring,spring_R_10,The spring was hard to assess after several contaminated samples.,The spring was hard to assess.,1,.,2.0762,0.4595,16.0626,0.9946,0.2291,0.0507,True,True,True,adequate_at_both,6
mistralai_Mistral-Nemo-Base-2407,decoder,match,match_R_01,The match was difficult to start because the referee was still missing.,The match was difficult to start.,0,.,2.6029,0.3778,19.6028,0.8457,1.1449,0.1662,True,True,True,adequate_at_both,7
mistralai_Mistral-Nemo-Base-2407,decoder,match,match_R_03,The match ended quickly after one team scored repeatedly.,The match ended quickly.,0,.,2.6029,0.3778,23.1371,0.9982,1.1486,0.1667,True,True,True,adequate_at_both,7
mistralai_Mistral-Nemo-Base-2407,decoder,match,match_R_05,They checked the match before the tournament schedule was printed.,They checked the match.,0,.,1.772,0.2572,23.0945,0.9963,1.1469,0.1665,True,True,True,adequate_at_both,7
mistralai_Mistral-Nemo-Base-2407,decoder,match,match_R_07,The match caused trouble because the teams disputed the result.,The match caused trouble.,0,.,2.6029,0.3778,23.1387,0.9982,1.1486,0.1667,True,True,True,adequate_at_both,7
mistralai_Mistral-Nemo-Base-2407,decoder,match,match_R_09,The match was watched closely during the championship broadcast.,The match was watched closely.,0,.,2.6029,0.3778,23.0919,0.9962,1.1456,0.1663,True,True,True,adequate_at_both,7
mistralai_Mistral-Nemo-Base-2407,decoder,match,match_R_02,The match was difficult to start because the wood was damp.,The match was difficult to start.,1,.,-2.6029,-0.3778,23.0282,0.9935,-1.1478,-0.1666,False,True,False,inadequate_to_adequate,7
mistralai_Mistral-Nemo-Base-2407,decoder,match,match_R_04,The match ended quickly after the wind reached the candle.,The match ended quickly.,1,.,-2.6029,-0.3778,-23.0,-0.9923,-1.1455,-0.1663,False,False,False,inadequate_at_both,7
mistralai_Mistral-Nemo-Base-2407,decoder,match,match_R_06,They checked the match before lighting the emergency stove.,They checked the match.,1,.,-1.772,-0.2572,-22.6738,-0.9782,-1.1433,-0.1659,False,False,False,inadequate_at_both,7
mistralai_Mistral-Nemo-Base-2407,decoder,match,match_R_08,The match caused trouble because the tent filled with smoke.,The match caused trouble.,1,.,-2.5858,-0.3753,-23.1099,-0.997,-1.1462,-0.1664,False,False,False,inadequate_at_both,7
mistralai_Mistral-Nemo-Base-2407,decoder,match,match_R_10,The match was watched closely during the combustion experiment.,The match was watched closely.,1,.,-2.5858,-0.3753,-23.0295,-0.9935,-1.1458,-0.1663,False,False,False,inadequate_at_both,7
mistralai_Mistral-Nemo-Base-2407,decoder,pitch,pitch_R_01,They prepared the pitch before kickoff.,They prepared the pitch.,0,.,3.17,0.1548,-15.3877,-0.9741,2.7513,0.1343,True,False,True,adequate_to_inadequate,21
mistralai_Mistral-Nemo-Base-2407,decoder,pitch,pitch_R_03,They reviewed the pitch during the stadium inspection.,They reviewed the pitch.,0,.,-7.8789,-0.3847,-15.5194,-0.9824,2.7504,0.1343,False,False,True,inadequate_at_both,21
mistralai_Mistral-Nemo-Base-2407,decoder,pitch,pitch_R_05,The pitch needed improvement after rain damaged the turf.,The pitch needed improvement.,0,.,-13.8054,-0.6741,-15.5694,-0.9856,2.7487,0.1342,False,False,True,inadequate_at_both,21
mistralai_Mistral-Nemo-Base-2407,decoder,pitch,pitch_R_07,The pitch was ready once the grounds crew finished marking the lines.,The pitch was ready.,0,.,-13.8054,-0.6741,-15.706,-0.9942,2.7579,0.1347,False,False,True,inadequate_at_both,21
mistralai_Mistral-Nemo-Base-2407,decoder,pitch,pitch_R_09,They changed the pitch because the goal area was flooded.,They changed the pitch.,0,.,-0.4877,-0.0238,-15.5622,-0.9851,2.7528,0.1344,False,False,True,inadequate_at_both,21
mistralai_Mistral-Nemo-Base-2407,decoder,pitch,pitch_R_02,They prepared the pitch before meeting the investors.,They prepared the pitch.,1,.,-3.17,-0.1548,15.5769,0.986,-2.7458,-0.1341,False,True,False,inadequate_to_adequate,21
mistralai_Mistral-Nemo-Base-2407,decoder,pitch,pitch_R_04,They reviewed the pitch during the slide rehearsal.,They reviewed the pitch.,1,.,7.8789,0.3847,10.8962,0.6897,-2.7621,-0.1349,True,True,False,adequate_at_both,21
mistralai_Mistral-Nemo-Base-2407,decoder,pitch,pitch_R_06,The pitch needed improvement after the client rejected the proposal.,The pitch needed improvement.,1,.,13.8054,0.6741,15.722,0.9952,-2.7555,-0.1345,True,True,False,adequate_at_both,21
mistralai_Mistral-Nemo-Base-2407,decoder,pitch,pitch_R_08,The pitch was ready once the final slide had been revised.,The pitch was ready.,1,.,13.8236,0.675,14.0203,0.8875,-2.7543,-0.1345,True,True,False,adequate_at_both,21
mistralai_Mistral-Nemo-Base-2407,decoder,pitch,pitch_R_10,They changed the pitch because the funding story was unclear.,They changed the pitch.,1,.,0.4397,0.0215,15.7286,0.9956,-2.7579,-0.1347,True,True,False,adequate_at_both,21
allenai_OLMo-2-1124-7B,decoder,bank,bank_R_01,The bank was unstable after weeks of heavy rain.,The bank was unstable.,0,.,-2.2394,-0.4712,0.1753,0.0822,-0.1089,-0.0229,False,True,False,inadequate_to_adequate,6
allenai_OLMo-2-1124-7B,decoder,bank,bank_R_03,They examined the bank during the flood inspection.,They examined the bank.,0,.,-0.7664,-0.1613,-0.2295,-0.1076,-0.1777,-0.0374,False,False,False,inadequate_at_both,6
allenai_OLMo-2-1124-7B,decoder,bank,bank_R_05,The bank had changed once the river level dropped.,The bank had changed.,0,.,-2.2394,-0.4712,0.2636,0.1236,0.07,0.0147,False,True,True,inadequate_to_adequate,6
allenai_OLMo-2-1124-7B,decoder,bank,bank_R_07,The bank needed protection because erosion had accelerated.,The bank needed protection.,0,.,-2.2394,-0.4712,0.2317,0.1086,-0.0302,-0.0064,False,True,False,inadequate_to_adequate,6
allenai_OLMo-2-1124-7B,decoder,bank,bank_R_09,The bank became difficult to access after the path along the water was closed.,The bank became difficult to access.,0,.,-2.2398,-0.4713,0.3767,0.1766,0.0467,0.0098,False,True,True,inadequate_to_adequate,6
allenai_OLMo-2-1124-7B,decoder,bank,bank_R_02,The bank was unstable after weeks of market panic.,The bank was unstable.,1,.,2.2398,0.4713,-0.1212,-0.0568,0.2025,0.0426,True,False,True,adequate_to_inadequate,6
allenai_OLMo-2-1124-7B,decoder,bank,bank_R_04,They examined the bank during the regulatory review.,They examined the bank.,1,.,0.7707,0.1622,0.2487,0.1166,0.1301,0.0274,True,True,True,adequate_at_both,6
allenai_OLMo-2-1124-7B,decoder,bank,bank_R_06,The bank had changed once the merger was announced.,The bank had changed.,1,.,2.2398,0.4713,0.0215,0.0101,0.0713,0.015,True,True,True,adequate_at_both,6
allenai_OLMo-2-1124-7B,decoder,bank,bank_R_08,The bank needed protection because customer data had leaked.,The bank needed protection.,1,.,2.2394,0.4712,0.1229,0.0576,0.1473,0.031,True,True,True,adequate_at_both,6
allenai_OLMo-2-1124-7B,decoder,bank,bank_R_10,The bank became difficult to access after the online login system failed.,The bank became difficult to access.,1,.,2.2394,0.4712,0.1687,0.0791,0.2077,0.0437,True,True,True,adequate_at_both,6
allenai_OLMo-2-1124-7B,decoder,bark,bark_R_01,The bark drew attention after the terrier heard footsteps outside.,The bark drew attention.,0,.,-3.179,-0.4832,0.8689,0.3493,1.0351,0.1573,False,True,True,inadequate_to_adequate,8
allenai_OLMo-2-1124-7B,decoder,bark,bark_R_03,They studied the bark during the animal-behaviour study.,They studied the bark.,0,.,-2.7039,-0.411,-0.1138,-0.0457,0.6326,0.0962,False,False,True,inadequate_at_both,8
allenai_OLMo-2-1124-7B,decoder,bark,bark_R_05,The bark was unusual once the collar microphone was switched on.,The bark was unusual.,0,.,-3.179,-0.4832,0.0221,0.0089,0.6872,0.1045,False,True,True,inadequate_to_adequate,8
allenai_OLMo-2-1124-7B,decoder,bark,bark_R_07,The bark changed noticeably after several nights in the animal shelter.,The bark changed noticeably.,0,.,-3.179,-0.4832,0.0419,0.0169,0.6832,0.1039,False,True,True,inadequate_to_adequate,8
allenai_OLMo-2-1124-7B,decoder,bark,bark_R_09,The bark became the focus because neighbours complained about noise.,The bark became the focus.,0,.,-3.1707,-0.482,0.2028,0.0815,0.7161,0.1089,False,True,True,inadequate_to_adequate,8
allenai_OLMo-2-1124-7B,decoder,bark,bark_R_02,The bark drew attention after the forester marked the old pine.,The bark drew attention.,1,.,3.1707,0.482,0.0878,0.0353,-0.6352,-0.0965,True,True,False,adequate_at_both,8
allenai_OLMo-2-1124-7B,decoder,bark,bark_R_04,They studied the bark during the woodland survey.,They studied the bark.,1,.,2.6942,0.4095,0.3022,0.1215,-0.5693,-0.0865,True,True,False,adequate_at_both,8
allenai_OLMo-2-1124-7B,decoder,bark,bark_R_06,The bark was unusual once the trunk sample was placed under the lens.,The bark was unusual.,1,.,3.1707,0.482,0.1671,0.0672,-0.5313,-0.0808,True,True,False,adequate_at_both,8
allenai_OLMo-2-1124-7B,decoder,bark,bark_R_08,The bark changed noticeably after beetles spread through the orchard.,The bark changed noticeably.,1,.,3.179,0.4832,0.1532,0.0616,-0.5341,-0.0812,True,True,False,adequate_at_both,8
allenai_OLMo-2-1124-7B,decoder,bark,bark_R_10,The bark became the focus because the conservation team mapped damage to the trees.,The bark became the focus.,1,.,3.179,0.4832,0.2748,0.1104,-0.5853,-0.089,True,True,False,adequate_at_both,8
allenai_OLMo-2-1124-7B,decoder,bat,bat_R_01,They watched the bat during the final inning.,They watched the bat.,0,.,-2.2941,-0.3232,0.3612,0.1456,0.453,0.0638,False,True,True,inadequate_to_adequate,8
allenai_OLMo-2-1124-7B,decoder,bat,bat_R_03,She checked the bat before the player stepped up to home plate.,She checked the bat.,0,.,1.0287,0.1449,0.844,0.3403,0.7937,0.1118,True,True,True,adequate_at_both,8
allenai_OLMo-2-1124-7B,decoder,bat,bat_R_05,He moved the bat carefully after the equipment bag fell open.,He moved the bat carefully.,0,.,3.4588,0.4872,0.3764,0.1518,0.7323,0.1032,True,True,True,adequate_at_both,8
allenai_OLMo-2-1124-7B,decoder,bat,bat_R_07,The bat was marked because the coach wanted to identify the team gear.,The bat was marked.,0,.,-3.856,-0.5432,0.1853,0.0747,0.4705,0.0663,False,True,True,inadequate_to_adequate,8
allenai_OLMo-2-1124-7B,decoder,bat,bat_R_09,The bat was kept aside after the umpire questioned the equipment.,The bat was kept aside.,0,.,-3.856,-0.5432,0.3651,0.1472,0.6955,0.098,False,True,True,inadequate_to_adequate,8
allenai_OLMo-2-1124-7B,decoder,bat,bat_R_02,They watched the bat during the cave survey.,They watched the bat.,1,.,2.2941,0.3232,0.3277,0.1321,-0.3195,-0.045,True,True,False,adequate_at_both,8
allenai_OLMo-2-1124-7B,decoder,bat,bat_R_04,She checked the bat before the wildlife team released it outside.,She checked the bat.,1,.,-1.0287,-0.1449,-0.1459,-0.0588,-0.5059,-0.0713,False,False,False,inadequate_at_both,8
allenai_OLMo-2-1124-7B,decoder,bat,bat_R_06,He moved the bat carefully after the animal rescue box tipped over.,He moved the bat carefully.,1,.,-3.4588,-0.4872,-0.3026,-0.122,-0.6297,-0.0887,False,False,False,inadequate_at_both,8
allenai_OLMo-2-1124-7B,decoder,bat,bat_R_08,The bat was marked because the researchers wanted to track the colony.,The bat was marked.,1,.,3.8538,0.5429,0.4192,0.169,-0.394,-0.0555,True,True,False,adequate_at_both,8
allenai_OLMo-2-1124-7B,decoder,bat,bat_R_10,The bat was kept aside after the veterinarian noticed signs of stress.,The bat was kept aside.,1,.,3.8538,0.5429,0.3261,0.1315,-0.2821,-0.0397,True,True,False,adequate_at_both,8
allenai_OLMo-2-1124-7B,decoder,crane,crane_R_01,They watched the crane after the wetland thawed in spring.,They watched the crane.,0,.,0.8461,0.1902,0.5134,0.2392,1.4743,0.3315,True,True,True,adequate_at_both,7
allenai_OLMo-2-1124-7B,decoder,crane,crane_R_03,The crane moved slowly when the flock gathered near the marsh.,The crane moved slowly.,0,.,-0.8292,-0.1864,0.5274,0.2457,1.4206,0.3194,False,True,True,inadequate_to_adequate,7
allenai_OLMo-2-1124-7B,decoder,crane,crane_R_05,The crane was visible from far away during the bird survey at the reserve.,The crane was visible from far away.,0,.,-0.8292,-0.1864,0.6298,0.2934,1.4824,0.3333,False,True,True,inadequate_to_adequate,7
allenai_OLMo-2-1124-7B,decoder,crane,crane_R_07,The crane was difficult to approach because the nesting area was protected.,The crane was difficult to approach.,0,.,-0.8292,-0.1864,0.1799,0.0838,1.4646,0.3293,False,True,True,inadequate_to_adequate,7
allenai_OLMo-2-1124-7B,decoder,crane,crane_R_09,The crane became the focus as the migration route was mapped by ornithologists.,The crane became the focus.,0,.,-0.8292,-0.1864,0.166,0.0774,1.4118,0.3174,False,True,True,inadequate_to_adequate,7
allenai_OLMo-2-1124-7B,decoder,crane,crane_R_02,They watched the crane after the steel beams arrived at the building site.,They watched the crane.,1,.,-0.8461,-0.1902,0.1621,0.0755,-1.2669,-0.2849,False,True,False,inadequate_to_adequate,7
allenai_OLMo-2-1124-7B,decoder,crane,crane_R_04,The crane moved slowly when the load was secured above the street.,The crane moved slowly.,1,.,0.8292,0.1864,0.5251,0.2446,-1.1218,-0.2522,True,True,False,adequate_at_both,7
allenai_OLMo-2-1124-7B,decoder,crane,crane_R_06,The crane was visible from far away during the safety inspection at the building site.,The crane was visible from far away.,1,.,0.8292,0.1864,0.0563,0.0262,-1.2507,-0.2812,True,True,False,adequate_at_both,7
allenai_OLMo-2-1124-7B,decoder,crane,crane_R_08,The crane was difficult to approach because the construction zone was restricted.,The crane was difficult to approach.,1,.,0.839,0.1887,0.2465,0.1148,-1.2419,-0.2792,True,True,False,adequate_at_both,7
allenai_OLMo-2-1124-7B,decoder,crane,crane_R_10,The crane became the focus as the lifting plan was reviewed by engineers.,The crane became the focus.,1,.,0.839,0.1887,0.4876,0.2271,-1.1933,-0.2683,True,True,False,adequate_at_both,7
allenai_OLMo-2-1124-7B,decoder,spring,spring_R_01,The spring was unusually dry after a winter with almost no snow.,The spring was unusually dry.,0,.,-3.9794,-0.6584,-0.126,-0.0612,1.6436,0.2719,False,False,True,inadequate_at_both,7
allenai_OLMo-2-1124-7B,decoder,spring,spring_R_03,They monitored the spring during the climate study.,They monitored the spring.,0,.,-2.046,-0.3385,-0.4216,-0.2048,1.4249,0.2357,False,False,True,inadequate_at_both,7
allenai_OLMo-2-1124-7B,decoder,spring,spring_R_05,The spring changed quickly once warm air moved in from the south.,The spring changed quickly.,0,.,-3.9794,-0.6584,0.2047,0.0994,1.775,0.2937,False,True,True,inadequate_to_adequate,7
allenai_OLMo-2-1124-7B,decoder,spring,spring_R_07,The spring became a concern because the crops were already under stress.,The spring became a concern.,0,.,-3.9794,-0.6584,-0.2973,-0.1444,1.5911,0.2632,False,False,True,inadequate_at_both,7
allenai_OLMo-2-1124-7B,decoder,spring,spring_R_09,The spring was hard to assess after several contradictory forecasts.,The spring was hard to assess.,0,.,-3.9794,-0.6584,-0.4013,-0.1949,1.4895,0.2464,False,False,True,inadequate_at_both,7
allenai_OLMo-2-1124-7B,decoder,spring,spring_R_02,The spring was unusually dry after the underground flow was diverted.,The spring was unusually dry.,1,.,3.9794,0.6584,0.8474,0.4116,-1.3108,-0.2169,True,True,False,adequate_at_both,7
allenai_OLMo-2-1124-7B,decoder,spring,spring_R_04,They monitored the spring during the groundwater study.,They monitored the spring.,1,.,2.046,0.3385,0.5401,0.2623,-1.3996,-0.2315,True,True,False,adequate_at_both,7
allenai_OLMo-2-1124-7B,decoder,spring,spring_R_06,The spring changed quickly once the hillside shifted after the storm.,The spring changed quickly.,1,.,3.9794,0.6584,0.351,0.1705,-1.3849,-0.2291,True,True,False,adequate_at_both,7
allenai_OLMo-2-1124-7B,decoder,spring,spring_R_08,The spring became a concern because the village depended on its water.,The spring became a concern.,1,.,3.9776,0.6581,0.5822,0.2828,-1.3189,-0.2182,True,True,False,adequate_at_both,7
allenai_OLMo-2-1124-7B,decoder,spring,spring_R_10,The spring was hard to assess after several contaminated samples.,The spring was hard to assess.,1,.,3.9776,0.6581,0.5995,0.2912,-1.4733,-0.2438,True,True,False,adequate_at_both,7
allenai_OLMo-2-1124-7B,decoder,match,match_R_01,The match was difficult to start because the referee was still missing.,The match was difficult to start.,0,.,3.6276,0.2211,4.7054,0.3249,4.0187,0.2449,True,True,True,adequate_at_both,22
allenai_OLMo-2-1124-7B,decoder,match,match_R_03,The match ended quickly after one team scored repeatedly.,The match ended quickly.,0,.,3.6276,0.2211,3.8438,0.2654,3.1129,0.1897,True,True,True,adequate_at_both,22
allenai_OLMo-2-1124-7B,decoder,match,match_R_05,They checked the match before the tournament schedule was printed.,They checked the match.,0,.,-1.9352,-0.1179,0.5621,0.0388,2.9391,0.1791,False,True,True,inadequate_to_adequate,22
allenai_OLMo-2-1124-7B,decoder,match,match_R_07,The match caused trouble because the teams disputed the result.,The match caused trouble.,0,.,3.6276,0.2211,6.8582,0.4735,4.2444,0.2587,True,True,True,adequate_at_both,22
allenai_OLMo-2-1124-7B,decoder,match,match_R_09,The match was watched closely during the championship broadcast.,The match was watched closely.,0,.,3.6748,0.2239,7.4902,0.5171,4.5673,0.2783,True,True,True,adequate_at_both,22
allenai_OLMo-2-1124-7B,decoder,match,match_R_02,The match was difficult to start because the wood was damp.,The match was difficult to start.,1,.,-3.6748,-0.2239,2.8066,0.1938,-0.7097,-0.0432,False,True,False,inadequate_to_adequate,22
allenai_OLMo-2-1124-7B,decoder,match,match_R_04,The match ended quickly after the wind reached the candle.,The match ended quickly.,1,.,-3.6748,-0.2239,3.9557,0.2731,-0.4073,-0.0248,False,True,False,inadequate_to_adequate,22
allenai_OLMo-2-1124-7B,decoder,match,match_R_06,They checked the match before lighting the emergency stove.,They checked the match.,1,.,1.9348,0.1179,6.4466,0.4451,0.0469,0.0029,True,True,True,adequate_at_both,22
allenai_OLMo-2-1124-7B,decoder,match,match_R_08,The match caused trouble because the tent filled with smoke.,The match caused trouble.,1,.,-3.6748,-0.2239,-0.5524,-0.0381,-2.2125,-0.1348,False,False,False,inadequate_at_both,22
allenai_OLMo-2-1124-7B,decoder,match,match_R_10,The match was watched closely during the combustion experiment.,The match was watched closely.,1,.,-3.6748,-0.2239,-0.1249,-0.0086,-1.7308,-0.1055,False,False,False,inadequate_at_both,22
allenai_OLMo-2-1124-7B,decoder,pitch,pitch_R_01,They prepared the pitch before kickoff.,They prepared the pitch.,0,.,-1.3398,-0.2175,1.0055,0.2355,0.7442,0.1208,False,True,True,inadequate_to_adequate,11
allenai_OLMo-2-1124-7B,decoder,pitch,pitch_R_03,They reviewed the pitch during the stadium inspection.,They reviewed the pitch.,0,.,-2.3637,-0.3837,0.1204,0.0282,0.5781,0.0938,False,True,True,inadequate_to_adequate,11
allenai_OLMo-2-1124-7B,decoder,pitch,pitch_R_05,The pitch needed improvement after rain damaged the turf.,The pitch needed improvement.,0,.,-3.7771,-0.6131,0.9654,0.2261,1.0611,0.1722,False,True,True,inadequate_to_adequate,11
allenai_OLMo-2-1124-7B,decoder,pitch,pitch_R_07,The pitch was ready once the grounds crew finished marking the lines.,The pitch was ready.,0,.,-3.7771,-0.6131,0.6769,0.1585,0.9705,0.1575,False,True,True,inadequate_to_adequate,11
allenai_OLMo-2-1124-7B,decoder,pitch,pitch_R_09,They changed the pitch because the goal area was flooded.,They changed the pitch.,0,.,-1.6189,-0.2628,0.2782,0.0652,0.9173,0.1489,False,True,True,inadequate_to_adequate,11
allenai_OLMo-2-1124-7B,decoder,pitch,pitch_R_02,They prepared the pitch before meeting the investors.,They prepared the pitch.,1,.,1.3638,0.2214,0.7817,0.1831,-0.3462,-0.0562,True,True,False,adequate_at_both,11
allenai_OLMo-2-1124-7B,decoder,pitch,pitch_R_04,They reviewed the pitch during the slide rehearsal.,They reviewed the pitch.,1,.,2.3614,0.3833,0.1183,0.0277,-0.4596,-0.0746,True,True,False,adequate_at_both,11
allenai_OLMo-2-1124-7B,decoder,pitch,pitch_R_06,The pitch needed improvement after the client rejected the proposal.,The pitch needed improvement.,1,.,3.7798,0.6136,0.6181,0.1448,-0.2496,-0.0405,True,True,False,adequate_at_both,11
allenai_OLMo-2-1124-7B,decoder,pitch,pitch_R_08,The pitch was ready once the final slide had been revised.,The pitch was ready.,1,.,3.7798,0.6136,0.394,0.0923,-0.3428,-0.0556,True,True,False,adequate_at_both,11
allenai_OLMo-2-1124-7B,decoder,pitch,pitch_R_10,They changed the pitch because the funding story was unclear.,They changed the pitch.,1,.,1.6189,0.2628,1.0952,0.2565,-0.238,-0.0386,True,True,False,adequate_at_both,11
