model,arch_type,word,n_items,n_primed_at_homonym,n_successful_primed_to_correct,p_resolved_correct_given_primed_at_homonym,mean_prime_correct_margin_norm,mean_homonym_correct_margin_norm,mean_resolution_correct_margin_norm,mean_delta_resolution_minus_homonym_norm,mean_delta_resolution_minus_prime_norm,mean_delta_resolution_minus_isolated_resolver_norm,mean_garden_path_cost_vs_matched_control_norm,layer_used,sentinel,analysis_status
answerdotai_ModernBERT-large,encoder,bank,14,11,7,0.636,-0.1938,-0.1644,0.034,0.1984,0.2279,-0.0998,-0.2209,1,probe,model_internal_ready
answerdotai_ModernBERT-large,encoder,bark,14,12,3,0.25,-0.1868,-0.2003,-0.0405,0.1597,0.1463,-0.0487,-0.2312,2,probe,model_internal_ready
answerdotai_ModernBERT-large,encoder,bat,14,12,5,0.417,-0.0896,-0.1973,-0.0752,0.1221,0.0144,-0.1092,-0.1773,26,probe,model_internal_ready
answerdotai_ModernBERT-large,encoder,bat,14,12,4,0.333,-0.0891,-0.2092,-0.0744,0.1348,0.0148,-0.1014,-0.1882,27,probe,model_internal_ready
answerdotai_ModernBERT-large,encoder,bat,14,13,4,0.308,-0.0911,-0.2159,-0.067,0.1488,0.0241,-0.0942,-0.2073,28,probe,model_internal_ready
answerdotai_ModernBERT-large,encoder,crane,14,10,2,0.2,-0.123,-0.1104,-0.0444,0.066,0.0785,-0.0418,-0.1262,9,probe,model_internal_ready
answerdotai_ModernBERT-large,encoder,crane,14,10,3,0.3,-0.1049,-0.0893,-0.0113,0.078,0.0935,-0.0102,-0.1045,10,probe,model_internal_ready
answerdotai_ModernBERT-large,encoder,crane,14,9,3,0.333,-0.1024,-0.0861,-0.0107,0.0753,0.0917,-0.01,-0.1097,12,probe,model_internal_ready
answerdotai_ModernBERT-large,encoder,spring,14,9,4,0.444,-0.0609,-0.0851,-0.053,0.0321,0.0079,-0.0874,-0.1035,13,probe,model_internal_ready
answerdotai_ModernBERT-large,encoder,spring,14,10,5,0.5,-0.0824,-0.1032,-0.0633,0.0399,0.0191,-0.0982,-0.1014,14,probe,model_internal_ready
answerdotai_ModernBERT-large,encoder,spring,14,10,5,0.5,-0.0791,-0.0953,-0.0503,0.045,0.0288,-0.0873,-0.1036,15,probe,model_internal_ready
answerdotai_ModernBERT-large,encoder,spring,14,10,5,0.5,-0.0687,-0.0933,-0.0659,0.0274,0.0028,-0.1026,-0.0889,16,probe,model_internal_ready
answerdotai_ModernBERT-large,encoder,spring,14,11,6,0.545,-0.0743,-0.0994,-0.0782,0.0212,-0.0039,-0.124,-0.0885,17,probe,model_internal_ready
answerdotai_ModernBERT-large,encoder,spring,14,11,6,0.545,-0.0835,-0.1113,-0.0785,0.0328,0.005,-0.1292,-0.0823,18,probe,model_internal_ready
answerdotai_ModernBERT-large,encoder,spring,14,9,1,0.111,0.0029,-0.0625,-0.0124,0.0501,-0.0153,-0.0469,-0.0343,19,probe,model_internal_ready
answerdotai_ModernBERT-large,encoder,spring,14,9,2,0.222,-0.0125,-0.0753,-0.0296,0.0456,-0.0171,-0.0564,-0.0394,20,probe,model_internal_ready
answerdotai_ModernBERT-large,encoder,spring,14,10,2,0.2,-0.0268,-0.0881,-0.0353,0.0528,-0.0084,-0.057,-0.0465,21,probe,model_internal_ready
answerdotai_ModernBERT-large,encoder,spring,14,10,5,0.5,-0.0817,-0.1034,-0.0227,0.0807,0.059,-0.0257,-0.0661,28,probe,model_internal_ready
answerdotai_ModernBERT-large,encoder,match,14,12,7,0.583,-0.0916,-0.1139,-0.0024,0.1116,0.0892,-0.0357,-0.1655,1,probe,model_internal_ready
answerdotai_ModernBERT-large,encoder,pitch,14,10,1,0.1,-0.0764,-0.099,-0.072,0.027,0.0044,-0.0659,-0.2146,9,probe,model_internal_ready
answerdotai_ModernBERT-large,encoder,pitch,14,10,1,0.1,-0.0621,-0.09,-0.0575,0.0325,0.0045,-0.0494,-0.2029,10,probe,model_internal_ready
answerdotai_ModernBERT-large,encoder,pitch,14,10,3,0.3,-0.0481,-0.112,-0.0437,0.0683,0.0044,-0.0342,-0.1804,13,probe,model_internal_ready
answerdotai_ModernBERT-large,encoder,pitch,14,11,3,0.273,-0.0522,-0.1012,-0.0362,0.065,0.0159,-0.0244,-0.1743,14,probe,model_internal_ready
answerdotai_ModernBERT-large,encoder,pitch,14,11,2,0.182,-0.0681,-0.1063,-0.0543,0.052,0.0138,-0.0526,-0.1933,15,probe,model_internal_ready
answerdotai_ModernBERT-large,encoder,pitch,14,10,3,0.3,-0.073,-0.1121,-0.041,0.0711,0.032,-0.0363,-0.1899,16,probe,model_internal_ready
answerdotai_ModernBERT-large,encoder,pitch,14,9,2,0.222,-0.0481,-0.0929,-0.0152,0.0777,0.033,-0.0016,-0.1974,17,probe,model_internal_ready
answerdotai_ModernBERT-large,encoder,pitch,14,9,3,0.333,-0.0474,-0.0826,0.0002,0.0828,0.0475,0.0079,-0.1938,18,probe,model_internal_ready
answerdotai_ModernBERT-large,encoder,pitch,14,9,5,0.556,-0.0348,-0.077,0.0143,0.0913,0.0491,0.0162,-0.1652,19,probe,model_internal_ready
answerdotai_ModernBERT-large,encoder,pitch,14,10,5,0.5,-0.0292,-0.0693,0.0122,0.0815,0.0414,0.0114,-0.1767,20,probe,model_internal_ready
answerdotai_ModernBERT-large,encoder,pitch,14,10,5,0.5,-0.0271,-0.0699,0.0201,0.09,0.0472,0.0268,-0.1787,21,probe,model_internal_ready
answerdotai_ModernBERT-large,encoder,pitch,14,10,5,0.5,-0.0323,-0.082,0.0032,0.0852,0.0355,0.0135,-0.1945,22,probe,model_internal_ready
answerdotai_ModernBERT-large,encoder,pitch,14,10,5,0.5,-0.0318,-0.0881,0.0063,0.0944,0.0382,0.0119,-0.2203,23,probe,model_internal_ready
answerdotai_ModernBERT-large,encoder,pitch,14,10,5,0.5,-0.05,-0.1179,-0.0097,0.1082,0.0402,-0.0022,-0.2604,24,probe,model_internal_ready
answerdotai_ModernBERT-large,encoder,pitch,14,11,6,0.545,-0.0649,-0.1477,-0.0242,0.1235,0.0407,-0.013,-0.2979,25,probe,model_internal_ready
answerdotai_ModernBERT-large,encoder,pitch,14,11,6,0.545,-0.064,-0.1461,-0.0207,0.1254,0.0433,-0.0075,-0.2933,26,probe,model_internal_ready
answerdotai_ModernBERT-large,encoder,pitch,14,11,6,0.545,-0.0706,-0.1591,-0.0315,0.1276,0.0391,-0.0209,-0.2998,27,probe,model_internal_ready
answerdotai_ModernBERT-large,encoder,pitch,14,11,6,0.545,-0.0847,-0.1775,-0.0389,0.1386,0.0458,-0.0378,-0.3097,28,probe,model_internal_ready
microsoft_deberta-v3-large,encoder,bank,14,10,6,0.6,-0.2572,-0.1844,0.0798,0.2642,0.337,-0.1107,-0.2603,3,probe,model_internal_ready
microsoft_deberta-v3-large,encoder,bank,14,10,6,0.6,-0.2736,-0.2071,0.0595,0.2667,0.3331,-0.1579,-0.2815,4,probe,model_internal_ready
microsoft_deberta-v3-large,encoder,bank,14,10,4,0.4,-0.321,-0.2611,0.0445,0.3056,0.3655,-0.2048,-0.3154,5,probe,model_internal_ready
microsoft_deberta-v3-large,encoder,bank,14,10,7,0.7,-0.3161,-0.2774,0.0587,0.336,0.3748,-0.1866,-0.313,6,probe,model_internal_ready
microsoft_deberta-v3-large,encoder,bank,14,10,7,0.7,-0.2913,-0.258,0.0525,0.3105,0.3438,-0.192,-0.2767,7,probe,model_internal_ready
microsoft_deberta-v3-large,encoder,bank,14,10,6,0.6,-0.277,-0.2546,0.0566,0.3112,0.3335,-0.1739,-0.2504,8,probe,model_internal_ready
microsoft_deberta-v3-large,encoder,bank,14,10,7,0.7,-0.2635,-0.2425,0.0735,0.316,0.337,-0.1572,-0.2163,9,probe,model_internal_ready
microsoft_deberta-v3-large,encoder,bank,14,11,7,0.636,-0.2739,-0.2539,0.0957,0.3496,0.3696,-0.153,-0.2009,10,probe,model_internal_ready
microsoft_deberta-v3-large,encoder,bank,14,11,8,0.727,-0.2924,-0.293,0.1222,0.4152,0.4146,-0.1115,-0.1817,11,probe,model_internal_ready
microsoft_deberta-v3-large,encoder,bank,14,11,8,0.727,-0.2889,-0.3016,0.1331,0.4347,0.422,-0.1053,-0.1722,12,probe,model_internal_ready
microsoft_deberta-v3-large,encoder,bank,14,12,9,0.75,-0.2858,-0.298,0.1354,0.4334,0.4212,-0.1108,-0.1614,13,probe,model_internal_ready
microsoft_deberta-v3-large,encoder,bank,14,12,9,0.75,-0.2812,-0.3049,0.1393,0.4443,0.4206,-0.1104,-0.1584,14,probe,model_internal_ready
microsoft_deberta-v3-large,encoder,bank,14,12,10,0.833,-0.2724,-0.3041,0.1382,0.4423,0.4106,-0.1248,-0.1545,15,probe,model_internal_ready
microsoft_deberta-v3-large,encoder,bank,14,12,10,0.833,-0.2623,-0.2998,0.1341,0.4339,0.3964,-0.1264,-0.1434,16,probe,model_internal_ready
microsoft_deberta-v3-large,encoder,bank,14,12,10,0.833,-0.2219,-0.2544,0.13,0.3844,0.3518,-0.1113,-0.1234,17,probe,model_internal_ready
microsoft_deberta-v3-large,encoder,bank,14,12,9,0.75,-0.1808,-0.2078,0.1267,0.3345,0.3075,-0.1091,-0.113,18,probe,model_internal_ready
microsoft_deberta-v3-large,encoder,bank,14,11,8,0.727,-0.1385,-0.1614,0.1178,0.2792,0.2563,-0.1038,-0.0975,19,probe,model_internal_ready
microsoft_deberta-v3-large,encoder,bank,14,10,7,0.7,-0.098,-0.1331,0.1063,0.2394,0.2042,-0.0926,-0.0792,20,probe,model_internal_ready
microsoft_deberta-v3-large,encoder,bank,14,10,7,0.7,-0.0739,-0.1045,0.1032,0.2076,0.1771,-0.0745,-0.0693,21,probe,model_internal_ready
microsoft_deberta-v3-large,encoder,bank,14,8,5,0.625,-0.0581,-0.0933,0.0933,0.1866,0.1513,-0.0649,-0.0569,22,probe,model_internal_ready
microsoft_deberta-v3-large,encoder,bank,14,9,6,0.667,-0.0386,-0.082,0.0792,0.1612,0.1178,-0.0458,-0.0488,23,probe,model_internal_ready
microsoft_deberta-v3-large,encoder,bank,14,7,3,0.429,-0.0139,-0.0423,0.0549,0.0971,0.0688,-0.0208,-0.0224,24,probe,model_internal_ready
microsoft_deberta-v3-large,encoder,bark,14,11,8,0.727,-0.0867,-0.1142,0.1105,0.2247,0.1972,-0.0035,-0.1251,4,probe,model_internal_ready
microsoft_deberta-v3-large,encoder,bark,14,14,12,0.857,-0.0969,-0.1415,0.1217,0.2632,0.2186,-0.0068,-0.1319,5,probe,model_internal_ready
microsoft_deberta-v3-large,encoder,bark,14,13,12,0.923,-0.0767,-0.1212,0.1456,0.2668,0.2223,0.012,-0.1052,6,probe,model_internal_ready
microsoft_deberta-v3-large,encoder,bark,14,11,7,0.636,-0.0712,-0.1103,0.1218,0.2321,0.193,0.0034,-0.0886,7,probe,model_internal_ready
microsoft_deberta-v3-large,encoder,bark,14,11,7,0.636,-0.0699,-0.1085,0.1455,0.2541,0.2155,0.0307,-0.0764,8,probe,model_internal_ready
microsoft_deberta-v3-large,encoder,bark,14,9,5,0.556,-0.069,-0.1087,0.1613,0.27,0.2304,0.0349,-0.0681,9,probe,model_internal_ready
microsoft_deberta-v3-large,encoder,bark,14,9,5,0.556,-0.0636,-0.1147,0.1675,0.2821,0.2311,0.0465,-0.0697,10,probe,model_internal_ready
microsoft_deberta-v3-large,encoder,bark,14,8,4,0.5,-0.0691,-0.1197,0.1734,0.2932,0.2425,0.0542,-0.0782,11,probe,model_internal_ready
microsoft_deberta-v3-large,encoder,bark,14,8,4,0.5,-0.0637,-0.107,0.1583,0.2653,0.222,0.0579,-0.0801,12,probe,model_internal_ready
microsoft_deberta-v3-large,encoder,bark,14,7,2,0.286,-0.0601,-0.1085,0.1435,0.252,0.2035,0.0496,-0.0901,13,probe,model_internal_ready
microsoft_deberta-v3-large,encoder,bark,14,7,2,0.286,-0.064,-0.1268,0.1398,0.2666,0.2038,0.0445,-0.0969,14,probe,model_internal_ready
microsoft_deberta-v3-large,encoder,bark,14,8,3,0.375,-0.0681,-0.1199,0.1374,0.2573,0.2056,0.0283,-0.1046,15,probe,model_internal_ready
microsoft_deberta-v3-large,encoder,bark,14,8,3,0.375,-0.0715,-0.1223,0.1192,0.2415,0.1907,0.0093,-0.1067,16,probe,model_internal_ready
microsoft_deberta-v3-large,encoder,bark,14,7,1,0.143,-0.0143,-0.0326,0.0001,0.0326,0.0144,-0.0475,-0.0323,23,probe,model_internal_ready
microsoft_deberta-v3-large,encoder,bat,14,13,8,0.615,-0.1438,-0.2207,0.0475,0.2681,0.1913,-0.119,-0.238,4,probe,model_internal_ready
microsoft_deberta-v3-large,encoder,bat,14,13,7,0.538,-0.1493,-0.2498,0.0244,0.2742,0.1737,-0.168,-0.2282,5,probe,model_internal_ready
microsoft_deberta-v3-large,encoder,bat,14,13,7,0.538,-0.1319,-0.2128,0.0508,0.2636,0.1827,-0.1449,-0.195,6,probe,model_internal_ready
microsoft_deberta-v3-large,encoder,bat,14,13,6,0.462,-0.1257,-0.1919,0.0407,0.2326,0.1664,-0.1401,-0.1846,7,probe,model_internal_ready
microsoft_deberta-v3-large,encoder,bat,14,11,6,0.545,-0.112,-0.1753,0.0536,0.2289,0.1656,-0.1007,-0.1581,8,probe,model_internal_ready
microsoft_deberta-v3-large,encoder,bat,14,11,6,0.545,-0.1129,-0.1681,0.0444,0.2125,0.1572,-0.0906,-0.1403,9,probe,model_internal_ready
microsoft_deberta-v3-large,encoder,bat,14,10,6,0.6,-0.0979,-0.155,0.0406,0.1956,0.1384,-0.0679,-0.1242,10,probe,model_internal_ready
microsoft_deberta-v3-large,encoder,bat,14,11,7,0.636,-0.0896,-0.1446,0.0347,0.1793,0.1243,-0.0679,-0.1239,11,probe,model_internal_ready
microsoft_deberta-v3-large,encoder,bat,14,11,6,0.545,-0.0793,-0.1254,0.0313,0.1568,0.1106,-0.058,-0.1194,12,probe,model_internal_ready
microsoft_deberta-v3-large,encoder,bat,14,10,5,0.5,-0.0733,-0.1256,0.0227,0.1484,0.096,-0.0716,-0.1188,13,probe,model_internal_ready
microsoft_deberta-v3-large,encoder,bat,14,9,4,0.444,-0.0599,-0.1187,0.012,0.1306,0.0719,-0.0787,-0.1096,14,probe,model_internal_ready
microsoft_deberta-v3-large,encoder,bat,14,9,5,0.556,-0.0582,-0.1154,0.0006,0.116,0.0588,-0.0882,-0.1097,15,probe,model_internal_ready
microsoft_deberta-v3-large,encoder,bat,14,8,3,0.375,-0.0435,-0.0992,-0.0065,0.0927,0.037,-0.0914,-0.1014,16,probe,model_internal_ready
microsoft_deberta-v3-large,encoder,bat,14,8,1,0.125,-0.0354,-0.0928,-0.0136,0.0792,0.0217,-0.0802,-0.1012,17,probe,model_internal_ready
microsoft_deberta-v3-large,encoder,bat,14,8,1,0.125,-0.0216,-0.0778,-0.0217,0.056,-0.0001,-0.0902,-0.0957,18,probe,model_internal_ready
microsoft_deberta-v3-large,encoder,bat,14,8,1,0.125,-0.0168,-0.078,-0.0085,0.0694,0.0083,-0.0739,-0.0836,19,probe,model_internal_ready
microsoft_deberta-v3-large,encoder,bat,14,7,1,0.143,-0.0039,-0.0603,0.0033,0.0636,0.0073,-0.0582,-0.0677,20,probe,model_internal_ready
microsoft_deberta-v3-large,encoder,bat,14,8,3,0.375,-0.0063,-0.0614,0.0067,0.0681,0.013,-0.0458,-0.061,21,probe,model_internal_ready
microsoft_deberta-v3-large,encoder,bat,14,7,0,0.0,-0.0074,-0.0484,-0.0071,0.0414,0.0003,-0.0575,-0.0526,22,probe,model_internal_ready
microsoft_deberta-v3-large,encoder,bat,14,7,0,0.0,-0.0091,-0.0377,-0.0005,0.0372,0.0086,-0.0376,-0.0437,23,probe,model_internal_ready
microsoft_deberta-v3-large,encoder,bat,14,7,0,0.0,-0.02,-0.0163,0.0111,0.0274,0.031,-0.0139,-0.036,24,probe,model_internal_ready
microsoft_deberta-v3-large,encoder,crane,14,9,3,0.333,-0.1906,-0.1518,0.009,0.1608,0.1996,-0.0809,-0.265,3,probe,model_internal_ready
microsoft_deberta-v3-large,encoder,crane,14,12,4,0.333,-0.2265,-0.2276,-0.0186,0.209,0.2079,-0.1372,-0.3606,4,probe,model_internal_ready
microsoft_deberta-v3-large,encoder,crane,14,13,5,0.385,-0.2269,-0.2416,-0.0235,0.218,0.2033,-0.1464,-0.3422,5,probe,model_internal_ready
microsoft_deberta-v3-large,encoder,crane,14,11,4,0.364,-0.1766,-0.1996,-0.0084,0.1912,0.1682,-0.1206,-0.2873,6,probe,model_internal_ready
microsoft_deberta-v3-large,encoder,crane,14,11,4,0.364,-0.122,-0.1446,-0.0038,0.1407,0.1182,-0.1077,-0.244,7,probe,model_internal_ready
microsoft_deberta-v3-large,encoder,crane,14,10,4,0.4,-0.0907,-0.1212,0.0083,0.1294,0.099,-0.076,-0.1963,8,probe,model_internal_ready
microsoft_deberta-v3-large,encoder,crane,14,10,4,0.4,-0.0739,-0.1053,0.0065,0.1118,0.0804,-0.0735,-0.1707,9,probe,model_internal_ready
microsoft_deberta-v3-large,encoder,crane,14,9,4,0.444,-0.0624,-0.0912,0.0098,0.101,0.0722,-0.0689,-0.1538,10,probe,model_internal_ready
microsoft_deberta-v3-large,encoder,crane,14,9,4,0.444,-0.0554,-0.0959,0.0068,0.1027,0.0622,-0.0607,-0.1511,11,probe,model_internal_ready
microsoft_deberta-v3-large,encoder,crane,14,9,3,0.333,-0.0412,-0.0771,0.0033,0.0803,0.0444,-0.0533,-0.1328,12,probe,model_internal_ready
microsoft_deberta-v3-large,encoder,crane,14,10,3,0.3,-0.0474,-0.081,-0.0044,0.0766,0.043,-0.0544,-0.1412,13,probe,model_internal_ready
microsoft_deberta-v3-large,encoder,crane,14,10,5,0.5,-0.0417,-0.0758,-0.0044,0.0713,0.0372,-0.0458,-0.1359,14,probe,model_internal_ready
microsoft_deberta-v3-large,encoder,crane,14,10,5,0.5,-0.0373,-0.0669,0.0004,0.0673,0.0376,-0.0358,-0.1242,15,probe,model_internal_ready
microsoft_deberta-v3-large,encoder,crane,14,10,3,0.3,-0.0351,-0.0681,0.0092,0.0773,0.0443,-0.0295,-0.1136,16,probe,model_internal_ready
microsoft_deberta-v3-large,encoder,crane,14,9,4,0.444,-0.0217,-0.0548,0.015,0.0698,0.0367,-0.0115,-0.0854,17,probe,model_internal_ready
microsoft_deberta-v3-large,encoder,crane,14,8,3,0.375,-0.0187,-0.0508,0.0075,0.0584,0.0262,-0.0225,-0.0733,18,probe,model_internal_ready
microsoft_deberta-v3-large,encoder,crane,14,10,3,0.3,-0.0209,-0.0443,0.0122,0.0565,0.0331,-0.0289,-0.0738,19,probe,model_internal_ready
microsoft_deberta-v3-large,encoder,crane,14,10,5,0.5,-0.0061,-0.0294,0.0138,0.0432,0.0199,-0.0186,-0.0543,20,probe,model_internal_ready
microsoft_deberta-v3-large,encoder,crane,14,9,3,0.333,-0.0091,-0.03,0.0168,0.0468,0.0259,-0.0148,-0.054,21,probe,model_internal_ready
microsoft_deberta-v3-large,encoder,crane,14,7,0,0.0,-0.012,-0.025,0.0118,0.0368,0.0238,-0.0116,-0.0417,22,probe,model_internal_ready
microsoft_deberta-v3-large,encoder,crane,14,7,0,0.0,-0.0176,-0.0268,0.0258,0.0525,0.0433,-0.0008,-0.0339,23,probe,model_internal_ready
microsoft_deberta-v3-large,encoder,crane,14,10,5,0.5,-0.0064,-0.0245,0.0404,0.0649,0.0468,0.0178,-0.023,24,probe,model_internal_ready
microsoft_deberta-v3-large,encoder,spring,14,10,3,0.3,-0.1892,-0.2107,-0.0674,0.1433,0.1219,-0.1417,-0.2055,5,probe,model_internal_ready
microsoft_deberta-v3-large,encoder,spring,14,8,1,0.125,-0.1389,-0.1625,-0.0395,0.1231,0.0994,-0.088,-0.1537,9,probe,model_internal_ready
microsoft_deberta-v3-large,encoder,spring,14,9,2,0.222,-0.1401,-0.1628,-0.0305,0.1323,0.1096,-0.0776,-0.1437,10,probe,model_internal_ready
microsoft_deberta-v3-large,encoder,spring,14,8,1,0.125,-0.1315,-0.1527,-0.0243,0.1284,0.1072,-0.0655,-0.1364,11,probe,model_internal_ready
microsoft_deberta-v3-large,encoder,spring,14,7,0,0.0,-0.1231,-0.1345,-0.0218,0.1127,0.1013,-0.0616,-0.1233,12,probe,model_internal_ready
microsoft_deberta-v3-large,encoder,spring,14,8,1,0.125,-0.1207,-0.1283,-0.0221,0.1062,0.0985,-0.0595,-0.1292,13,probe,model_internal_ready
microsoft_deberta-v3-large,encoder,spring,14,9,1,0.111,-0.1278,-0.1454,-0.029,0.1164,0.0988,-0.0629,-0.138,14,probe,model_internal_ready
microsoft_deberta-v3-large,encoder,spring,14,8,0,0.0,-0.1251,-0.1334,-0.0247,0.1087,0.1004,-0.0601,-0.1392,15,probe,model_internal_ready
microsoft_deberta-v3-large,encoder,spring,14,8,0,0.0,-0.1298,-0.1325,-0.0247,0.1078,0.1051,-0.0542,-0.1452,16,probe,model_internal_ready
microsoft_deberta-v3-large,encoder,spring,14,8,0,0.0,-0.1224,-0.1295,-0.026,0.1035,0.0964,-0.0605,-0.1452,17,probe,model_internal_ready
microsoft_deberta-v3-large,encoder,spring,14,8,0,0.0,-0.1107,-0.1176,-0.0383,0.0794,0.0725,-0.0745,-0.145,18,probe,model_internal_ready
microsoft_deberta-v3-large,encoder,spring,14,8,0,0.0,-0.1022,-0.1204,-0.0451,0.0753,0.0571,-0.0889,-0.1449,19,probe,model_internal_ready
microsoft_deberta-v3-large,encoder,spring,14,8,0,0.0,-0.0876,-0.1065,-0.0408,0.0657,0.0468,-0.0919,-0.1368,20,probe,model_internal_ready
microsoft_deberta-v3-large,encoder,spring,14,9,1,0.111,-0.0809,-0.0997,-0.0447,0.055,0.0362,-0.1109,-0.1301,21,probe,model_internal_ready
microsoft_deberta-v3-large,encoder,spring,14,10,2,0.2,-0.0734,-0.0962,-0.05,0.0462,0.0235,-0.1075,-0.1295,22,probe,model_internal_ready
microsoft_deberta-v3-large,encoder,match,14,11,1,0.091,-0.1596,-0.2032,-0.0781,0.1251,0.0814,-0.1508,-0.2711,2,probe,model_internal_ready
microsoft_deberta-v3-large,encoder,match,14,11,4,0.364,-0.1539,-0.2012,-0.049,0.1522,0.1049,-0.1364,-0.3432,3,probe,model_internal_ready
microsoft_deberta-v3-large,encoder,match,14,12,5,0.417,-0.1189,-0.2017,-0.0108,0.1909,0.108,-0.0995,-0.3032,4,probe,model_internal_ready
microsoft_deberta-v3-large,encoder,match,14,11,4,0.364,-0.1067,-0.1955,0.0128,0.2082,0.1195,-0.058,-0.3089,5,probe,model_internal_ready
microsoft_deberta-v3-large,encoder,match,14,11,5,0.455,-0.1014,-0.2036,0.0278,0.2314,0.1292,-0.035,-0.2989,6,probe,model_internal_ready
microsoft_deberta-v3-large,encoder,match,14,11,5,0.455,-0.0907,-0.1782,0.0352,0.2133,0.1258,-0.0174,-0.2759,7,probe,model_internal_ready
microsoft_deberta-v3-large,encoder,match,14,10,4,0.4,-0.0766,-0.1677,0.0564,0.2242,0.1331,0.0199,-0.2448,8,probe,model_internal_ready
microsoft_deberta-v3-large,encoder,match,14,11,6,0.545,-0.0634,-0.1466,0.0702,0.2168,0.1336,0.03,-0.2045,9,probe,model_internal_ready
microsoft_deberta-v3-large,encoder,match,14,11,6,0.545,-0.0583,-0.1502,0.0855,0.2357,0.1438,0.0581,-0.2104,10,probe,model_internal_ready
microsoft_deberta-v3-large,encoder,match,14,11,6,0.545,-0.0537,-0.1576,0.117,0.2747,0.1707,0.0911,-0.1991,11,probe,model_internal_ready
microsoft_deberta-v3-large,encoder,match,14,11,7,0.636,-0.0474,-0.1506,0.1278,0.2784,0.1752,0.0979,-0.1834,12,probe,model_internal_ready
microsoft_deberta-v3-large,encoder,match,14,12,9,0.75,-0.0458,-0.1595,0.1374,0.2968,0.1832,0.117,-0.1767,13,probe,model_internal_ready
microsoft_deberta-v3-large,encoder,match,14,12,9,0.75,-0.0233,-0.1384,0.1416,0.28,0.1649,0.1215,-0.1603,14,probe,model_internal_ready
microsoft_deberta-v3-large,encoder,match,14,12,9,0.75,-0.0233,-0.138,0.1496,0.2876,0.1729,0.1306,-0.1508,15,probe,model_internal_ready
microsoft_deberta-v3-large,encoder,match,14,12,9,0.75,-0.0262,-0.1394,0.1391,0.2785,0.1653,0.1227,-0.142,16,probe,model_internal_ready
microsoft_deberta-v3-large,encoder,match,14,12,9,0.75,-0.0264,-0.1246,0.1092,0.2338,0.1356,0.0995,-0.1431,17,probe,model_internal_ready
microsoft_deberta-v3-large,encoder,match,14,11,8,0.727,-0.0229,-0.1051,0.1025,0.2076,0.1254,0.0907,-0.1331,18,probe,model_internal_ready
microsoft_deberta-v3-large,encoder,match,14,9,6,0.667,-0.0135,-0.095,0.0923,0.1873,0.1058,0.0749,-0.1198,19,probe,model_internal_ready
microsoft_deberta-v3-large,encoder,match,14,8,4,0.5,-0.0138,-0.0742,0.0714,0.1457,0.0853,0.0585,-0.0957,20,probe,model_internal_ready
microsoft_deberta-v3-large,encoder,match,14,10,8,0.8,-0.0081,-0.0668,0.0602,0.127,0.0683,0.0473,-0.083,21,probe,model_internal_ready
microsoft_deberta-v3-large,encoder,match,14,8,4,0.5,-0.009,-0.0547,0.0381,0.0928,0.0471,0.0272,-0.0597,22,probe,model_internal_ready
microsoft_deberta-v3-large,encoder,match,14,7,2,0.286,-0.0068,-0.0434,0.0344,0.0778,0.0411,0.0183,-0.0464,23,probe,model_internal_ready
microsoft_deberta-v3-large,encoder,pitch,14,12,6,0.5,-0.1066,-0.1249,0.0788,0.2037,0.1853,-0.0174,-0.2248,2,probe,model_internal_ready
microsoft_deberta-v3-large,encoder,pitch,14,9,6,0.667,-0.0884,-0.1381,0.1233,0.2613,0.2116,0.0027,-0.2294,3,probe,model_internal_ready
microsoft_deberta-v3-large,encoder,pitch,14,8,4,0.5,-0.0857,-0.1626,0.1315,0.2941,0.2172,-0.0157,-0.2175,4,probe,model_internal_ready
microsoft_deberta-v3-large,encoder,pitch,14,8,4,0.5,-0.0726,-0.1425,0.1249,0.2674,0.1975,-0.0356,-0.1895,5,probe,model_internal_ready
microsoft_deberta-v3-large,encoder,pitch,14,8,4,0.5,-0.058,-0.1171,0.1441,0.2612,0.2021,-0.0125,-0.1487,6,probe,model_internal_ready
microsoft_deberta-v3-large,encoder,pitch,14,8,4,0.5,-0.0623,-0.1059,0.1085,0.2144,0.1708,-0.0353,-0.1422,7,probe,model_internal_ready
microsoft_deberta-v3-large,encoder,pitch,14,8,4,0.5,-0.0492,-0.0922,0.1006,0.1929,0.1498,-0.0119,-0.1222,8,probe,model_internal_ready
microsoft_deberta-v3-large,encoder,pitch,14,8,5,0.625,-0.0477,-0.0808,0.0897,0.1706,0.1374,-0.019,-0.1023,9,probe,model_internal_ready
microsoft_deberta-v3-large,encoder,pitch,14,7,0,0.0,-0.0386,-0.0372,0.045,0.0822,0.0836,0.0119,-0.0779,18,probe,model_internal_ready
microsoft_deberta-v3-large,encoder,pitch,14,7,0,0.0,-0.0326,-0.0219,0.0442,0.0661,0.0768,0.0169,-0.0631,19,probe,model_internal_ready
microsoft_deberta-v3-large,encoder,pitch,14,8,2,0.25,-0.0308,-0.0228,0.0469,0.0696,0.0776,0.0305,-0.0506,20,probe,model_internal_ready
microsoft_deberta-v3-large,encoder,pitch,14,8,4,0.5,-0.0316,-0.0121,0.0405,0.0526,0.0721,0.0151,-0.0502,21,probe,model_internal_ready
microsoft_deberta-v3-large,encoder,pitch,14,7,3,0.429,-0.0272,-0.018,0.0342,0.0522,0.0615,0.0119,-0.0433,22,probe,model_internal_ready
microsoft_deberta-v3-large,encoder,pitch,14,7,4,0.571,-0.0211,-0.0147,0.03,0.0447,0.0511,0.0085,-0.041,23,probe,model_internal_ready
microsoft_deberta-v3-large,encoder,pitch,14,7,0,0.0,-0.0159,-0.0382,-0.0009,0.0373,0.015,-0.0193,-0.0238,24,probe,model_internal_ready
FacebookAI_roberta-large,encoder,bank,14,10,4,0.4,-0.0794,-0.106,0.0136,0.1196,0.093,-0.0601,-0.0325,22,probe,model_internal_ready
FacebookAI_roberta-large,encoder,bank,14,10,4,0.4,-0.0806,-0.1063,0.0107,0.117,0.0913,-0.0668,-0.0276,23,probe,model_internal_ready
FacebookAI_roberta-large,encoder,bank,14,10,3,0.3,-0.1096,-0.1436,-0.0057,0.1379,0.1039,-0.0947,-0.0342,24,probe,model_internal_ready
FacebookAI_roberta-large,encoder,bark,14,7,6,0.857,0.0969,0.0979,0.0841,-0.0138,-0.0128,0.0458,-0.034,4,probe,model_internal_ready
FacebookAI_roberta-large,encoder,bark,14,4,4,1.0,0.0528,0.0552,0.074,0.0187,0.0212,0.0427,-0.0356,5,probe,model_internal_ready
FacebookAI_roberta-large,encoder,bark,14,10,6,0.6,0.0015,-0.0155,0.0807,0.0963,0.0792,0.0378,-0.0521,6,probe,model_internal_ready
FacebookAI_roberta-large,encoder,bark,14,11,6,0.545,-0.0102,-0.0741,0.1035,0.1776,0.1136,0.0579,-0.0729,7,probe,model_internal_ready
FacebookAI_roberta-large,encoder,bark,14,12,9,0.75,-0.0346,-0.0931,0.0864,0.1794,0.1209,0.0381,-0.0831,8,probe,model_internal_ready
FacebookAI_roberta-large,encoder,bark,14,11,6,0.545,-0.0126,-0.0726,0.0696,0.1422,0.0823,0.0187,-0.068,10,probe,model_internal_ready
FacebookAI_roberta-large,encoder,bark,14,14,11,0.786,-0.0408,-0.1312,0.07,0.2012,0.1108,0.0461,-0.0972,15,probe,model_internal_ready
FacebookAI_roberta-large,encoder,bark,14,12,8,0.667,-0.0376,-0.1236,0.0576,0.1812,0.0952,0.0388,-0.089,23,probe,model_internal_ready
FacebookAI_roberta-large,encoder,bat,14,8,7,0.875,-0.021,-0.0242,0.0963,0.1205,0.1173,0.0932,-0.081,4,probe,model_internal_ready
FacebookAI_roberta-large,encoder,bat,14,7,6,0.857,-0.0305,-0.0353,0.0788,0.1141,0.1093,0.0754,-0.0777,5,probe,model_internal_ready
FacebookAI_roberta-large,encoder,bat,14,9,4,0.444,-0.0543,-0.0815,0.0445,0.126,0.0988,0.0356,-0.0976,6,probe,model_internal_ready
FacebookAI_roberta-large,encoder,bat,14,9,4,0.444,-0.081,-0.1172,0.0125,0.1297,0.0935,-0.0028,-0.1282,7,probe,model_internal_ready
FacebookAI_roberta-large,encoder,bat,14,13,5,0.385,-0.1068,-0.1383,-0.0011,0.1372,0.1057,-0.0266,-0.142,8,probe,model_internal_ready
FacebookAI_roberta-large,encoder,bat,14,13,7,0.538,-0.0952,-0.1294,-0.0129,0.1166,0.0823,-0.026,-0.1443,9,probe,model_internal_ready
FacebookAI_roberta-large,encoder,bat,14,13,7,0.538,-0.0918,-0.1428,-0.0352,0.1076,0.0566,-0.0467,-0.1713,10,probe,model_internal_ready
FacebookAI_roberta-large,encoder,bat,14,14,4,0.286,-0.1052,-0.1735,-0.034,0.1396,0.0712,-0.0528,-0.1689,11,probe,model_internal_ready
FacebookAI_roberta-large,encoder,bat,14,14,4,0.286,-0.0962,-0.1712,-0.0227,0.1484,0.0735,-0.0433,-0.1588,12,probe,model_internal_ready
FacebookAI_roberta-large,encoder,bat,14,13,5,0.385,-0.0701,-0.165,-0.0256,0.1393,0.0444,-0.0472,-0.1561,13,probe,model_internal_ready
FacebookAI_roberta-large,encoder,bat,14,12,5,0.417,-0.0481,-0.1527,-0.0239,0.1288,0.0242,-0.0443,-0.1179,14,probe,model_internal_ready
FacebookAI_roberta-large,encoder,bat,14,11,4,0.364,-0.0334,-0.1444,-0.0076,0.1368,0.0258,-0.0349,-0.109,15,probe,model_internal_ready
FacebookAI_roberta-large,encoder,bat,14,10,4,0.4,-0.029,-0.1485,0.0005,0.149,0.0295,-0.0448,-0.1066,16,probe,model_internal_ready
FacebookAI_roberta-large,encoder,bat,14,10,5,0.5,-0.0311,-0.1432,0.0012,0.1444,0.0323,-0.0378,-0.1122,17,probe,model_internal_ready
FacebookAI_roberta-large,encoder,bat,14,10,4,0.4,-0.0291,-0.1091,-0.0012,0.1078,0.0279,-0.0422,-0.1153,18,probe,model_internal_ready
FacebookAI_roberta-large,encoder,bat,14,10,5,0.5,-0.0284,-0.094,0.0073,0.1013,0.0357,-0.0371,-0.1122,19,probe,model_internal_ready
FacebookAI_roberta-large,encoder,bat,14,10,4,0.4,-0.0125,-0.0637,0.0095,0.0732,0.022,-0.0393,-0.095,20,probe,model_internal_ready
FacebookAI_roberta-large,encoder,bat,14,10,4,0.4,-0.0037,-0.0533,0.0055,0.0588,0.0092,-0.0238,-0.0744,21,probe,model_internal_ready
FacebookAI_roberta-large,encoder,bat,14,8,5,0.625,-0.0059,-0.0559,0.0076,0.0635,0.0135,-0.028,-0.0631,22,probe,model_internal_ready
FacebookAI_roberta-large,encoder,bat,14,9,5,0.556,-0.0076,-0.0693,0.0074,0.0766,0.0149,-0.0224,-0.0639,23,probe,model_internal_ready
FacebookAI_roberta-large,encoder,bat,14,9,6,0.667,-0.0334,-0.1032,-0.0039,0.0993,0.0295,-0.0306,-0.1189,24,probe,model_internal_ready
FacebookAI_roberta-large,encoder,crane,14,9,6,0.667,-0.0412,-0.044,-0.0033,0.0407,0.0379,-0.0101,-0.1486,6,probe,model_internal_ready
FacebookAI_roberta-large,encoder,crane,14,10,6,0.6,-0.0584,-0.0546,-0.0002,0.0545,0.0582,-0.0109,-0.1444,7,probe,model_internal_ready
FacebookAI_roberta-large,encoder,crane,14,9,3,0.333,-0.0753,-0.0605,-0.0125,0.0479,0.0628,-0.0277,-0.1341,8,probe,model_internal_ready
FacebookAI_roberta-large,encoder,crane,14,7,0,0.0,-0.0632,-0.053,-0.0218,0.0311,0.0414,-0.0353,-0.1218,9,probe,model_internal_ready
FacebookAI_roberta-large,encoder,crane,14,10,3,0.3,-0.0655,-0.0657,-0.0215,0.0442,0.044,-0.0384,-0.1234,10,probe,model_internal_ready
FacebookAI_roberta-large,encoder,crane,14,13,6,0.462,-0.0711,-0.0798,-0.0102,0.0696,0.0609,-0.0395,-0.1381,11,probe,model_internal_ready
FacebookAI_roberta-large,encoder,crane,14,10,3,0.3,-0.0614,-0.078,-0.0064,0.0716,0.0549,-0.0377,-0.1373,12,probe,model_internal_ready
FacebookAI_roberta-large,encoder,crane,14,9,2,0.222,-0.0637,-0.0801,0.0039,0.0841,0.0676,-0.0289,-0.1283,13,probe,model_internal_ready
FacebookAI_roberta-large,encoder,crane,14,9,1,0.111,-0.0627,-0.0801,-0.0013,0.0787,0.0614,-0.0312,-0.1186,14,probe,model_internal_ready
FacebookAI_roberta-large,encoder,crane,14,10,3,0.3,-0.0677,-0.0759,-0.0024,0.0735,0.0653,-0.0235,-0.1221,15,probe,model_internal_ready
FacebookAI_roberta-large,encoder,crane,14,11,5,0.455,-0.0774,-0.0773,0.0011,0.0784,0.0784,-0.0158,-0.1227,16,probe,model_internal_ready
FacebookAI_roberta-large,encoder,crane,14,10,5,0.5,-0.0827,-0.0745,0.0142,0.0887,0.097,-0.0049,-0.112,17,probe,model_internal_ready
FacebookAI_roberta-large,encoder,crane,14,9,4,0.444,-0.0693,-0.0485,0.0266,0.0751,0.0959,0.0147,-0.0927,18,probe,model_internal_ready
FacebookAI_roberta-large,encoder,crane,14,8,3,0.375,-0.0608,-0.0309,0.0255,0.0564,0.0862,0.0173,-0.0733,19,probe,model_internal_ready
FacebookAI_roberta-large,encoder,crane,14,7,4,0.571,-0.0534,-0.0221,0.0191,0.0412,0.0725,0.0118,-0.0727,20,probe,model_internal_ready
FacebookAI_roberta-large,encoder,crane,14,7,2,0.286,-0.0473,-0.0143,0.01,0.0243,0.0572,0.0071,-0.0687,21,probe,model_internal_ready
FacebookAI_roberta-large,encoder,crane,14,8,4,0.5,-0.0469,-0.0126,0.0072,0.0198,0.0541,0.0014,-0.0621,22,probe,model_internal_ready
FacebookAI_roberta-large,encoder,crane,14,7,4,0.571,-0.0544,-0.0211,0.0005,0.0216,0.0549,-0.0038,-0.0694,23,probe,model_internal_ready
FacebookAI_roberta-large,encoder,crane,14,10,3,0.3,-0.0842,-0.0589,-0.0127,0.0462,0.0715,-0.0296,-0.0985,24,probe,model_internal_ready
FacebookAI_roberta-large,encoder,spring,14,9,3,0.333,-0.0426,-0.0718,-0.0119,0.0599,0.0307,-0.0245,-0.1123,17,probe,model_internal_ready
FacebookAI_roberta-large,encoder,spring,14,8,3,0.375,-0.0321,-0.0751,-0.0167,0.0584,0.0154,-0.0424,-0.1021,18,probe,model_internal_ready
FacebookAI_roberta-large,encoder,spring,14,8,3,0.375,-0.0345,-0.0787,-0.0173,0.0614,0.0172,-0.0361,-0.0962,19,probe,model_internal_ready
FacebookAI_roberta-large,encoder,match,14,7,4,0.571,0.0183,-0.0527,-0.0039,0.0488,-0.0222,-0.0301,0.0723,1,probe,model_internal_ready
FacebookAI_roberta-large,encoder,match,14,7,4,0.571,0.0084,-0.0409,0.0275,0.0684,0.019,-0.012,0.0457,2,probe,model_internal_ready
FacebookAI_roberta-large,encoder,match,14,8,4,0.5,0.0053,-0.0405,0.0078,0.0482,0.0024,-0.032,0.0102,3,probe,model_internal_ready
FacebookAI_roberta-large,encoder,match,14,9,3,0.333,-0.0206,-0.072,-0.0154,0.0566,0.0052,-0.0499,-0.0119,4,probe,model_internal_ready
FacebookAI_roberta-large,encoder,match,14,11,4,0.364,-0.0249,-0.0768,0.0135,0.0903,0.0384,-0.0207,-0.032,5,probe,model_internal_ready
FacebookAI_roberta-large,encoder,match,14,12,7,0.583,-0.0406,-0.0762,0.0596,0.1358,0.1002,0.0105,-0.0608,6,probe,model_internal_ready
FacebookAI_roberta-large,encoder,match,14,9,4,0.444,-0.0325,-0.0766,0.0599,0.1366,0.0924,0.0058,-0.0573,7,probe,model_internal_ready
FacebookAI_roberta-large,encoder,match,14,9,5,0.556,-0.0325,-0.0636,0.0557,0.1192,0.0882,0.0064,-0.0669,8,probe,model_internal_ready
FacebookAI_roberta-large,encoder,pitch,14,8,1,0.125,-0.0057,-0.0277,-0.1612,-0.1336,-0.1555,-0.1816,-0.0428,3,probe,model_internal_ready
FacebookAI_roberta-large,encoder,pitch,14,8,1,0.125,-0.0143,-0.0237,-0.1001,-0.0763,-0.0858,-0.1238,-0.064,4,probe,model_internal_ready
FacebookAI_roberta-large,encoder,pitch,14,11,4,0.364,-0.0452,-0.1787,0.0418,0.2205,0.087,0.0297,-0.241,18,probe,model_internal_ready
FacebookAI_xlm-roberta-large,encoder,bank,14,8,6,0.75,-0.0909,-0.1167,0.0926,0.2094,0.1835,0.0332,-0.0633,4,probe,model_internal_ready
FacebookAI_xlm-roberta-large,encoder,bank,14,8,6,0.75,-0.0793,-0.1011,0.0936,0.1947,0.1729,0.0439,-0.0472,5,probe,model_internal_ready
FacebookAI_xlm-roberta-large,encoder,bank,14,8,7,0.875,-0.0851,-0.0964,0.0649,0.1614,0.15,0.0229,-0.0477,6,probe,model_internal_ready
FacebookAI_xlm-roberta-large,encoder,bank,14,8,7,0.875,-0.05,-0.0751,0.0679,0.1429,0.1179,0.0275,-0.0677,10,probe,model_internal_ready
FacebookAI_xlm-roberta-large,encoder,bank,14,13,8,0.615,-0.0553,-0.0754,0.0354,0.1108,0.0907,0.0091,-0.0765,12,probe,model_internal_ready
FacebookAI_xlm-roberta-large,encoder,bank,14,12,5,0.417,-0.0437,-0.0643,0.0222,0.0865,0.0659,-0.0101,-0.0788,13,probe,model_internal_ready
FacebookAI_xlm-roberta-large,encoder,bank,14,10,8,0.8,-0.0569,-0.077,0.0223,0.0992,0.0792,-0.0088,-0.1032,14,probe,model_internal_ready
FacebookAI_xlm-roberta-large,encoder,bank,14,7,3,0.429,-0.0394,-0.0451,0.0282,0.0732,0.0675,0.0056,-0.0901,16,probe,model_internal_ready
FacebookAI_xlm-roberta-large,encoder,bank,14,7,2,0.286,-0.0504,-0.0469,0.0429,0.0898,0.0933,0.02,-0.0856,17,probe,model_internal_ready
FacebookAI_xlm-roberta-large,encoder,bank,14,7,2,0.286,-0.0532,-0.0373,0.0643,0.1015,0.1174,0.048,-0.0771,18,probe,model_internal_ready
FacebookAI_xlm-roberta-large,encoder,bank,14,7,0,0.0,-0.0434,-0.0435,0.0328,0.0763,0.0763,0.0189,-0.0732,19,probe,model_internal_ready
FacebookAI_xlm-roberta-large,encoder,bank,14,7,2,0.286,-0.0504,-0.0396,0.0627,0.1023,0.1131,0.0423,-0.053,20,probe,model_internal_ready
FacebookAI_xlm-roberta-large,encoder,bank,14,7,1,0.143,-0.0703,-0.0605,0.0843,0.1448,0.1546,0.0423,-0.0606,22,probe,model_internal_ready
FacebookAI_xlm-roberta-large,encoder,bark,14,7,2,0.286,-0.001,-0.0261,0.0853,0.1114,0.0863,0.0841,-0.0064,17,probe,model_internal_ready
FacebookAI_xlm-roberta-large,encoder,bark,14,7,1,0.143,0.0172,-0.0185,0.1013,0.1198,0.0841,0.0991,-0.0039,18,probe,model_internal_ready
FacebookAI_xlm-roberta-large,encoder,bark,14,7,1,0.143,0.0183,-0.0253,0.089,0.1142,0.0706,0.0896,-0.0041,19,probe,model_internal_ready
FacebookAI_xlm-roberta-large,encoder,bark,14,7,1,0.143,0.0148,-0.0268,0.0996,0.1264,0.0848,0.0996,-0.0109,20,probe,model_internal_ready
FacebookAI_xlm-roberta-large,encoder,bark,14,7,0,0.0,0.014,-0.0321,0.1092,0.1412,0.0952,0.1101,-0.0196,21,probe,model_internal_ready
FacebookAI_xlm-roberta-large,encoder,bark,14,7,1,0.143,0.0083,-0.0697,0.1167,0.1863,0.1084,0.1155,-0.0342,22,probe,model_internal_ready
FacebookAI_xlm-roberta-large,encoder,bat,14,6,3,0.5,0.0113,0.0274,0.1359,0.1086,0.1246,0.1345,-0.0595,8,probe,model_internal_ready
FacebookAI_xlm-roberta-large,encoder,bat,14,11,9,0.818,-0.0537,-0.1045,0.0248,0.1293,0.0785,0.0149,-0.0869,11,probe,model_internal_ready
FacebookAI_xlm-roberta-large,encoder,bat,14,13,7,0.538,-0.2335,-0.205,0.021,0.226,0.2546,0.0183,-0.0422,12,probe,model_internal_ready
FacebookAI_xlm-roberta-large,encoder,bat,14,12,6,0.5,-0.2763,-0.2227,0.0022,0.2249,0.2785,0.0011,-0.0224,13,probe,model_internal_ready
FacebookAI_xlm-roberta-large,encoder,bat,14,11,4,0.364,-0.3227,-0.2559,0.0132,0.2691,0.3359,0.0094,0.0034,14,probe,model_internal_ready
FacebookAI_xlm-roberta-large,encoder,bat,14,11,4,0.364,-0.3357,-0.2577,0.0228,0.2805,0.3586,0.0199,0.0186,15,probe,model_internal_ready
FacebookAI_xlm-roberta-large,encoder,bat,14,11,5,0.455,-0.3181,-0.236,0.0394,0.2754,0.3575,0.038,0.0228,16,probe,model_internal_ready
FacebookAI_xlm-roberta-large,encoder,bat,14,11,5,0.455,-0.3062,-0.2263,0.0259,0.2523,0.3321,0.0254,0.0242,17,probe,model_internal_ready
FacebookAI_xlm-roberta-large,encoder,bat,14,11,5,0.455,-0.2769,-0.1993,0.0181,0.2174,0.2949,0.0196,0.026,18,probe,model_internal_ready
FacebookAI_xlm-roberta-large,encoder,bat,14,8,4,0.5,-0.2695,-0.1766,0.0263,0.2028,0.2957,0.0278,0.0329,19,probe,model_internal_ready
FacebookAI_xlm-roberta-large,encoder,bat,14,7,4,0.571,-0.2708,-0.1618,0.0319,0.1937,0.3026,0.0339,0.0385,20,probe,model_internal_ready
FacebookAI_xlm-roberta-large,encoder,bat,14,7,5,0.714,-0.2952,-0.1718,0.0372,0.209,0.3324,0.0338,0.0412,21,probe,model_internal_ready
FacebookAI_xlm-roberta-large,encoder,bat,14,8,5,0.625,-0.3345,-0.1961,0.0498,0.2459,0.3843,0.047,0.0457,22,probe,model_internal_ready
FacebookAI_xlm-roberta-large,encoder,bat,14,9,6,0.667,-0.3097,-0.1675,0.0534,0.2209,0.3631,0.0526,0.0212,23,probe,model_internal_ready
FacebookAI_xlm-roberta-large,encoder,bat,14,7,5,0.714,-0.3123,-0.1711,0.0447,0.2159,0.357,0.0343,0.0182,24,probe,model_internal_ready
FacebookAI_xlm-roberta-large,encoder,crane,14,7,1,0.143,-0.0325,-0.0281,-0.0373,-0.0093,-0.0049,0.0054,-0.0435,24,probe,model_internal_ready
FacebookAI_xlm-roberta-large,encoder,spring,14,10,3,0.3,0.021,-0.0006,-0.0481,-0.0475,-0.0691,-0.2036,-0.039,15,probe,model_internal_ready
FacebookAI_xlm-roberta-large,encoder,match,14,9,3,0.333,-0.0073,-0.0936,-0.0298,0.0637,-0.0225,-0.0335,-0.033,19,probe,model_internal_ready
FacebookAI_xlm-roberta-large,encoder,match,14,13,8,0.615,-0.0426,-0.1759,0.0509,0.2268,0.0935,0.0376,-0.0481,24,probe,model_internal_ready
FacebookAI_xlm-roberta-large,encoder,pitch,14,7,2,0.286,-0.0563,-0.0048,-0.0129,-0.0081,0.0434,-0.1075,-0.029,12,probe,model_internal_ready
FacebookAI_xlm-roberta-large,encoder,pitch,14,7,1,0.143,-0.0546,-0.0039,-0.0097,-0.0058,0.0449,-0.103,-0.0324,13,probe,model_internal_ready
FacebookAI_xlm-roberta-large,encoder,pitch,14,7,1,0.143,-0.0583,-0.0108,-0.0081,0.0027,0.0503,-0.1116,-0.033,14,probe,model_internal_ready
FacebookAI_xlm-roberta-large,encoder,pitch,14,7,1,0.143,-0.0667,-0.0102,0.0032,0.0135,0.0699,-0.1022,-0.038,15,probe,model_internal_ready
FacebookAI_xlm-roberta-large,encoder,pitch,14,8,2,0.25,-0.0587,-0.0102,0.0045,0.0147,0.0632,-0.0973,-0.0303,16,probe,model_internal_ready
FacebookAI_xlm-roberta-large,encoder,pitch,14,8,3,0.375,-0.052,-0.0059,0.0129,0.0187,0.0649,-0.0813,-0.0231,17,probe,model_internal_ready
FacebookAI_xlm-roberta-large,encoder,pitch,14,7,5,0.714,-0.05,-0.0191,0.0228,0.0419,0.0728,-0.055,-0.0101,18,probe,model_internal_ready
FacebookAI_xlm-roberta-large,encoder,pitch,14,6,4,0.667,-0.0477,-0.0168,0.0278,0.0446,0.0755,-0.0415,-0.0053,19,probe,model_internal_ready
FacebookAI_xlm-roberta-large,encoder,pitch,14,7,5,0.714,-0.0426,-0.0111,0.0164,0.0275,0.059,-0.0444,-0.0128,20,probe,model_internal_ready
FacebookAI_xlm-roberta-large,encoder,pitch,14,7,4,0.571,-0.0442,-0.0299,0.0203,0.0502,0.0645,-0.0516,-0.0083,21,probe,model_internal_ready
FacebookAI_xlm-roberta-large,encoder,pitch,14,11,9,0.818,-0.0503,-0.0638,0.0338,0.0976,0.0841,-0.0613,-0.0009,22,probe,model_internal_ready
FacebookAI_xlm-roberta-large,encoder,pitch,14,11,8,0.727,-0.0603,-0.0802,0.0323,0.1125,0.0926,-0.0732,-0.0224,23,probe,model_internal_ready
FacebookAI_xlm-roberta-large,encoder,pitch,14,10,5,0.5,-0.0846,-0.0886,0.0205,0.1092,0.1051,-0.106,-0.0488,24,probe,model_internal_ready
Qwen_Qwen2.5-3B,decoder,bank,14,13,10,0.769,-0.094,-0.1339,0.0549,0.1888,0.149,-0.073,-0.1605,4,probe,model_internal_ready
Qwen_Qwen2.5-3B,decoder,bank,14,12,9,0.75,-0.0669,-0.0992,0.0482,0.1473,0.1151,-0.0632,-0.1103,5,probe,model_internal_ready
Qwen_Qwen2.5-3B,decoder,bank,14,11,7,0.636,-0.0532,-0.0726,0.0387,0.1113,0.0919,-0.0583,-0.0721,6,probe,model_internal_ready
Qwen_Qwen2.5-3B,decoder,bank,14,13,7,0.538,-0.2058,-0.2873,-0.0297,0.2576,0.1762,-0.1582,-0.2072,13,probe,model_internal_ready
Qwen_Qwen2.5-3B,decoder,bank,14,13,4,0.308,-0.2086,-0.2821,-0.0426,0.2396,0.166,-0.1741,-0.2113,14,probe,model_internal_ready
Qwen_Qwen2.5-3B,decoder,bank,14,13,3,0.231,-0.2034,-0.2584,-0.0365,0.2219,0.167,-0.1698,-0.2087,15,probe,model_internal_ready
Qwen_Qwen2.5-3B,decoder,bank,14,13,3,0.231,-0.2112,-0.255,-0.0388,0.2162,0.1723,-0.1689,-0.2067,16,probe,model_internal_ready
Qwen_Qwen2.5-3B,decoder,bank,14,13,3,0.231,-0.2009,-0.2422,-0.0509,0.1913,0.1501,-0.1749,-0.1906,17,probe,model_internal_ready
Qwen_Qwen2.5-3B,decoder,bank,14,13,3,0.231,-0.2061,-0.2487,-0.0673,0.1815,0.1388,-0.1867,-0.2025,18,probe,model_internal_ready
Qwen_Qwen2.5-3B,decoder,bank,14,13,4,0.308,-0.1902,-0.2366,-0.0752,0.1614,0.115,-0.1859,-0.1996,19,probe,model_internal_ready
Qwen_Qwen2.5-3B,decoder,bank,14,13,4,0.308,-0.1799,-0.2212,-0.0627,0.1585,0.1172,-0.167,-0.1882,20,probe,model_internal_ready
Qwen_Qwen2.5-3B,decoder,bank,14,13,3,0.231,-0.1897,-0.2244,-0.0716,0.1528,0.1182,-0.1783,-0.2033,21,probe,model_internal_ready
Qwen_Qwen2.5-3B,decoder,bank,14,13,3,0.231,-0.1903,-0.2186,-0.0751,0.1435,0.1151,-0.1806,-0.2087,22,probe,model_internal_ready
Qwen_Qwen2.5-3B,decoder,bank,14,14,3,0.214,-0.1943,-0.2096,-0.0718,0.1377,0.1225,-0.1831,-0.2114,23,probe,model_internal_ready
Qwen_Qwen2.5-3B,decoder,bank,14,14,6,0.429,-0.1859,-0.2013,-0.0673,0.134,0.1186,-0.1757,-0.208,24,probe,model_internal_ready
Qwen_Qwen2.5-3B,decoder,bank,14,13,4,0.308,-0.1665,-0.1892,-0.0687,0.1205,0.0978,-0.1669,-0.1868,25,probe,model_internal_ready
Qwen_Qwen2.5-3B,decoder,bank,14,13,4,0.308,-0.162,-0.1896,-0.0737,0.1159,0.0883,-0.1677,-0.1868,26,probe,model_internal_ready
Qwen_Qwen2.5-3B,decoder,bank,14,13,5,0.385,-0.1568,-0.1887,-0.0754,0.1133,0.0813,-0.1705,-0.1914,27,probe,model_internal_ready
Qwen_Qwen2.5-3B,decoder,bank,14,13,5,0.385,-0.1623,-0.2065,-0.0688,0.1377,0.0935,-0.1737,-0.1914,28,probe,model_internal_ready
Qwen_Qwen2.5-3B,decoder,bank,14,10,3,0.3,-0.1491,-0.1935,-0.0585,0.135,0.0905,-0.1643,-0.1717,29,probe,model_internal_ready
Qwen_Qwen2.5-3B,decoder,bank,14,12,3,0.25,-0.1429,-0.1965,-0.0573,0.1392,0.0857,-0.1556,-0.1668,30,probe,model_internal_ready
Qwen_Qwen2.5-3B,decoder,bank,14,13,4,0.308,-0.1523,-0.2212,-0.0553,0.166,0.097,-0.164,-0.1876,31,probe,model_internal_ready
Qwen_Qwen2.5-3B,decoder,bank,14,14,5,0.357,-0.1572,-0.2353,-0.0535,0.1817,0.1037,-0.1767,-0.1958,32,probe,model_internal_ready
Qwen_Qwen2.5-3B,decoder,bank,14,14,6,0.429,-0.1623,-0.2414,-0.0565,0.1848,0.1058,-0.1872,-0.1994,33,probe,model_internal_ready
Qwen_Qwen2.5-3B,decoder,bank,14,14,6,0.429,-0.1588,-0.2444,-0.0455,0.1989,0.1133,-0.1876,-0.2018,34,probe,model_internal_ready
Qwen_Qwen2.5-3B,decoder,bank,14,14,6,0.429,-0.1526,-0.2353,-0.0445,0.1908,0.1081,-0.1838,-0.1991,35,probe,model_internal_ready
Qwen_Qwen2.5-3B,decoder,bank,14,14,5,0.357,-0.1547,-0.2404,-0.0464,0.194,0.1083,-0.1655,-0.212,36,probe,model_internal_ready
Qwen_Qwen2.5-3B,decoder,bark,14,7,0,0.0,-0.0553,-0.0709,0.0217,0.0926,0.0771,-0.0079,-0.0491,12,probe,model_internal_ready
Qwen_Qwen2.5-3B,decoder,bark,14,7,0,0.0,-0.0845,-0.1225,0.0194,0.1419,0.1039,-0.0336,-0.1153,13,probe,model_internal_ready
Qwen_Qwen2.5-3B,decoder,bark,14,7,0,0.0,-0.0678,-0.1023,0.0049,0.1072,0.0726,-0.0425,-0.1038,14,probe,model_internal_ready
Qwen_Qwen2.5-3B,decoder,bark,14,9,3,0.333,-0.065,-0.1077,-0.0024,0.1054,0.0626,-0.0439,-0.1234,15,probe,model_internal_ready
Qwen_Qwen2.5-3B,decoder,bark,14,10,3,0.3,-0.0622,-0.1209,-0.0171,0.1038,0.045,-0.0554,-0.1255,16,probe,model_internal_ready
Qwen_Qwen2.5-3B,decoder,bark,14,9,2,0.222,-0.0497,-0.1125,-0.0261,0.0864,0.0235,-0.0588,-0.1224,17,probe,model_internal_ready
Qwen_Qwen2.5-3B,decoder,bark,14,9,2,0.222,-0.0513,-0.1115,-0.0322,0.0793,0.0191,-0.0649,-0.1182,18,probe,model_internal_ready
Qwen_Qwen2.5-3B,decoder,bark,14,9,2,0.222,-0.0499,-0.1095,-0.0532,0.0563,-0.0034,-0.0771,-0.1276,19,probe,model_internal_ready
Qwen_Qwen2.5-3B,decoder,bark,14,9,2,0.222,-0.0498,-0.1079,-0.0459,0.0619,0.0039,-0.0673,-0.1182,20,probe,model_internal_ready
Qwen_Qwen2.5-3B,decoder,bark,14,9,2,0.222,-0.0415,-0.0951,-0.0494,0.0458,-0.0079,-0.0717,-0.1137,21,probe,model_internal_ready
Qwen_Qwen2.5-3B,decoder,bark,14,9,1,0.111,-0.0401,-0.0925,-0.0615,0.0309,-0.0214,-0.081,-0.1147,22,probe,model_internal_ready
Qwen_Qwen2.5-3B,decoder,bark,14,9,1,0.111,-0.0402,-0.0964,-0.0714,0.025,-0.0311,-0.0879,-0.1182,23,probe,model_internal_ready
Qwen_Qwen2.5-3B,decoder,bark,14,8,1,0.125,-0.0399,-0.086,-0.068,0.018,-0.0281,-0.084,-0.1142,24,probe,model_internal_ready
Qwen_Qwen2.5-3B,decoder,bark,14,9,1,0.111,-0.0393,-0.0915,-0.0705,0.021,-0.0312,-0.0829,-0.1192,25,probe,model_internal_ready
Qwen_Qwen2.5-3B,decoder,bark,14,9,0,0.0,-0.0474,-0.1014,-0.0947,0.0067,-0.0473,-0.1085,-0.1306,26,probe,model_internal_ready
Qwen_Qwen2.5-3B,decoder,bark,14,8,0,0.0,-0.0512,-0.1064,-0.1093,-0.0028,-0.0581,-0.1231,-0.1355,27,probe,model_internal_ready
Qwen_Qwen2.5-3B,decoder,bark,14,9,0,0.0,-0.0613,-0.1268,-0.1046,0.0223,-0.0433,-0.1237,-0.1556,28,probe,model_internal_ready
Qwen_Qwen2.5-3B,decoder,bark,14,9,0,0.0,-0.0703,-0.1447,-0.1119,0.0328,-0.0416,-0.1344,-0.1917,29,probe,model_internal_ready
Qwen_Qwen2.5-3B,decoder,bark,14,9,0,0.0,-0.0563,-0.1371,-0.1135,0.0236,-0.0572,-0.1368,-0.1936,30,probe,model_internal_ready
Qwen_Qwen2.5-3B,decoder,bark,14,9,0,0.0,-0.0634,-0.1575,-0.114,0.0435,-0.0506,-0.1404,-0.2134,31,probe,model_internal_ready
Qwen_Qwen2.5-3B,decoder,bark,14,9,0,0.0,-0.0733,-0.1666,-0.0996,0.067,-0.0264,-0.1337,-0.2241,32,probe,model_internal_ready
Qwen_Qwen2.5-3B,decoder,bark,14,9,0,0.0,-0.0782,-0.1815,-0.0976,0.0838,-0.0194,-0.1357,-0.2366,33,probe,model_internal_ready
Qwen_Qwen2.5-3B,decoder,bark,14,10,1,0.1,-0.0897,-0.1989,-0.0805,0.1184,0.0091,-0.1268,-0.2516,34,probe,model_internal_ready
Qwen_Qwen2.5-3B,decoder,bark,14,10,2,0.2,-0.0951,-0.1981,-0.0802,0.1179,0.0149,-0.1215,-0.2463,35,probe,model_internal_ready
Qwen_Qwen2.5-3B,decoder,bark,14,9,1,0.111,-0.0858,-0.1876,-0.0814,0.1062,0.0044,-0.1027,-0.1887,36,probe,model_internal_ready
Qwen_Qwen2.5-3B,decoder,bat,14,8,1,0.125,-0.0685,-0.121,-0.0848,0.0362,-0.0163,-0.161,-0.2031,31,probe,model_internal_ready
Qwen_Qwen2.5-3B,decoder,bat,14,8,1,0.125,-0.0805,-0.1389,-0.0885,0.0504,-0.008,-0.1655,-0.2177,32,probe,model_internal_ready
Qwen_Qwen2.5-3B,decoder,bat,14,8,1,0.125,-0.0827,-0.1438,-0.0897,0.0541,-0.0069,-0.165,-0.2211,33,probe,model_internal_ready
Qwen_Qwen2.5-3B,decoder,bat,14,8,1,0.125,-0.0866,-0.1503,-0.0873,0.063,-0.0007,-0.1647,-0.2385,34,probe,model_internal_ready
Qwen_Qwen2.5-3B,decoder,crane,14,14,6,0.429,-0.103,-0.1712,-0.0327,0.1385,0.0703,-0.0805,-0.162,31,probe,model_internal_ready
Qwen_Qwen2.5-3B,decoder,crane,14,14,7,0.5,-0.1098,-0.1823,-0.0309,0.1515,0.0789,-0.083,-0.1794,32,probe,model_internal_ready
Qwen_Qwen2.5-3B,decoder,crane,14,14,7,0.5,-0.112,-0.1872,-0.0296,0.1576,0.0824,-0.0798,-0.1869,33,probe,model_internal_ready
Qwen_Qwen2.5-3B,decoder,crane,14,14,7,0.5,-0.1125,-0.1939,-0.0246,0.1694,0.0879,-0.0823,-0.1943,34,probe,model_internal_ready
Qwen_Qwen2.5-3B,decoder,crane,14,14,7,0.5,-0.1202,-0.2099,-0.0262,0.1836,0.0939,-0.0813,-0.2026,35,probe,model_internal_ready
Qwen_Qwen2.5-3B,decoder,crane,14,14,6,0.429,-0.142,-0.2484,-0.01,0.2384,0.132,-0.0577,-0.2342,36,probe,model_internal_ready
Qwen_Qwen2.5-3B,decoder,spring,14,10,3,0.3,-0.112,-0.1506,-0.0173,0.1333,0.0947,-0.0145,-0.1517,31,probe,model_internal_ready
Qwen_Qwen2.5-3B,decoder,spring,14,11,4,0.364,-0.1338,-0.172,-0.0237,0.1483,0.11,-0.0266,-0.1717,32,probe,model_internal_ready
Qwen_Qwen2.5-3B,decoder,spring,14,11,4,0.364,-0.1417,-0.1785,-0.0217,0.1568,0.1201,-0.0238,-0.1764,33,probe,model_internal_ready
Qwen_Qwen2.5-3B,decoder,spring,14,11,4,0.364,-0.1428,-0.1868,-0.02,0.1668,0.1228,-0.0242,-0.1859,34,probe,model_internal_ready
Qwen_Qwen2.5-3B,decoder,spring,14,11,4,0.364,-0.1376,-0.1853,-0.0223,0.1629,0.1152,-0.0266,-0.1867,35,probe,model_internal_ready
Qwen_Qwen2.5-3B,decoder,match,14,12,6,0.5,-0.0603,-0.0731,0.0454,0.1185,0.1057,-0.0173,-0.0724,2,probe,model_internal_ready
Qwen_Qwen2.5-3B,decoder,match,14,12,7,0.583,-0.0713,-0.0918,0.0257,0.1176,0.097,-0.0412,-0.0921,3,probe,model_internal_ready
Qwen_Qwen2.5-3B,decoder,match,14,7,0,0.0,-0.0385,-0.081,0.0129,0.0939,0.0514,-0.0345,-0.0938,4,probe,model_internal_ready
Qwen_Qwen2.5-3B,decoder,match,14,10,3,0.3,-0.0275,-0.0644,0.0205,0.085,0.048,-0.015,-0.0751,5,probe,model_internal_ready
Qwen_Qwen2.5-3B,decoder,match,14,10,3,0.3,-0.031,-0.0726,0.0055,0.0781,0.0365,-0.0302,-0.0661,6,probe,model_internal_ready
Qwen_Qwen2.5-3B,decoder,match,14,9,2,0.222,-0.0405,-0.0904,-0.0061,0.0842,0.0344,-0.0462,-0.0741,7,probe,model_internal_ready
Qwen_Qwen2.5-3B,decoder,match,14,9,2,0.222,-0.0397,-0.1034,-0.0054,0.0981,0.0344,-0.0563,-0.0859,8,probe,model_internal_ready
Qwen_Qwen2.5-3B,decoder,match,14,10,3,0.3,-0.049,-0.1255,-0.005,0.1205,0.044,-0.0696,-0.1349,9,probe,model_internal_ready
Qwen_Qwen2.5-3B,decoder,match,14,13,6,0.462,-0.0482,-0.1534,0.0095,0.1629,0.0577,-0.0332,-0.1307,10,probe,model_internal_ready
Qwen_Qwen2.5-3B,decoder,match,14,14,9,0.643,-0.0747,-0.1978,0.0245,0.2222,0.0992,-0.0269,-0.195,11,probe,model_internal_ready
Qwen_Qwen2.5-3B,decoder,match,14,14,7,0.5,-0.054,-0.204,0.0138,0.2178,0.0678,-0.0483,-0.2268,12,probe,model_internal_ready
Qwen_Qwen2.5-3B,decoder,match,14,14,6,0.429,-0.0848,-0.2477,-0.0176,0.2301,0.0672,-0.0869,-0.2899,13,probe,model_internal_ready
Qwen_Qwen2.5-3B,decoder,match,14,13,5,0.385,-0.0786,-0.264,-0.0156,0.2485,0.063,-0.0909,-0.2738,14,probe,model_internal_ready
Qwen_Qwen2.5-3B,decoder,match,14,12,5,0.417,-0.082,-0.2597,-0.0263,0.2335,0.0558,-0.1035,-0.2865,15,probe,model_internal_ready
Qwen_Qwen2.5-3B,decoder,match,14,12,5,0.417,-0.0751,-0.2718,-0.03,0.2418,0.0451,-0.1011,-0.2882,16,probe,model_internal_ready
Qwen_Qwen2.5-3B,decoder,match,14,12,5,0.417,-0.0666,-0.2591,-0.0274,0.2317,0.0392,-0.092,-0.2676,17,probe,model_internal_ready
Qwen_Qwen2.5-3B,decoder,match,14,12,5,0.417,-0.0633,-0.2613,-0.025,0.2363,0.0383,-0.0866,-0.268,18,probe,model_internal_ready
Qwen_Qwen2.5-3B,decoder,match,14,12,5,0.417,-0.0516,-0.2238,-0.0343,0.1895,0.0172,-0.0912,-0.2517,19,probe,model_internal_ready
Qwen_Qwen2.5-3B,decoder,match,14,12,5,0.417,-0.0498,-0.2219,-0.0303,0.1915,0.0194,-0.0802,-0.2399,20,probe,model_internal_ready
Qwen_Qwen2.5-3B,decoder,match,14,11,4,0.364,-0.0496,-0.2198,-0.0404,0.1795,0.0092,-0.0893,-0.2546,21,probe,model_internal_ready
Qwen_Qwen2.5-3B,decoder,match,14,11,3,0.273,-0.051,-0.2139,-0.0451,0.1688,0.0059,-0.0895,-0.2506,22,probe,model_internal_ready
Qwen_Qwen2.5-3B,decoder,match,14,10,2,0.2,-0.0497,-0.2063,-0.0479,0.1584,0.0018,-0.0917,-0.2476,23,probe,model_internal_ready
Qwen_Qwen2.5-3B,decoder,match,14,10,2,0.2,-0.0486,-0.2087,-0.0519,0.1568,-0.0034,-0.0921,-0.2481,24,probe,model_internal_ready
Qwen_Qwen2.5-3B,decoder,match,14,10,2,0.2,-0.0408,-0.1873,-0.0418,0.1456,-0.0009,-0.0797,-0.2208,25,probe,model_internal_ready
Qwen_Qwen2.5-3B,decoder,match,14,10,3,0.3,-0.0366,-0.173,-0.0389,0.1341,-0.0023,-0.0804,-0.2055,26,probe,model_internal_ready
Qwen_Qwen2.5-3B,decoder,match,14,10,2,0.2,-0.0306,-0.1812,-0.0427,0.1384,-0.0121,-0.0817,-0.2183,27,probe,model_internal_ready
Qwen_Qwen2.5-3B,decoder,match,14,10,2,0.2,-0.0384,-0.1864,-0.0401,0.1463,-0.0016,-0.0877,-0.232,28,probe,model_internal_ready
Qwen_Qwen2.5-3B,decoder,match,14,10,2,0.2,-0.0436,-0.1902,-0.0293,0.1609,0.0143,-0.0795,-0.229,29,probe,model_internal_ready
Qwen_Qwen2.5-3B,decoder,match,14,10,2,0.2,-0.0367,-0.1779,-0.0282,0.1497,0.0086,-0.0755,-0.2186,30,probe,model_internal_ready
Qwen_Qwen2.5-3B,decoder,match,14,11,3,0.273,-0.0334,-0.1819,-0.0254,0.1564,0.008,-0.0769,-0.2248,31,probe,model_internal_ready
Qwen_Qwen2.5-3B,decoder,match,14,11,4,0.364,-0.0386,-0.1871,-0.0254,0.1617,0.0131,-0.079,-0.2414,32,probe,model_internal_ready
Qwen_Qwen2.5-3B,decoder,match,14,11,4,0.364,-0.0398,-0.1959,-0.0253,0.1707,0.0145,-0.0785,-0.2529,33,probe,model_internal_ready
Qwen_Qwen2.5-3B,decoder,match,14,11,4,0.364,-0.0463,-0.2034,-0.0284,0.175,0.0179,-0.086,-0.2655,34,probe,model_internal_ready
Qwen_Qwen2.5-3B,decoder,match,14,11,4,0.364,-0.0466,-0.2006,-0.0323,0.1683,0.0143,-0.0904,-0.2714,35,probe,model_internal_ready
Qwen_Qwen2.5-3B,decoder,match,14,10,3,0.3,-0.0345,-0.1544,-0.0337,0.1207,0.0008,-0.0826,-0.2356,36,probe,model_internal_ready
Qwen_Qwen2.5-3B,decoder,pitch,14,10,5,0.5,-0.1052,-0.1179,0.0068,0.1246,0.112,-0.1693,-0.2089,13,probe,model_internal_ready
Qwen_Qwen2.5-3B,decoder,pitch,14,10,5,0.5,-0.1018,-0.1225,0.0076,0.1301,0.1094,-0.1654,-0.1928,14,probe,model_internal_ready
Qwen_Qwen2.5-3B,decoder,pitch,14,11,5,0.455,-0.0829,-0.1199,0.0112,0.1311,0.0942,-0.1542,-0.1672,15,probe,model_internal_ready
Qwen_Qwen2.5-3B,decoder,pitch,14,11,5,0.455,-0.0722,-0.1096,0.0097,0.1193,0.0819,-0.1539,-0.1527,16,probe,model_internal_ready
Qwen_Qwen2.5-3B,decoder,pitch,14,11,5,0.455,-0.065,-0.1067,-0.0001,0.1067,0.0649,-0.1612,-0.1411,17,probe,model_internal_ready
Qwen_Qwen2.5-3B,decoder,pitch,14,11,5,0.455,-0.065,-0.1021,-0.0101,0.092,0.0549,-0.1598,-0.1321,18,probe,model_internal_ready
Qwen_Qwen2.5-3B,decoder,pitch,14,12,5,0.417,-0.0599,-0.0944,-0.0126,0.0818,0.0473,-0.1413,-0.1328,19,probe,model_internal_ready
Qwen_Qwen2.5-3B,decoder,pitch,14,12,5,0.417,-0.0575,-0.0894,-0.0067,0.0827,0.0508,-0.1175,-0.1228,20,probe,model_internal_ready
Qwen_Qwen2.5-3B,decoder,pitch,14,12,5,0.417,-0.048,-0.0953,-0.0157,0.0796,0.0323,-0.1294,-0.1297,21,probe,model_internal_ready
Qwen_Qwen2.5-3B,decoder,pitch,14,12,5,0.417,-0.0472,-0.0876,-0.0135,0.0742,0.0337,-0.1249,-0.124,22,probe,model_internal_ready
Qwen_Qwen2.5-3B,decoder,pitch,14,11,4,0.364,-0.045,-0.078,-0.015,0.063,0.03,-0.1164,-0.1134,23,probe,model_internal_ready
Qwen_Qwen2.5-3B,decoder,pitch,14,11,4,0.364,-0.0452,-0.0735,-0.0233,0.0502,0.0219,-0.1261,-0.1092,24,probe,model_internal_ready
Qwen_Qwen2.5-3B,decoder,pitch,14,10,5,0.5,-0.0401,-0.071,-0.0362,0.0349,0.004,-0.1045,-0.0941,25,probe,model_internal_ready
Qwen_Qwen2.5-3B,decoder,pitch,14,10,3,0.3,-0.0443,-0.0684,-0.0442,0.0242,0.0002,-0.1064,-0.0909,26,probe,model_internal_ready
Qwen_Qwen2.5-3B,decoder,pitch,14,10,3,0.3,-0.0398,-0.0664,-0.0412,0.0252,-0.0014,-0.1109,-0.0862,27,probe,model_internal_ready
Qwen_Qwen2.5-3B,decoder,pitch,14,12,4,0.333,-0.0465,-0.1093,-0.0254,0.0838,0.021,-0.1066,-0.1237,28,probe,model_internal_ready
Qwen_Qwen2.5-3B,decoder,pitch,14,12,5,0.417,-0.051,-0.1263,-0.018,0.1083,0.033,-0.0998,-0.1448,29,probe,model_internal_ready
Qwen_Qwen2.5-3B,decoder,pitch,14,12,5,0.417,-0.0515,-0.1286,-0.0172,0.1114,0.0343,-0.0934,-0.1424,30,probe,model_internal_ready
Qwen_Qwen2.5-3B,decoder,pitch,14,13,5,0.385,-0.0584,-0.1516,-0.0088,0.1428,0.0496,-0.0981,-0.1634,31,probe,model_internal_ready
Qwen_Qwen2.5-3B,decoder,pitch,14,13,6,0.462,-0.0612,-0.161,-0.0027,0.1583,0.0586,-0.0965,-0.1739,32,probe,model_internal_ready
Qwen_Qwen2.5-3B,decoder,pitch,14,13,5,0.385,-0.065,-0.1684,-0.0012,0.1671,0.0638,-0.097,-0.1928,33,probe,model_internal_ready
Qwen_Qwen2.5-3B,decoder,pitch,14,13,6,0.462,-0.0675,-0.1802,0.0044,0.1846,0.072,-0.1025,-0.2133,34,probe,model_internal_ready
Qwen_Qwen2.5-7B,decoder,bank,14,7,2,0.286,-0.0631,-0.079,0.0718,0.1508,0.1349,-0.0038,-0.0924,2,probe,model_internal_ready
Qwen_Qwen2.5-7B,decoder,bank,14,14,6,0.429,-0.184,-0.3157,-0.0611,0.2546,0.1228,-0.159,-0.251,28,probe,model_internal_ready
Qwen_Qwen2.5-7B,decoder,bark,14,13,7,0.538,-0.1114,-0.1675,-0.0243,0.1432,0.0871,-0.0625,-0.2445,28,probe,model_internal_ready
Qwen_Qwen2.5-7B,decoder,bat,14,13,3,0.231,-0.0691,-0.0999,-0.0565,0.0434,0.0126,-0.0695,-0.1383,3,probe,model_internal_ready
Qwen_Qwen2.5-7B,decoder,crane,14,13,6,0.462,-0.1566,-0.1817,-0.0058,0.1759,0.1508,-0.0722,-0.1411,28,probe,model_internal_ready
Qwen_Qwen2.5-7B,decoder,spring,14,11,7,0.636,-0.0806,-0.0787,-0.0078,0.0709,0.0728,-0.0424,-0.0468,1,probe,model_internal_ready
Qwen_Qwen2.5-7B,decoder,match,14,11,8,0.727,-0.0654,-0.0738,0.0378,0.1117,0.1033,0.0012,-0.0781,1,probe,model_internal_ready
Qwen_Qwen2.5-7B,decoder,match,14,13,6,0.462,-0.045,-0.0842,-0.0084,0.0758,0.0367,-0.0256,-0.082,3,probe,model_internal_ready
Qwen_Qwen2.5-7B,decoder,match,14,13,5,0.385,-0.0579,-0.1539,-0.0197,0.1342,0.0382,-0.0641,-0.2097,25,probe,model_internal_ready
Qwen_Qwen2.5-7B,decoder,match,14,13,6,0.462,-0.067,-0.1629,-0.0132,0.1497,0.0538,-0.0601,-0.2249,27,probe,model_internal_ready
Qwen_Qwen2.5-7B,decoder,match,14,11,3,0.273,-0.0565,-0.167,-0.0373,0.1296,0.0192,-0.066,-0.2456,28,probe,model_internal_ready
Qwen_Qwen2.5-7B,decoder,pitch,14,10,5,0.5,-0.1137,-0.1185,0.0438,0.1623,0.1576,-0.0392,-0.1171,28,probe,model_internal_ready
mistralai_Mistral-Nemo-Base-2407,decoder,bank,14,14,8,0.571,-0.178,-0.1968,0.0229,0.2198,0.201,-0.0956,-0.1914,3,probe,model_internal_ready
mistralai_Mistral-Nemo-Base-2407,decoder,bank,14,14,6,0.429,-0.1522,-0.1807,-0.011,0.1697,0.1411,-0.1094,-0.1737,4,probe,model_internal_ready
mistralai_Mistral-Nemo-Base-2407,decoder,bank,14,13,4,0.308,-0.1428,-0.1843,-0.0157,0.1685,0.1271,-0.1044,-0.1612,5,probe,model_internal_ready
mistralai_Mistral-Nemo-Base-2407,decoder,bank,14,13,5,0.385,-0.1302,-0.1862,-0.006,0.1802,0.1242,-0.0935,-0.1512,6,probe,model_internal_ready
mistralai_Mistral-Nemo-Base-2407,decoder,bank,14,13,5,0.385,-0.1243,-0.1803,-0.0066,0.1737,0.1177,-0.0926,-0.1466,7,probe,model_internal_ready
mistralai_Mistral-Nemo-Base-2407,decoder,bank,14,14,6,0.429,-0.1185,-0.1789,0.0073,0.1862,0.1259,-0.0759,-0.1305,8,probe,model_internal_ready
mistralai_Mistral-Nemo-Base-2407,decoder,bank,14,13,5,0.385,-0.1082,-0.1631,0.0033,0.1664,0.1115,-0.0677,-0.1286,9,probe,model_internal_ready
mistralai_Mistral-Nemo-Base-2407,decoder,bank,14,13,6,0.462,-0.0936,-0.1463,0.0157,0.162,0.1093,-0.0511,-0.1142,10,probe,model_internal_ready
mistralai_Mistral-Nemo-Base-2407,decoder,bank,14,12,5,0.417,-0.0803,-0.1293,0.015,0.1444,0.0954,-0.0412,-0.0964,11,probe,model_internal_ready
mistralai_Mistral-Nemo-Base-2407,decoder,bank,14,12,5,0.417,-0.0745,-0.1118,0.0109,0.1227,0.0854,-0.044,-0.0909,12,probe,model_internal_ready
mistralai_Mistral-Nemo-Base-2407,decoder,bank,14,10,3,0.3,-0.0604,-0.0867,0.0103,0.0971,0.0708,-0.04,-0.0725,13,probe,model_internal_ready
mistralai_Mistral-Nemo-Base-2407,decoder,bank,14,7,1,0.143,-0.0559,-0.0765,0.0086,0.0851,0.0645,-0.0416,-0.0626,14,probe,model_internal_ready
mistralai_Mistral-Nemo-Base-2407,decoder,bank,14,10,5,0.5,-0.0606,-0.0793,0.0134,0.0927,0.074,-0.0346,-0.0625,15,probe,model_internal_ready
mistralai_Mistral-Nemo-Base-2407,decoder,bank,14,10,5,0.5,-0.059,-0.0714,0.0148,0.0862,0.0738,-0.0371,-0.0572,16,probe,model_internal_ready
mistralai_Mistral-Nemo-Base-2407,decoder,bank,14,9,5,0.556,-0.0539,-0.0681,0.0122,0.0803,0.0661,-0.0435,-0.058,17,probe,model_internal_ready
mistralai_Mistral-Nemo-Base-2407,decoder,bank,14,8,4,0.5,-0.0536,-0.0683,0.0189,0.0872,0.0725,-0.0369,-0.0635,18,probe,model_internal_ready
mistralai_Mistral-Nemo-Base-2407,decoder,bank,14,9,4,0.444,-0.0588,-0.0872,0.0138,0.101,0.0726,-0.0487,-0.0727,19,probe,model_internal_ready
mistralai_Mistral-Nemo-Base-2407,decoder,bank,14,9,4,0.444,-0.073,-0.1073,0.013,0.1203,0.086,-0.0604,-0.0948,20,probe,model_internal_ready
mistralai_Mistral-Nemo-Base-2407,decoder,bank,14,9,4,0.444,-0.0797,-0.1167,0.0118,0.1284,0.0914,-0.0642,-0.1112,21,probe,model_internal_ready
mistralai_Mistral-Nemo-Base-2407,decoder,bank,14,9,4,0.444,-0.0777,-0.1092,0.0078,0.117,0.0855,-0.0733,-0.1128,22,probe,model_internal_ready
mistralai_Mistral-Nemo-Base-2407,decoder,bank,14,9,4,0.444,-0.0744,-0.1081,0.0013,0.1095,0.0757,-0.0771,-0.1165,23,probe,model_internal_ready
mistralai_Mistral-Nemo-Base-2407,decoder,bank,14,9,4,0.444,-0.0863,-0.1176,0.0061,0.1237,0.0924,-0.0831,-0.129,24,probe,model_internal_ready
mistralai_Mistral-Nemo-Base-2407,decoder,bank,14,9,4,0.444,-0.0926,-0.1305,0.0047,0.1352,0.0973,-0.096,-0.1349,25,probe,model_internal_ready
mistralai_Mistral-Nemo-Base-2407,decoder,bank,14,9,4,0.444,-0.099,-0.1383,0.0029,0.1412,0.1019,-0.1041,-0.1445,26,probe,model_internal_ready
mistralai_Mistral-Nemo-Base-2407,decoder,bank,14,9,4,0.444,-0.0978,-0.1415,0.0034,0.1449,0.1012,-0.1072,-0.1429,27,probe,model_internal_ready
mistralai_Mistral-Nemo-Base-2407,decoder,bank,14,9,4,0.444,-0.096,-0.1361,0.003,0.1392,0.099,-0.1115,-0.1421,28,probe,model_internal_ready
mistralai_Mistral-Nemo-Base-2407,decoder,bank,14,9,5,0.556,-0.0959,-0.1347,0.0032,0.138,0.0991,-0.1095,-0.1417,29,probe,model_internal_ready
mistralai_Mistral-Nemo-Base-2407,decoder,bank,14,9,4,0.444,-0.0987,-0.1408,0.0009,0.1418,0.0997,-0.1192,-0.1448,30,probe,model_internal_ready
mistralai_Mistral-Nemo-Base-2407,decoder,bank,14,9,4,0.444,-0.0965,-0.1402,0.0009,0.1411,0.0974,-0.121,-0.143,31,probe,model_internal_ready
mistralai_Mistral-Nemo-Base-2407,decoder,bank,14,9,4,0.444,-0.0965,-0.1446,-0.001,0.1436,0.0954,-0.1245,-0.1453,32,probe,model_internal_ready
mistralai_Mistral-Nemo-Base-2407,decoder,bank,14,9,4,0.444,-0.0919,-0.1419,-0.0028,0.1391,0.0891,-0.1258,-0.1463,33,probe,model_internal_ready
mistralai_Mistral-Nemo-Base-2407,decoder,bank,14,9,4,0.444,-0.0895,-0.1398,-0.0016,0.1382,0.0879,-0.1177,-0.1433,34,probe,model_internal_ready
mistralai_Mistral-Nemo-Base-2407,decoder,bank,14,9,4,0.444,-0.09,-0.1444,-0.0009,0.1436,0.0892,-0.12,-0.1447,35,probe,model_internal_ready
mistralai_Mistral-Nemo-Base-2407,decoder,bank,14,9,4,0.444,-0.0924,-0.1456,0.0002,0.1458,0.0925,-0.1221,-0.1491,36,probe,model_internal_ready
mistralai_Mistral-Nemo-Base-2407,decoder,bank,14,9,4,0.444,-0.0895,-0.1384,-0.0042,0.1341,0.0852,-0.1222,-0.1454,37,probe,model_internal_ready
mistralai_Mistral-Nemo-Base-2407,decoder,bank,14,9,4,0.444,-0.0895,-0.1378,-0.0013,0.1365,0.0883,-0.1176,-0.1415,38,probe,model_internal_ready
mistralai_Mistral-Nemo-Base-2407,decoder,bank,14,9,3,0.333,-0.0986,-0.1464,-0.0079,0.1385,0.0907,-0.1373,-0.1501,39,probe,model_internal_ready
mistralai_Mistral-Nemo-Base-2407,decoder,bank,14,10,3,0.3,-0.1312,-0.15,-0.0101,0.1399,0.1212,-0.1607,-0.1633,40,probe,model_internal_ready
mistralai_Mistral-Nemo-Base-2407,decoder,bark,14,10,5,0.5,-0.0391,-0.0739,0.0452,0.119,0.0842,0.0035,-0.0835,15,probe,model_internal_ready
mistralai_Mistral-Nemo-Base-2407,decoder,bark,14,11,8,0.727,-0.041,-0.0714,0.0459,0.1172,0.0869,0.0055,-0.0785,16,probe,model_internal_ready
mistralai_Mistral-Nemo-Base-2407,decoder,bark,14,8,2,0.25,-0.0367,-0.0652,0.0389,0.1041,0.0756,-0.0062,-0.075,17,probe,model_internal_ready
mistralai_Mistral-Nemo-Base-2407,decoder,bark,14,8,3,0.375,-0.0404,-0.0621,0.047,0.1091,0.0874,-0.0021,-0.0721,18,probe,model_internal_ready
mistralai_Mistral-Nemo-Base-2407,decoder,bark,14,10,4,0.4,-0.0437,-0.0794,0.0387,0.1182,0.0824,-0.0094,-0.0793,19,probe,model_internal_ready
mistralai_Mistral-Nemo-Base-2407,decoder,bark,14,11,7,0.636,-0.0475,-0.0741,0.0592,0.1332,0.1067,0.0038,-0.0715,20,probe,model_internal_ready
mistralai_Mistral-Nemo-Base-2407,decoder,bark,14,12,8,0.667,-0.0509,-0.0773,0.0564,0.1337,0.1072,-0.0005,-0.0815,21,probe,model_internal_ready
mistralai_Mistral-Nemo-Base-2407,decoder,bark,14,11,8,0.727,-0.0537,-0.0746,0.061,0.1355,0.1147,0.0008,-0.0952,22,probe,model_internal_ready
mistralai_Mistral-Nemo-Base-2407,decoder,bark,14,11,10,0.909,-0.0477,-0.0585,0.0702,0.1287,0.1179,0.0083,-0.088,23,probe,model_internal_ready
mistralai_Mistral-Nemo-Base-2407,decoder,bark,14,11,9,0.818,-0.0533,-0.0682,0.0666,0.1347,0.1199,0.0044,-0.0951,24,probe,model_internal_ready
mistralai_Mistral-Nemo-Base-2407,decoder,bark,14,11,10,0.909,-0.0558,-0.0702,0.067,0.1372,0.1228,-0.0089,-0.1053,25,probe,model_internal_ready
mistralai_Mistral-Nemo-Base-2407,decoder,bark,14,11,9,0.818,-0.0565,-0.0779,0.0605,0.1384,0.117,-0.0181,-0.1181,26,probe,model_internal_ready
mistralai_Mistral-Nemo-Base-2407,decoder,bark,14,13,10,0.769,-0.0542,-0.0765,0.0604,0.137,0.1147,-0.0193,-0.1231,27,probe,model_internal_ready
mistralai_Mistral-Nemo-Base-2407,decoder,bark,14,12,9,0.75,-0.0551,-0.079,0.0552,0.1342,0.1104,-0.0255,-0.1275,28,probe,model_internal_ready
mistralai_Mistral-Nemo-Base-2407,decoder,bark,14,12,10,0.833,-0.0572,-0.0845,0.0502,0.1347,0.1074,-0.0303,-0.1338,29,probe,model_internal_ready
mistralai_Mistral-Nemo-Base-2407,decoder,bark,14,13,10,0.769,-0.0645,-0.0901,0.0602,0.1503,0.1247,-0.0279,-0.1425,30,probe,model_internal_ready
mistralai_Mistral-Nemo-Base-2407,decoder,bark,14,12,10,0.833,-0.0638,-0.085,0.0595,0.1445,0.1233,-0.0269,-0.1392,31,probe,model_internal_ready
mistralai_Mistral-Nemo-Base-2407,decoder,bark,14,12,9,0.75,-0.0652,-0.0844,0.0641,0.1485,0.1293,-0.0221,-0.1384,32,probe,model_internal_ready
mistralai_Mistral-Nemo-Base-2407,decoder,bark,14,12,9,0.75,-0.0635,-0.0838,0.0626,0.1464,0.1262,-0.0226,-0.1392,33,probe,model_internal_ready
mistralai_Mistral-Nemo-Base-2407,decoder,bark,14,13,10,0.769,-0.0625,-0.0838,0.0667,0.1505,0.1293,-0.0195,-0.1362,34,probe,model_internal_ready
mistralai_Mistral-Nemo-Base-2407,decoder,bark,14,12,10,0.833,-0.0588,-0.0818,0.0672,0.1491,0.126,-0.0222,-0.1444,35,probe,model_internal_ready
mistralai_Mistral-Nemo-Base-2407,decoder,bark,14,13,9,0.692,-0.0604,-0.0922,0.0569,0.1491,0.1173,-0.0291,-0.1535,36,probe,model_internal_ready
mistralai_Mistral-Nemo-Base-2407,decoder,bark,14,13,9,0.692,-0.0559,-0.093,0.0551,0.1481,0.111,-0.0322,-0.1539,37,probe,model_internal_ready
mistralai_Mistral-Nemo-Base-2407,decoder,bat,14,14,6,0.429,-0.1087,-0.1529,-0.0445,0.1084,0.0642,-0.113,-0.1589,5,probe,model_internal_ready
mistralai_Mistral-Nemo-Base-2407,decoder,bat,14,12,4,0.333,-0.0898,-0.1258,-0.0424,0.0834,0.0474,-0.1065,-0.1518,6,probe,model_internal_ready
mistralai_Mistral-Nemo-Base-2407,decoder,bat,14,11,5,0.455,-0.0824,-0.1283,-0.0438,0.0845,0.0386,-0.1045,-0.1469,7,probe,model_internal_ready
mistralai_Mistral-Nemo-Base-2407,decoder,bat,14,12,5,0.417,-0.0789,-0.1239,-0.0402,0.0837,0.0387,-0.0874,-0.1469,8,probe,model_internal_ready
mistralai_Mistral-Nemo-Base-2407,decoder,bat,14,10,4,0.4,-0.0665,-0.1199,-0.0456,0.0743,0.0209,-0.0935,-0.1535,9,probe,model_internal_ready
mistralai_Mistral-Nemo-Base-2407,decoder,bat,14,13,4,0.308,-0.0593,-0.1309,-0.0444,0.0864,0.0149,-0.0894,-0.1587,10,probe,model_internal_ready
mistralai_Mistral-Nemo-Base-2407,decoder,bat,14,11,1,0.091,-0.0532,-0.1171,-0.0519,0.0652,0.0014,-0.0885,-0.16,11,probe,model_internal_ready
mistralai_Mistral-Nemo-Base-2407,decoder,bat,14,9,0,0.0,-0.0516,-0.1113,-0.063,0.0483,-0.0114,-0.1,-0.1787,12,probe,model_internal_ready
mistralai_Mistral-Nemo-Base-2407,decoder,bat,14,7,0,0.0,-0.0425,-0.0819,-0.0526,0.0293,-0.0101,-0.0863,-0.1414,13,probe,model_internal_ready
mistralai_Mistral-Nemo-Base-2407,decoder,bat,14,7,0,0.0,-0.0305,-0.0786,-0.0546,0.024,-0.0241,-0.0967,-0.1428,14,probe,model_internal_ready
mistralai_Mistral-Nemo-Base-2407,decoder,bat,14,7,0,0.0,-0.0325,-0.0844,-0.0554,0.029,-0.0229,-0.091,-0.1516,15,probe,model_internal_ready
mistralai_Mistral-Nemo-Base-2407,decoder,bat,14,7,0,0.0,-0.0281,-0.0869,-0.0583,0.0285,-0.0302,-0.0949,-0.154,16,probe,model_internal_ready
mistralai_Mistral-Nemo-Base-2407,decoder,bat,14,7,0,0.0,-0.0251,-0.0817,-0.0508,0.0309,-0.0258,-0.0814,-0.1401,17,probe,model_internal_ready
mistralai_Mistral-Nemo-Base-2407,decoder,bat,14,7,0,0.0,-0.0258,-0.0876,-0.0486,0.039,-0.0229,-0.0864,-0.1525,18,probe,model_internal_ready
mistralai_Mistral-Nemo-Base-2407,decoder,bat,14,7,0,0.0,-0.016,-0.0815,-0.0462,0.0354,-0.0302,-0.0836,-0.1462,19,probe,model_internal_ready
mistralai_Mistral-Nemo-Base-2407,decoder,bat,14,8,1,0.125,-0.0133,-0.0992,-0.0501,0.0491,-0.0368,-0.0895,-0.1574,20,probe,model_internal_ready
mistralai_Mistral-Nemo-Base-2407,decoder,bat,14,10,1,0.1,-0.0116,-0.1014,-0.0399,0.0614,-0.0283,-0.0819,-0.1556,21,probe,model_internal_ready
mistralai_Mistral-Nemo-Base-2407,decoder,bat,14,10,1,0.1,-0.0038,-0.0945,-0.0395,0.055,-0.0357,-0.0847,-0.1606,22,probe,model_internal_ready
mistralai_Mistral-Nemo-Base-2407,decoder,bat,14,10,2,0.2,-0.0063,-0.0913,-0.0385,0.0527,-0.0322,-0.0771,-0.1609,23,probe,model_internal_ready
mistralai_Mistral-Nemo-Base-2407,decoder,bat,14,10,2,0.2,-0.0057,-0.0931,-0.0341,0.059,-0.0285,-0.0702,-0.1591,24,probe,model_internal_ready
mistralai_Mistral-Nemo-Base-2407,decoder,bat,14,10,2,0.2,-0.0072,-0.103,-0.0345,0.0686,-0.0273,-0.0776,-0.1701,25,probe,model_internal_ready
mistralai_Mistral-Nemo-Base-2407,decoder,bat,14,10,2,0.2,-0.0062,-0.1038,-0.0343,0.0694,-0.0281,-0.0773,-0.1733,26,probe,model_internal_ready
mistralai_Mistral-Nemo-Base-2407,decoder,bat,14,10,2,0.2,-0.0053,-0.1044,-0.0346,0.0698,-0.0293,-0.0751,-0.1764,27,probe,model_internal_ready
mistralai_Mistral-Nemo-Base-2407,decoder,bat,14,10,2,0.2,-0.0038,-0.1034,-0.0368,0.0666,-0.033,-0.0772,-0.1746,28,probe,model_internal_ready
mistralai_Mistral-Nemo-Base-2407,decoder,bat,14,9,2,0.222,-0.0015,-0.1021,-0.0339,0.0682,-0.0325,-0.0729,-0.1778,29,probe,model_internal_ready
mistralai_Mistral-Nemo-Base-2407,decoder,bat,14,9,2,0.222,-0.0055,-0.1051,-0.0379,0.0672,-0.0323,-0.0822,-0.1822,30,probe,model_internal_ready
mistralai_Mistral-Nemo-Base-2407,decoder,bat,14,9,2,0.222,-0.0079,-0.1051,-0.0365,0.0687,-0.0285,-0.0788,-0.1833,31,probe,model_internal_ready
mistralai_Mistral-Nemo-Base-2407,decoder,bat,14,9,2,0.222,-0.0098,-0.1038,-0.0352,0.0686,-0.0254,-0.0776,-0.1852,32,probe,model_internal_ready
mistralai_Mistral-Nemo-Base-2407,decoder,bat,14,9,2,0.222,-0.0106,-0.1019,-0.0356,0.0663,-0.025,-0.0752,-0.187,33,probe,model_internal_ready
mistralai_Mistral-Nemo-Base-2407,decoder,bat,14,9,2,0.222,-0.0116,-0.1008,-0.0328,0.068,-0.0212,-0.0729,-0.1874,34,probe,model_internal_ready
mistralai_Mistral-Nemo-Base-2407,decoder,bat,14,9,2,0.222,-0.0118,-0.1012,-0.0301,0.0711,-0.0183,-0.0724,-0.1868,35,probe,model_internal_ready
mistralai_Mistral-Nemo-Base-2407,decoder,bat,14,9,2,0.222,-0.011,-0.1026,-0.0307,0.0719,-0.0197,-0.0765,-0.1919,36,probe,model_internal_ready
mistralai_Mistral-Nemo-Base-2407,decoder,bat,14,9,2,0.222,-0.0131,-0.1028,-0.0357,0.0671,-0.0226,-0.0818,-0.1953,37,probe,model_internal_ready
mistralai_Mistral-Nemo-Base-2407,decoder,bat,14,9,2,0.222,-0.0142,-0.1034,-0.0393,0.0641,-0.025,-0.0875,-0.1953,38,probe,model_internal_ready
mistralai_Mistral-Nemo-Base-2407,decoder,crane,14,10,1,0.1,-0.1155,-0.1122,-0.0212,0.091,0.0943,-0.0965,-0.1823,4,probe,model_internal_ready
mistralai_Mistral-Nemo-Base-2407,decoder,crane,14,13,3,0.231,-0.1165,-0.1614,-0.0453,0.1161,0.0712,-0.132,-0.2468,5,probe,model_internal_ready
mistralai_Mistral-Nemo-Base-2407,decoder,crane,14,11,1,0.091,-0.0975,-0.1397,-0.0356,0.1041,0.0619,-0.1086,-0.2222,6,probe,model_internal_ready
mistralai_Mistral-Nemo-Base-2407,decoder,crane,14,11,1,0.091,-0.0924,-0.1284,-0.0336,0.0947,0.0588,-0.0973,-0.2117,7,probe,model_internal_ready
mistralai_Mistral-Nemo-Base-2407,decoder,crane,14,11,2,0.182,-0.0813,-0.1104,-0.0247,0.0857,0.0566,-0.0871,-0.1964,8,probe,model_internal_ready
mistralai_Mistral-Nemo-Base-2407,decoder,crane,14,11,2,0.182,-0.0728,-0.1014,-0.0154,0.086,0.0574,-0.076,-0.178,9,probe,model_internal_ready
mistralai_Mistral-Nemo-Base-2407,decoder,crane,14,11,3,0.273,-0.0652,-0.1067,-0.0002,0.1064,0.065,-0.058,-0.1563,10,probe,model_internal_ready
mistralai_Mistral-Nemo-Base-2407,decoder,crane,14,14,7,0.5,-0.0625,-0.108,-0.0224,0.0856,0.0401,-0.0748,-0.1626,11,probe,model_internal_ready
mistralai_Mistral-Nemo-Base-2407,decoder,crane,14,14,5,0.357,-0.0631,-0.1057,-0.0227,0.083,0.0403,-0.0759,-0.1566,12,probe,model_internal_ready
mistralai_Mistral-Nemo-Base-2407,decoder,crane,14,14,5,0.357,-0.0549,-0.0972,-0.0198,0.0773,0.0351,-0.0717,-0.1394,13,probe,model_internal_ready
mistralai_Mistral-Nemo-Base-2407,decoder,crane,14,13,4,0.308,-0.0457,-0.0887,-0.0169,0.0718,0.0288,-0.0639,-0.131,14,probe,model_internal_ready
mistralai_Mistral-Nemo-Base-2407,decoder,crane,14,13,4,0.308,-0.0494,-0.0883,-0.0128,0.0755,0.0366,-0.0613,-0.1282,15,probe,model_internal_ready
mistralai_Mistral-Nemo-Base-2407,decoder,crane,14,12,3,0.25,-0.0486,-0.0848,-0.0074,0.0774,0.0412,-0.0572,-0.1135,16,probe,model_internal_ready
mistralai_Mistral-Nemo-Base-2407,decoder,crane,14,12,3,0.25,-0.0473,-0.0744,-0.0083,0.0661,0.039,-0.0617,-0.1084,17,probe,model_internal_ready
mistralai_Mistral-Nemo-Base-2407,decoder,crane,14,13,7,0.538,-0.0494,-0.0711,-0.0073,0.0638,0.0421,-0.062,-0.1152,18,probe,model_internal_ready
mistralai_Mistral-Nemo-Base-2407,decoder,crane,14,10,5,0.5,-0.0481,-0.0659,-0.0013,0.0646,0.0468,-0.0594,-0.1091,19,probe,model_internal_ready
mistralai_Mistral-Nemo-Base-2407,decoder,crane,14,13,5,0.385,-0.0575,-0.075,-0.013,0.062,0.0446,-0.0711,-0.1365,20,probe,model_internal_ready
mistralai_Mistral-Nemo-Base-2407,decoder,crane,14,13,6,0.462,-0.0711,-0.0901,-0.0159,0.0742,0.0552,-0.0798,-0.1518,21,probe,model_internal_ready
mistralai_Mistral-Nemo-Base-2407,decoder,crane,14,13,6,0.462,-0.071,-0.0865,-0.0163,0.0702,0.0547,-0.0835,-0.154,22,probe,model_internal_ready
mistralai_Mistral-Nemo-Base-2407,decoder,crane,14,10,3,0.3,-0.0654,-0.0829,-0.0233,0.0595,0.042,-0.0881,-0.1543,23,probe,model_internal_ready
mistralai_Mistral-Nemo-Base-2407,decoder,crane,14,11,4,0.364,-0.0725,-0.0941,-0.0224,0.0717,0.0501,-0.0936,-0.1773,24,probe,model_internal_ready
mistralai_Mistral-Nemo-Base-2407,decoder,crane,14,10,3,0.3,-0.0767,-0.0948,-0.0292,0.0656,0.0475,-0.1035,-0.1931,25,probe,model_internal_ready
mistralai_Mistral-Nemo-Base-2407,decoder,crane,14,13,4,0.308,-0.0832,-0.103,-0.0333,0.0697,0.0499,-0.1064,-0.2038,26,probe,model_internal_ready
mistralai_Mistral-Nemo-Base-2407,decoder,crane,14,11,4,0.364,-0.0796,-0.0991,-0.036,0.0632,0.0436,-0.1071,-0.2021,27,probe,model_internal_ready
mistralai_Mistral-Nemo-Base-2407,decoder,crane,14,11,4,0.364,-0.0784,-0.0956,-0.038,0.0576,0.0404,-0.1064,-0.2018,28,probe,model_internal_ready
mistralai_Mistral-Nemo-Base-2407,decoder,crane,14,11,4,0.364,-0.0814,-0.0971,-0.0394,0.0577,0.042,-0.1071,-0.2099,29,probe,model_internal_ready
mistralai_Mistral-Nemo-Base-2407,decoder,crane,14,12,5,0.417,-0.0946,-0.108,-0.0445,0.0635,0.0501,-0.1173,-0.2226,30,probe,model_internal_ready
mistralai_Mistral-Nemo-Base-2407,decoder,crane,14,12,4,0.333,-0.0949,-0.1077,-0.0445,0.0632,0.0505,-0.1165,-0.2215,31,probe,model_internal_ready
mistralai_Mistral-Nemo-Base-2407,decoder,crane,14,12,4,0.333,-0.0912,-0.1044,-0.0453,0.059,0.0458,-0.1181,-0.2189,32,probe,model_internal_ready
mistralai_Mistral-Nemo-Base-2407,decoder,crane,14,13,5,0.385,-0.0934,-0.1079,-0.0458,0.0621,0.0476,-0.1177,-0.2228,33,probe,model_internal_ready
mistralai_Mistral-Nemo-Base-2407,decoder,crane,14,12,4,0.333,-0.0903,-0.1046,-0.0447,0.0599,0.0457,-0.1164,-0.2177,34,probe,model_internal_ready
mistralai_Mistral-Nemo-Base-2407,decoder,crane,14,13,5,0.385,-0.0912,-0.1049,-0.047,0.0579,0.0442,-0.1212,-0.2211,35,probe,model_internal_ready
mistralai_Mistral-Nemo-Base-2407,decoder,crane,14,13,5,0.385,-0.0906,-0.102,-0.0435,0.0584,0.0472,-0.1195,-0.2193,36,probe,model_internal_ready
mistralai_Mistral-Nemo-Base-2407,decoder,crane,14,12,5,0.417,-0.0852,-0.0987,-0.0443,0.0543,0.0409,-0.121,-0.2189,37,probe,model_internal_ready
mistralai_Mistral-Nemo-Base-2407,decoder,crane,14,11,4,0.364,-0.0788,-0.0942,-0.0434,0.0508,0.0354,-0.1241,-0.2213,38,probe,model_internal_ready
mistralai_Mistral-Nemo-Base-2407,decoder,crane,14,10,2,0.2,-0.1018,-0.1131,-0.0637,0.0494,0.0381,-0.1525,-0.2684,39,probe,model_internal_ready
mistralai_Mistral-Nemo-Base-2407,decoder,crane,14,11,2,0.182,-0.1331,-0.1165,-0.0594,0.0571,0.0737,-0.1696,-0.2949,40,probe,model_internal_ready
mistralai_Mistral-Nemo-Base-2407,decoder,spring,14,13,3,0.231,-0.0675,-0.1366,-0.0432,0.0934,0.0242,-0.1211,-0.113,12,probe,model_internal_ready
mistralai_Mistral-Nemo-Base-2407,decoder,match,14,11,5,0.455,-0.0507,-0.0442,0.036,0.0802,0.0867,-0.0194,-0.0926,2,probe,model_internal_ready
mistralai_Mistral-Nemo-Base-2407,decoder,match,14,11,8,0.727,-0.0568,-0.056,0.0355,0.0915,0.0923,-0.0345,-0.1264,3,probe,model_internal_ready
mistralai_Mistral-Nemo-Base-2407,decoder,match,14,11,6,0.545,-0.0404,-0.0638,0.021,0.0848,0.0614,-0.0486,-0.128,4,probe,model_internal_ready
mistralai_Mistral-Nemo-Base-2407,decoder,match,14,12,8,0.667,-0.0443,-0.0908,0.0287,0.1195,0.073,-0.0464,-0.15,5,probe,model_internal_ready
mistralai_Mistral-Nemo-Base-2407,decoder,match,14,10,3,0.3,-0.0353,-0.0914,0.0313,0.1228,0.0667,-0.0313,-0.1712,6,probe,model_internal_ready
mistralai_Mistral-Nemo-Base-2407,decoder,match,14,10,3,0.3,-0.0294,-0.0842,0.0193,0.1035,0.0487,-0.0379,-0.1597,7,probe,model_internal_ready
mistralai_Mistral-Nemo-Base-2407,decoder,match,14,11,4,0.364,-0.023,-0.089,0.0232,0.1122,0.0462,-0.0366,-0.166,8,probe,model_internal_ready
mistralai_Mistral-Nemo-Base-2407,decoder,match,14,10,5,0.5,-0.0149,-0.0823,0.0222,0.1045,0.037,-0.0317,-0.1624,9,probe,model_internal_ready
mistralai_Mistral-Nemo-Base-2407,decoder,match,14,12,6,0.5,-0.0097,-0.1016,0.0196,0.1213,0.0293,-0.0308,-0.1743,10,probe,model_internal_ready
mistralai_Mistral-Nemo-Base-2407,decoder,match,14,12,6,0.5,-0.0078,-0.1035,0.0146,0.1181,0.0225,-0.0345,-0.1671,11,probe,model_internal_ready
mistralai_Mistral-Nemo-Base-2407,decoder,match,14,13,6,0.462,-0.0089,-0.1186,0.0048,0.1234,0.0138,-0.0421,-0.1936,12,probe,model_internal_ready
mistralai_Mistral-Nemo-Base-2407,decoder,match,14,7,0,0.0,-0.0084,-0.094,0.0073,0.1014,0.0157,-0.0374,-0.1608,13,probe,model_internal_ready
mistralai_Mistral-Nemo-Base-2407,decoder,match,14,7,0,0.0,-0.0104,-0.1074,-0.0076,0.0998,0.0028,-0.0501,-0.1818,14,probe,model_internal_ready
mistralai_Mistral-Nemo-Base-2407,decoder,match,14,10,4,0.4,-0.0113,-0.1149,-0.0083,0.1066,0.003,-0.0521,-0.1828,15,probe,model_internal_ready
mistralai_Mistral-Nemo-Base-2407,decoder,match,14,11,4,0.364,-0.0097,-0.114,-0.0098,0.1043,-0.0001,-0.0542,-0.172,16,probe,model_internal_ready
mistralai_Mistral-Nemo-Base-2407,decoder,match,14,10,3,0.3,-0.0059,-0.1046,-0.013,0.0916,-0.0071,-0.0519,-0.1633,17,probe,model_internal_ready
mistralai_Mistral-Nemo-Base-2407,decoder,match,14,11,5,0.455,-0.0133,-0.1044,-0.0158,0.0885,-0.0025,-0.0542,-0.1683,18,probe,model_internal_ready
mistralai_Mistral-Nemo-Base-2407,decoder,match,14,11,5,0.455,-0.0128,-0.1268,-0.031,0.0958,-0.0182,-0.077,-0.188,19,probe,model_internal_ready
mistralai_Mistral-Nemo-Base-2407,decoder,match,14,12,5,0.417,-0.0223,-0.1558,-0.0493,0.1065,-0.027,-0.1012,-0.222,20,probe,model_internal_ready
mistralai_Mistral-Nemo-Base-2407,decoder,match,14,12,5,0.417,-0.0244,-0.1656,-0.0481,0.1176,-0.0237,-0.106,-0.2337,21,probe,model_internal_ready
mistralai_Mistral-Nemo-Base-2407,decoder,match,14,12,5,0.417,-0.0275,-0.1779,-0.056,0.1219,-0.0285,-0.1184,-0.2507,22,probe,model_internal_ready
mistralai_Mistral-Nemo-Base-2407,decoder,match,14,12,5,0.417,-0.024,-0.1908,-0.066,0.1248,-0.042,-0.1301,-0.2587,23,probe,model_internal_ready
mistralai_Mistral-Nemo-Base-2407,decoder,match,14,12,5,0.417,-0.023,-0.1899,-0.0603,0.1296,-0.0373,-0.1221,-0.2603,24,probe,model_internal_ready
mistralai_Mistral-Nemo-Base-2407,decoder,match,14,12,4,0.333,-0.0271,-0.2055,-0.0726,0.1329,-0.0455,-0.139,-0.2768,25,probe,model_internal_ready
mistralai_Mistral-Nemo-Base-2407,decoder,match,14,12,3,0.25,-0.0301,-0.215,-0.0783,0.1367,-0.0482,-0.1467,-0.2838,26,probe,model_internal_ready
mistralai_Mistral-Nemo-Base-2407,decoder,match,14,13,4,0.308,-0.029,-0.2216,-0.0786,0.1429,-0.0496,-0.1482,-0.2884,27,probe,model_internal_ready
mistralai_Mistral-Nemo-Base-2407,decoder,match,14,13,3,0.231,-0.0294,-0.2192,-0.0796,0.1396,-0.0501,-0.153,-0.2892,28,probe,model_internal_ready
mistralai_Mistral-Nemo-Base-2407,decoder,match,14,13,4,0.308,-0.0289,-0.2183,-0.0779,0.1405,-0.049,-0.1518,-0.2903,29,probe,model_internal_ready
mistralai_Mistral-Nemo-Base-2407,decoder,match,14,13,4,0.308,-0.028,-0.2286,-0.0801,0.1484,-0.0521,-0.1549,-0.2889,30,probe,model_internal_ready
mistralai_Mistral-Nemo-Base-2407,decoder,match,14,13,5,0.385,-0.029,-0.2248,-0.0748,0.15,-0.0458,-0.1483,-0.2811,31,probe,model_internal_ready
mistralai_Mistral-Nemo-Base-2407,decoder,match,14,12,5,0.417,-0.0283,-0.2293,-0.0818,0.1475,-0.0535,-0.1583,-0.2889,32,probe,model_internal_ready
mistralai_Mistral-Nemo-Base-2407,decoder,match,14,13,4,0.308,-0.0282,-0.2235,-0.0789,0.1447,-0.0506,-0.154,-0.2841,33,probe,model_internal_ready
mistralai_Mistral-Nemo-Base-2407,decoder,match,14,12,5,0.417,-0.0269,-0.2227,-0.0794,0.1432,-0.0525,-0.1527,-0.2831,34,probe,model_internal_ready
mistralai_Mistral-Nemo-Base-2407,decoder,match,14,12,5,0.417,-0.0282,-0.2339,-0.084,0.1498,-0.0559,-0.1571,-0.2893,35,probe,model_internal_ready
mistralai_Mistral-Nemo-Base-2407,decoder,match,14,12,5,0.417,-0.0271,-0.2283,-0.0765,0.1518,-0.0494,-0.1478,-0.2864,36,probe,model_internal_ready
mistralai_Mistral-Nemo-Base-2407,decoder,match,14,13,4,0.308,-0.0264,-0.2256,-0.0758,0.1497,-0.0494,-0.1441,-0.2937,37,probe,model_internal_ready
mistralai_Mistral-Nemo-Base-2407,decoder,match,14,13,4,0.308,-0.0265,-0.218,-0.074,0.144,-0.0475,-0.1433,-0.2869,38,probe,model_internal_ready
mistralai_Mistral-Nemo-Base-2407,decoder,match,14,13,3,0.231,-0.0329,-0.2339,-0.0747,0.1593,-0.0418,-0.149,-0.3083,39,probe,model_internal_ready
mistralai_Mistral-Nemo-Base-2407,decoder,match,14,12,2,0.167,-0.0271,-0.2235,-0.0711,0.1524,-0.0439,-0.1504,-0.3359,40,probe,model_internal_ready
mistralai_Mistral-Nemo-Base-2407,decoder,pitch,14,12,6,0.5,-0.0741,-0.1106,0.011,0.1217,0.0851,-0.0575,-0.1186,5,probe,model_internal_ready
mistralai_Mistral-Nemo-Base-2407,decoder,pitch,14,12,6,0.5,-0.0608,-0.095,0.0083,0.1032,0.069,-0.055,-0.12,6,probe,model_internal_ready
mistralai_Mistral-Nemo-Base-2407,decoder,pitch,14,12,5,0.417,-0.0472,-0.0791,0.0102,0.0893,0.0574,-0.0509,-0.1021,7,probe,model_internal_ready
mistralai_Mistral-Nemo-Base-2407,decoder,pitch,14,13,7,0.538,-0.0465,-0.0853,0.0177,0.103,0.0642,-0.0336,-0.0989,8,probe,model_internal_ready
mistralai_Mistral-Nemo-Base-2407,decoder,pitch,14,13,7,0.538,-0.0389,-0.0779,0.0222,0.1002,0.0612,-0.0348,-0.0937,9,probe,model_internal_ready
mistralai_Mistral-Nemo-Base-2407,decoder,pitch,14,12,7,0.583,-0.0362,-0.0868,0.0343,0.1211,0.0705,-0.016,-0.0833,10,probe,model_internal_ready
mistralai_Mistral-Nemo-Base-2407,decoder,pitch,14,12,7,0.583,-0.039,-0.0878,0.0377,0.1255,0.0766,-0.0113,-0.0824,11,probe,model_internal_ready
mistralai_Mistral-Nemo-Base-2407,decoder,pitch,14,12,7,0.583,-0.0385,-0.0922,0.0307,0.1229,0.0692,-0.0164,-0.0923,12,probe,model_internal_ready
mistralai_Mistral-Nemo-Base-2407,decoder,pitch,14,8,1,0.125,-0.0228,-0.0746,0.0197,0.0943,0.0424,-0.0204,-0.0767,13,probe,model_internal_ready
mistralai_Mistral-Nemo-Base-2407,decoder,pitch,14,10,4,0.4,-0.0207,-0.0783,0.0172,0.0955,0.0379,-0.0122,-0.0793,14,probe,model_internal_ready
mistralai_Mistral-Nemo-Base-2407,decoder,pitch,14,10,2,0.2,-0.0202,-0.0724,0.019,0.0913,0.0392,-0.0176,-0.0778,15,probe,model_internal_ready
mistralai_Mistral-Nemo-Base-2407,decoder,pitch,14,10,2,0.2,-0.0181,-0.0698,0.0273,0.0971,0.0454,-0.0085,-0.0673,16,probe,model_internal_ready
mistralai_Mistral-Nemo-Base-2407,decoder,pitch,14,9,2,0.222,-0.0146,-0.0608,0.0214,0.0822,0.0361,-0.0177,-0.0608,17,probe,model_internal_ready
mistralai_Mistral-Nemo-Base-2407,decoder,pitch,14,12,6,0.5,-0.0207,-0.0613,0.0225,0.0838,0.0432,-0.0236,-0.0681,18,probe,model_internal_ready
mistralai_Mistral-Nemo-Base-2407,decoder,pitch,14,11,4,0.364,-0.014,-0.0581,0.015,0.0731,0.029,-0.0331,-0.0659,19,probe,model_internal_ready
mistralai_Mistral-Nemo-Base-2407,decoder,pitch,14,11,4,0.364,-0.0168,-0.0678,0.0205,0.0883,0.0373,-0.0353,-0.0761,20,probe,model_internal_ready
mistralai_Mistral-Nemo-Base-2407,decoder,pitch,14,10,4,0.4,-0.0199,-0.0729,0.0078,0.0807,0.0277,-0.0591,-0.0855,21,probe,model_internal_ready
mistralai_Mistral-Nemo-Base-2407,decoder,pitch,14,9,3,0.333,-0.016,-0.0714,0.0088,0.0801,0.0248,-0.064,-0.0895,22,probe,model_internal_ready
mistralai_Mistral-Nemo-Base-2407,decoder,pitch,14,9,3,0.333,-0.0103,-0.0753,-0.004,0.0713,0.0063,-0.0766,-0.0909,23,probe,model_internal_ready
mistralai_Mistral-Nemo-Base-2407,decoder,pitch,14,9,3,0.333,-0.0095,-0.0809,-0.0038,0.0771,0.0057,-0.09,-0.0952,24,probe,model_internal_ready
mistralai_Mistral-Nemo-Base-2407,decoder,pitch,14,9,3,0.333,-0.0063,-0.0868,-0.0103,0.0765,-0.004,-0.101,-0.1029,25,probe,model_internal_ready
mistralai_Mistral-Nemo-Base-2407,decoder,pitch,14,9,3,0.333,-0.0056,-0.0944,-0.0136,0.0808,-0.008,-0.1125,-0.1134,26,probe,model_internal_ready
mistralai_Mistral-Nemo-Base-2407,decoder,pitch,14,9,3,0.333,-0.006,-0.0985,-0.0135,0.0849,-0.0075,-0.1193,-0.1187,27,probe,model_internal_ready
mistralai_Mistral-Nemo-Base-2407,decoder,pitch,14,9,3,0.333,-0.0069,-0.0978,-0.013,0.0847,-0.0061,-0.1183,-0.1185,28,probe,model_internal_ready
mistralai_Mistral-Nemo-Base-2407,decoder,pitch,14,9,3,0.333,-0.0062,-0.0978,-0.0153,0.0826,-0.0091,-0.1208,-0.1204,29,probe,model_internal_ready
mistralai_Mistral-Nemo-Base-2407,decoder,pitch,14,10,4,0.4,-0.004,-0.0974,-0.0162,0.0812,-0.0123,-0.1262,-0.1211,30,probe,model_internal_ready
mistralai_Mistral-Nemo-Base-2407,decoder,pitch,14,10,4,0.4,-0.0026,-0.0978,-0.0193,0.0784,-0.0168,-0.137,-0.1215,31,probe,model_internal_ready
mistralai_Mistral-Nemo-Base-2407,decoder,pitch,14,10,4,0.4,-0.0029,-0.0956,-0.018,0.0776,-0.0151,-0.1409,-0.1224,32,probe,model_internal_ready
mistralai_Mistral-Nemo-Base-2407,decoder,pitch,14,10,3,0.3,-0.0023,-0.0994,-0.0169,0.0825,-0.0146,-0.1448,-0.1257,33,probe,model_internal_ready
mistralai_Mistral-Nemo-Base-2407,decoder,pitch,14,10,3,0.3,-0.0042,-0.101,-0.013,0.088,-0.0088,-0.1341,-0.1255,34,probe,model_internal_ready
mistralai_Mistral-Nemo-Base-2407,decoder,pitch,14,10,3,0.3,-0.0042,-0.0963,-0.0092,0.087,-0.005,-0.1346,-0.1212,35,probe,model_internal_ready
mistralai_Mistral-Nemo-Base-2407,decoder,pitch,14,10,3,0.3,-0.0072,-0.0991,-0.0083,0.0908,-0.0011,-0.1236,-0.125,36,probe,model_internal_ready
allenai_OLMo-2-1124-7B,decoder,bank,14,14,8,0.571,-0.194,-0.2207,0.0003,0.2211,0.1943,-0.1746,-0.3067,2,probe,model_internal_ready
allenai_OLMo-2-1124-7B,decoder,bank,14,12,2,0.167,-0.2764,-0.3363,-0.0569,0.2794,0.2195,-0.2523,-0.4101,4,probe,model_internal_ready
allenai_OLMo-2-1124-7B,decoder,bank,14,13,3,0.231,-0.2557,-0.3269,-0.0643,0.2626,0.1914,-0.2311,-0.3773,5,probe,model_internal_ready
allenai_OLMo-2-1124-7B,decoder,bank,14,13,3,0.231,-0.222,-0.3245,-0.0656,0.259,0.1564,-0.2159,-0.3635,6,probe,model_internal_ready
allenai_OLMo-2-1124-7B,decoder,bank,14,14,5,0.357,-0.1936,-0.3009,-0.0709,0.23,0.1227,-0.2077,-0.3271,7,probe,model_internal_ready
allenai_OLMo-2-1124-7B,decoder,bank,14,14,5,0.357,-0.1716,-0.277,-0.0723,0.2047,0.0992,-0.195,-0.2902,8,probe,model_internal_ready
allenai_OLMo-2-1124-7B,decoder,bank,14,14,5,0.357,-0.1473,-0.252,-0.0689,0.1831,0.0784,-0.18,-0.2499,9,probe,model_internal_ready
allenai_OLMo-2-1124-7B,decoder,bank,14,14,5,0.357,-0.1363,-0.2387,-0.0655,0.1732,0.0708,-0.1697,-0.2291,10,probe,model_internal_ready
allenai_OLMo-2-1124-7B,decoder,bank,14,14,5,0.357,-0.1395,-0.2485,-0.0669,0.1815,0.0726,-0.1708,-0.223,11,probe,model_internal_ready
allenai_OLMo-2-1124-7B,decoder,bank,14,14,6,0.429,-0.1363,-0.2518,-0.0701,0.1817,0.0662,-0.1693,-0.2121,12,probe,model_internal_ready
allenai_OLMo-2-1124-7B,decoder,bank,14,14,5,0.357,-0.134,-0.2563,-0.0682,0.1881,0.0657,-0.166,-0.204,13,probe,model_internal_ready
allenai_OLMo-2-1124-7B,decoder,bank,14,14,5,0.357,-0.122,-0.2624,-0.069,0.1934,0.053,-0.1627,-0.19,14,probe,model_internal_ready
allenai_OLMo-2-1124-7B,decoder,bank,14,14,5,0.357,-0.1148,-0.2638,-0.0669,0.1968,0.0479,-0.1622,-0.1822,15,probe,model_internal_ready
allenai_OLMo-2-1124-7B,decoder,bank,14,14,5,0.357,-0.1132,-0.2547,-0.0661,0.1886,0.0471,-0.1605,-0.1747,16,probe,model_internal_ready
allenai_OLMo-2-1124-7B,decoder,bank,14,14,4,0.286,-0.1099,-0.2551,-0.0641,0.191,0.0459,-0.1615,-0.171,17,probe,model_internal_ready
allenai_OLMo-2-1124-7B,decoder,bank,14,14,4,0.286,-0.1124,-0.2582,-0.069,0.1892,0.0434,-0.1672,-0.1733,18,probe,model_internal_ready
allenai_OLMo-2-1124-7B,decoder,bank,14,14,4,0.286,-0.108,-0.2681,-0.0813,0.1868,0.0267,-0.1796,-0.1685,19,probe,model_internal_ready
allenai_OLMo-2-1124-7B,decoder,bank,14,13,2,0.154,-0.099,-0.2775,-0.0888,0.1888,0.0102,-0.1832,-0.1643,20,probe,model_internal_ready
allenai_OLMo-2-1124-7B,decoder,bank,14,13,2,0.154,-0.103,-0.2873,-0.0979,0.1894,0.0051,-0.1928,-0.1657,21,probe,model_internal_ready
allenai_OLMo-2-1124-7B,decoder,bank,14,13,2,0.154,-0.1057,-0.2872,-0.1009,0.1862,0.0048,-0.1992,-0.1635,22,probe,model_internal_ready
allenai_OLMo-2-1124-7B,decoder,bank,14,13,2,0.154,-0.1018,-0.2947,-0.1052,0.1895,-0.0034,-0.2038,-0.1543,23,probe,model_internal_ready
allenai_OLMo-2-1124-7B,decoder,bank,14,13,2,0.154,-0.1023,-0.2947,-0.1062,0.1885,-0.0039,-0.2059,-0.1513,24,probe,model_internal_ready
allenai_OLMo-2-1124-7B,decoder,bank,14,13,2,0.154,-0.101,-0.2873,-0.0996,0.1877,0.0014,-0.198,-0.1424,25,probe,model_internal_ready
allenai_OLMo-2-1124-7B,decoder,bank,14,13,2,0.154,-0.101,-0.2829,-0.1003,0.1827,0.0007,-0.1992,-0.1399,26,probe,model_internal_ready
allenai_OLMo-2-1124-7B,decoder,bank,14,13,2,0.154,-0.0971,-0.2829,-0.1027,0.1802,-0.0056,-0.2013,-0.1402,27,probe,model_internal_ready
allenai_OLMo-2-1124-7B,decoder,bank,14,13,2,0.154,-0.0956,-0.2838,-0.1041,0.1797,-0.0086,-0.1996,-0.1401,28,probe,model_internal_ready
allenai_OLMo-2-1124-7B,decoder,bank,14,13,2,0.154,-0.0979,-0.2841,-0.1041,0.18,-0.0062,-0.2084,-0.1452,29,probe,model_internal_ready
allenai_OLMo-2-1124-7B,decoder,bank,14,13,3,0.231,-0.0889,-0.2881,-0.1088,0.1793,-0.02,-0.221,-0.1397,30,probe,model_internal_ready
allenai_OLMo-2-1124-7B,decoder,bank,14,12,2,0.167,-0.0817,-0.2842,-0.1127,0.1715,-0.031,-0.234,-0.132,31,probe,model_internal_ready
allenai_OLMo-2-1124-7B,decoder,bank,14,12,2,0.167,-0.0943,-0.2774,-0.1,0.1774,-0.0057,-0.2151,-0.136,32,probe,model_internal_ready
allenai_OLMo-2-1124-7B,decoder,bark,14,14,9,0.643,-0.151,-0.1819,0.0466,0.2285,0.1976,-0.0635,-0.2172,6,probe,model_internal_ready
allenai_OLMo-2-1124-7B,decoder,bark,14,14,9,0.643,-0.1301,-0.179,0.0325,0.2115,0.1626,-0.0564,-0.2198,7,probe,model_internal_ready
allenai_OLMo-2-1124-7B,decoder,bark,14,14,9,0.643,-0.1152,-0.1739,0.0246,0.1984,0.1398,-0.0461,-0.2047,8,probe,model_internal_ready
allenai_OLMo-2-1124-7B,decoder,bark,14,14,10,0.714,-0.1018,-0.1493,0.0213,0.1706,0.123,-0.0367,-0.1786,9,probe,model_internal_ready
allenai_OLMo-2-1124-7B,decoder,bark,14,14,10,0.714,-0.0934,-0.1489,0.0174,0.1663,0.1108,-0.0344,-0.1726,10,probe,model_internal_ready
allenai_OLMo-2-1124-7B,decoder,bark,14,14,7,0.5,-0.0879,-0.1468,0.0105,0.1573,0.0985,-0.0322,-0.1703,11,probe,model_internal_ready
allenai_OLMo-2-1124-7B,decoder,bark,14,14,6,0.429,-0.0816,-0.1464,0.0026,0.149,0.0842,-0.0378,-0.1624,12,probe,model_internal_ready
allenai_OLMo-2-1124-7B,decoder,bark,14,13,5,0.385,-0.078,-0.1405,-0.0022,0.1382,0.0757,-0.04,-0.1656,13,probe,model_internal_ready
allenai_OLMo-2-1124-7B,decoder,bark,14,13,4,0.308,-0.0763,-0.1337,-0.0003,0.1334,0.076,-0.0373,-0.1544,14,probe,model_internal_ready
allenai_OLMo-2-1124-7B,decoder,bark,14,13,5,0.385,-0.0732,-0.1302,0.003,0.1332,0.0762,-0.0331,-0.1468,15,probe,model_internal_ready
allenai_OLMo-2-1124-7B,decoder,bark,14,13,5,0.385,-0.0769,-0.1299,0.0046,0.1344,0.0814,-0.0337,-0.1498,16,probe,model_internal_ready
allenai_OLMo-2-1124-7B,decoder,bark,14,13,5,0.385,-0.0773,-0.1329,0.0082,0.1411,0.0855,-0.0309,-0.154,17,probe,model_internal_ready
allenai_OLMo-2-1124-7B,decoder,bark,14,13,6,0.462,-0.0806,-0.1381,0.0198,0.1578,0.1004,-0.02,-0.1579,18,probe,model_internal_ready
allenai_OLMo-2-1124-7B,decoder,bark,14,13,5,0.385,-0.0803,-0.1436,0.0151,0.1587,0.0954,-0.0176,-0.1654,19,probe,model_internal_ready
allenai_OLMo-2-1124-7B,decoder,bark,14,13,5,0.385,-0.0786,-0.141,0.0112,0.1522,0.0897,-0.0205,-0.1686,20,probe,model_internal_ready
allenai_OLMo-2-1124-7B,decoder,bark,14,13,4,0.308,-0.0864,-0.149,0.0048,0.1538,0.0912,-0.0335,-0.1786,21,probe,model_internal_ready
allenai_OLMo-2-1124-7B,decoder,bark,14,13,4,0.308,-0.0895,-0.1547,0.0062,0.1609,0.0957,-0.0281,-0.1854,23,probe,model_internal_ready
allenai_OLMo-2-1124-7B,decoder,bark,14,13,4,0.308,-0.0941,-0.1637,0.0122,0.176,0.1064,-0.0312,-0.1896,24,probe,model_internal_ready
allenai_OLMo-2-1124-7B,decoder,bark,14,13,5,0.385,-0.0991,-0.1722,0.0169,0.1891,0.116,-0.0339,-0.191,25,probe,model_internal_ready
allenai_OLMo-2-1124-7B,decoder,bark,14,13,5,0.385,-0.0978,-0.1737,0.0181,0.1919,0.116,-0.0344,-0.1899,26,probe,model_internal_ready
allenai_OLMo-2-1124-7B,decoder,bark,14,13,5,0.385,-0.1059,-0.181,0.015,0.196,0.1209,-0.0444,-0.2097,29,probe,model_internal_ready
allenai_OLMo-2-1124-7B,decoder,bat,14,14,5,0.357,-0.1927,-0.2454,-0.1034,0.1419,0.0893,-0.2188,-0.3712,4,probe,model_internal_ready
allenai_OLMo-2-1124-7B,decoder,bat,14,11,1,0.091,-0.1578,-0.236,-0.0965,0.1395,0.0613,-0.1986,-0.3683,5,probe,model_internal_ready
allenai_OLMo-2-1124-7B,decoder,bat,14,11,1,0.091,-0.1282,-0.219,-0.0861,0.1329,0.0421,-0.1772,-0.3406,6,probe,model_internal_ready
allenai_OLMo-2-1124-7B,decoder,bat,14,10,1,0.1,-0.1006,-0.2,-0.0751,0.125,0.0255,-0.1535,-0.3016,7,probe,model_internal_ready
allenai_OLMo-2-1124-7B,decoder,bat,14,10,1,0.1,-0.0786,-0.1711,-0.0579,0.1132,0.0207,-0.1226,-0.2614,8,probe,model_internal_ready
allenai_OLMo-2-1124-7B,decoder,bat,14,9,1,0.111,-0.0623,-0.1445,-0.0383,0.1061,0.024,-0.0981,-0.2334,9,probe,model_internal_ready
allenai_OLMo-2-1124-7B,decoder,bat,14,9,1,0.111,-0.0524,-0.1351,-0.0251,0.1099,0.0272,-0.0816,-0.2084,10,probe,model_internal_ready
allenai_OLMo-2-1124-7B,decoder,bat,14,8,1,0.125,-0.0434,-0.1305,-0.0282,0.1023,0.0152,-0.0876,-0.2042,11,probe,model_internal_ready
allenai_OLMo-2-1124-7B,decoder,bat,14,8,1,0.125,-0.0392,-0.1295,-0.0175,0.112,0.0217,-0.0764,-0.2024,12,probe,model_internal_ready
allenai_OLMo-2-1124-7B,decoder,bat,14,8,1,0.125,-0.0352,-0.1268,-0.015,0.1118,0.0201,-0.0758,-0.205,13,probe,model_internal_ready
allenai_OLMo-2-1124-7B,decoder,bat,14,8,2,0.25,-0.0327,-0.1231,-0.0166,0.1065,0.0161,-0.0774,-0.2053,14,probe,model_internal_ready
allenai_OLMo-2-1124-7B,decoder,bat,14,8,2,0.25,-0.0321,-0.1207,-0.021,0.0997,0.0111,-0.0837,-0.2122,15,probe,model_internal_ready
allenai_OLMo-2-1124-7B,decoder,bat,14,8,2,0.25,-0.0327,-0.1131,-0.0202,0.0928,0.0125,-0.0815,-0.2146,16,probe,model_internal_ready
allenai_OLMo-2-1124-7B,decoder,bat,14,8,2,0.25,-0.0304,-0.1113,-0.0238,0.0875,0.0066,-0.0852,-0.2164,17,probe,model_internal_ready
allenai_OLMo-2-1124-7B,decoder,bat,14,8,1,0.125,-0.034,-0.1157,-0.0463,0.0694,-0.0123,-0.1078,-0.2408,18,probe,model_internal_ready
allenai_OLMo-2-1124-7B,decoder,bat,14,8,1,0.125,-0.0341,-0.1162,-0.059,0.0572,-0.025,-0.1237,-0.2567,19,probe,model_internal_ready
allenai_OLMo-2-1124-7B,decoder,bat,14,8,1,0.125,-0.0351,-0.1115,-0.0654,0.0461,-0.0303,-0.1319,-0.2604,20,probe,model_internal_ready
allenai_OLMo-2-1124-7B,decoder,bat,14,8,1,0.125,-0.0368,-0.1197,-0.0629,0.0568,-0.026,-0.1349,-0.269,21,probe,model_internal_ready
allenai_OLMo-2-1124-7B,decoder,bat,14,8,1,0.125,-0.0406,-0.129,-0.0622,0.0668,-0.0216,-0.1344,-0.2737,22,probe,model_internal_ready
allenai_OLMo-2-1124-7B,decoder,bat,14,8,1,0.125,-0.0441,-0.1329,-0.069,0.0639,-0.0249,-0.1477,-0.286,23,probe,model_internal_ready
allenai_OLMo-2-1124-7B,decoder,bat,14,8,1,0.125,-0.044,-0.1383,-0.0679,0.0704,-0.0239,-0.1465,-0.2854,24,probe,model_internal_ready
allenai_OLMo-2-1124-7B,decoder,bat,14,8,1,0.125,-0.0439,-0.1383,-0.0637,0.0745,-0.0199,-0.142,-0.2794,25,probe,model_internal_ready
allenai_OLMo-2-1124-7B,decoder,bat,14,8,1,0.125,-0.0464,-0.1399,-0.0681,0.0717,-0.0217,-0.1463,-0.2807,26,probe,model_internal_ready
allenai_OLMo-2-1124-7B,decoder,bat,14,8,1,0.125,-0.0506,-0.14,-0.0687,0.0713,-0.0181,-0.1449,-0.2838,27,probe,model_internal_ready
allenai_OLMo-2-1124-7B,decoder,bat,14,8,1,0.125,-0.0519,-0.1392,-0.0682,0.0711,-0.0163,-0.1449,-0.2798,28,probe,model_internal_ready
allenai_OLMo-2-1124-7B,decoder,bat,14,8,1,0.125,-0.0548,-0.1406,-0.0626,0.078,-0.0079,-0.1395,-0.2755,29,probe,model_internal_ready
allenai_OLMo-2-1124-7B,decoder,crane,14,14,2,0.143,-0.2235,-0.375,-0.187,0.188,0.0366,-0.3109,-0.6186,5,probe,model_internal_ready
allenai_OLMo-2-1124-7B,decoder,crane,14,14,2,0.143,-0.1868,-0.3259,-0.1528,0.1731,0.034,-0.2712,-0.5387,6,probe,model_internal_ready
allenai_OLMo-2-1124-7B,decoder,crane,14,14,2,0.143,-0.1495,-0.2699,-0.1213,0.1486,0.0282,-0.2252,-0.451,7,probe,model_internal_ready
allenai_OLMo-2-1124-7B,decoder,crane,14,14,2,0.143,-0.1296,-0.224,-0.0938,0.1302,0.0358,-0.1892,-0.3706,8,probe,model_internal_ready
allenai_OLMo-2-1124-7B,decoder,crane,14,14,3,0.214,-0.1093,-0.1763,-0.0661,0.1102,0.0431,-0.1527,-0.3067,9,probe,model_internal_ready
allenai_OLMo-2-1124-7B,decoder,crane,14,14,4,0.286,-0.0992,-0.1493,-0.0421,0.1073,0.0571,-0.1272,-0.2556,10,probe,model_internal_ready
allenai_OLMo-2-1124-7B,decoder,crane,14,14,5,0.357,-0.1002,-0.1397,-0.0363,0.1034,0.0639,-0.1225,-0.238,11,probe,model_internal_ready
allenai_OLMo-2-1124-7B,decoder,crane,14,14,5,0.357,-0.0912,-0.1367,-0.0365,0.1003,0.0547,-0.1218,-0.2295,12,probe,model_internal_ready
allenai_OLMo-2-1124-7B,decoder,crane,14,14,5,0.357,-0.0879,-0.1279,-0.0341,0.0937,0.0538,-0.1199,-0.2114,13,probe,model_internal_ready
allenai_OLMo-2-1124-7B,decoder,crane,14,13,5,0.385,-0.0792,-0.1171,-0.0249,0.0921,0.0542,-0.1107,-0.1872,14,probe,model_internal_ready
allenai_OLMo-2-1124-7B,decoder,crane,14,11,3,0.273,-0.0729,-0.1091,-0.0203,0.0889,0.0526,-0.104,-0.1769,15,probe,model_internal_ready
allenai_OLMo-2-1124-7B,decoder,crane,14,12,4,0.333,-0.0734,-0.1084,-0.0103,0.0982,0.0631,-0.0951,-0.1717,16,probe,model_internal_ready
allenai_OLMo-2-1124-7B,decoder,crane,14,11,4,0.364,-0.0707,-0.1026,-0.0049,0.0977,0.0659,-0.0908,-0.165,17,probe,model_internal_ready
allenai_OLMo-2-1124-7B,decoder,crane,14,11,4,0.364,-0.0841,-0.1166,-0.0034,0.1132,0.0807,-0.0934,-0.1711,18,probe,model_internal_ready
allenai_OLMo-2-1124-7B,decoder,crane,14,11,4,0.364,-0.0832,-0.1119,0.0043,0.1162,0.0876,-0.0876,-0.1665,19,probe,model_internal_ready
allenai_OLMo-2-1124-7B,decoder,crane,14,11,4,0.364,-0.0713,-0.0988,0.0091,0.1079,0.0804,-0.0864,-0.1575,20,probe,model_internal_ready
allenai_OLMo-2-1124-7B,decoder,crane,14,10,3,0.3,-0.0704,-0.0985,0.0139,0.1125,0.0843,-0.0826,-0.1577,21,probe,model_internal_ready
allenai_OLMo-2-1124-7B,decoder,crane,14,11,4,0.364,-0.0793,-0.1013,0.0153,0.1166,0.0946,-0.0891,-0.1655,22,probe,model_internal_ready
allenai_OLMo-2-1124-7B,decoder,crane,14,10,3,0.3,-0.0803,-0.101,0.0163,0.1173,0.0966,-0.0949,-0.1672,23,probe,model_internal_ready
allenai_OLMo-2-1124-7B,decoder,crane,14,10,3,0.3,-0.0818,-0.1058,0.0127,0.1186,0.0945,-0.1012,-0.1722,24,probe,model_internal_ready
allenai_OLMo-2-1124-7B,decoder,crane,14,11,4,0.364,-0.0808,-0.1099,0.0125,0.1224,0.0934,-0.1047,-0.1818,25,probe,model_internal_ready
allenai_OLMo-2-1124-7B,decoder,crane,14,11,4,0.364,-0.0813,-0.1101,0.0166,0.1267,0.0978,-0.1016,-0.1805,26,probe,model_internal_ready
allenai_OLMo-2-1124-7B,decoder,crane,14,11,4,0.364,-0.0805,-0.1085,0.0191,0.1276,0.0996,-0.0989,-0.1786,27,probe,model_internal_ready
allenai_OLMo-2-1124-7B,decoder,crane,14,11,4,0.364,-0.0798,-0.1079,0.0216,0.1295,0.1014,-0.098,-0.1749,28,probe,model_internal_ready
allenai_OLMo-2-1124-7B,decoder,crane,14,11,4,0.364,-0.0832,-0.1178,0.0151,0.133,0.0984,-0.1041,-0.1879,29,probe,model_internal_ready
allenai_OLMo-2-1124-7B,decoder,crane,14,11,4,0.364,-0.0846,-0.1221,0.0122,0.1343,0.0968,-0.1044,-0.191,30,probe,model_internal_ready
allenai_OLMo-2-1124-7B,decoder,crane,14,10,3,0.3,-0.0807,-0.1168,0.0087,0.1255,0.0894,-0.0956,-0.1914,31,probe,model_internal_ready
allenai_OLMo-2-1124-7B,decoder,crane,14,11,4,0.364,-0.0887,-0.129,0.0044,0.1334,0.0931,-0.1035,-0.2128,32,probe,model_internal_ready
allenai_OLMo-2-1124-7B,decoder,spring,14,8,0,0.0,-0.0626,-0.0797,-0.0461,0.0336,0.0165,-0.0733,-0.1063,10,probe,model_internal_ready
allenai_OLMo-2-1124-7B,decoder,spring,14,7,0,0.0,-0.058,-0.0816,-0.0491,0.0326,0.0089,-0.0764,-0.1116,11,probe,model_internal_ready
allenai_OLMo-2-1124-7B,decoder,spring,14,7,0,0.0,-0.0548,-0.0792,-0.0513,0.0279,0.0035,-0.0731,-0.1119,12,probe,model_internal_ready
allenai_OLMo-2-1124-7B,decoder,spring,14,7,0,0.0,-0.0566,-0.0813,-0.0545,0.0268,0.0021,-0.0717,-0.1146,13,probe,model_internal_ready
allenai_OLMo-2-1124-7B,decoder,spring,14,7,0,0.0,-0.0516,-0.0741,-0.0493,0.0248,0.0023,-0.068,-0.1075,14,probe,model_internal_ready
allenai_OLMo-2-1124-7B,decoder,spring,14,7,0,0.0,-0.0476,-0.0677,-0.0455,0.0223,0.0022,-0.063,-0.1022,15,probe,model_internal_ready
allenai_OLMo-2-1124-7B,decoder,spring,14,7,0,0.0,-0.0447,-0.0648,-0.0512,0.0136,-0.0064,-0.0638,-0.1044,16,probe,model_internal_ready
allenai_OLMo-2-1124-7B,decoder,match,14,10,5,0.5,-0.0527,-0.0731,0.0289,0.1021,0.0816,-0.0295,-0.145,2,probe,model_internal_ready
allenai_OLMo-2-1124-7B,decoder,match,14,13,6,0.462,-0.0926,-0.1093,0.0203,0.1296,0.113,-0.062,-0.1871,3,probe,model_internal_ready
allenai_OLMo-2-1124-7B,decoder,match,14,14,7,0.5,-0.1356,-0.2199,-0.0141,0.2058,0.1214,-0.1155,-0.3172,4,probe,model_internal_ready
allenai_OLMo-2-1124-7B,decoder,match,14,13,6,0.462,-0.1368,-0.2231,-0.0141,0.2091,0.1227,-0.1058,-0.3252,5,probe,model_internal_ready
allenai_OLMo-2-1124-7B,decoder,match,14,14,8,0.571,-0.1145,-0.2106,-0.0024,0.2082,0.1121,-0.0943,-0.2927,6,probe,model_internal_ready
allenai_OLMo-2-1124-7B,decoder,match,14,14,8,0.571,-0.0938,-0.1875,-0.005,0.1825,0.0888,-0.0983,-0.2646,7,probe,model_internal_ready
allenai_OLMo-2-1124-7B,decoder,match,14,13,7,0.538,-0.08,-0.1665,-0.0005,0.166,0.0795,-0.0919,-0.2246,8,probe,model_internal_ready
allenai_OLMo-2-1124-7B,decoder,match,14,13,7,0.538,-0.0717,-0.1502,0.005,0.1552,0.0767,-0.0855,-0.1995,9,probe,model_internal_ready
allenai_OLMo-2-1124-7B,decoder,match,14,14,8,0.571,-0.0649,-0.1441,0.0072,0.1514,0.0721,-0.0865,-0.1882,10,probe,model_internal_ready
allenai_OLMo-2-1124-7B,decoder,match,14,13,9,0.692,-0.0595,-0.1404,0.016,0.1563,0.0754,-0.0806,-0.178,11,probe,model_internal_ready
allenai_OLMo-2-1124-7B,decoder,match,14,13,9,0.692,-0.0529,-0.1363,0.0217,0.158,0.0745,-0.0649,-0.1641,12,probe,model_internal_ready
allenai_OLMo-2-1124-7B,decoder,match,14,13,9,0.692,-0.0535,-0.1425,0.0228,0.1653,0.0763,-0.0549,-0.1523,13,probe,model_internal_ready
allenai_OLMo-2-1124-7B,decoder,match,14,13,7,0.538,-0.0448,-0.1317,0.0318,0.1635,0.0767,-0.0373,-0.144,14,probe,model_internal_ready
allenai_OLMo-2-1124-7B,decoder,match,14,14,8,0.571,-0.0439,-0.1352,0.0333,0.1685,0.0772,-0.0352,-0.1456,15,probe,model_internal_ready
allenai_OLMo-2-1124-7B,decoder,match,14,14,9,0.643,-0.0462,-0.1359,0.0382,0.1742,0.0844,-0.0259,-0.1416,16,probe,model_internal_ready
allenai_OLMo-2-1124-7B,decoder,match,14,13,8,0.615,-0.0433,-0.1365,0.0393,0.1758,0.0825,-0.0238,-0.1417,17,probe,model_internal_ready
allenai_OLMo-2-1124-7B,decoder,match,14,12,7,0.583,-0.0446,-0.1402,0.0485,0.1888,0.0931,-0.0171,-0.1402,18,probe,model_internal_ready
allenai_OLMo-2-1124-7B,decoder,match,14,12,7,0.583,-0.0437,-0.1422,0.0442,0.1864,0.0879,-0.022,-0.141,19,probe,model_internal_ready
allenai_OLMo-2-1124-7B,decoder,match,14,10,4,0.4,-0.04,-0.1368,0.0528,0.1897,0.0928,-0.0183,-0.1376,20,probe,model_internal_ready
allenai_OLMo-2-1124-7B,decoder,match,14,11,6,0.545,-0.0435,-0.1405,0.0565,0.1969,0.1,-0.0208,-0.141,21,probe,model_internal_ready
allenai_OLMo-2-1124-7B,decoder,match,14,11,7,0.636,-0.0419,-0.141,0.0599,0.2009,0.1018,-0.0173,-0.1403,22,probe,model_internal_ready
allenai_OLMo-2-1124-7B,decoder,match,14,11,7,0.636,-0.0405,-0.1411,0.0621,0.2032,0.1026,-0.0192,-0.1376,23,probe,model_internal_ready
allenai_OLMo-2-1124-7B,decoder,match,14,11,5,0.455,-0.0406,-0.1412,0.0644,0.2056,0.105,-0.0202,-0.1355,24,probe,model_internal_ready
allenai_OLMo-2-1124-7B,decoder,match,14,12,8,0.667,-0.0424,-0.1415,0.0654,0.2069,0.1079,-0.0207,-0.1361,25,probe,model_internal_ready
allenai_OLMo-2-1124-7B,decoder,match,14,12,8,0.667,-0.042,-0.142,0.0669,0.2089,0.1089,-0.0188,-0.1343,26,probe,model_internal_ready
allenai_OLMo-2-1124-7B,decoder,match,14,12,6,0.5,-0.0423,-0.1438,0.0626,0.2063,0.1049,-0.026,-0.1407,27,probe,model_internal_ready
allenai_OLMo-2-1124-7B,decoder,match,14,12,7,0.583,-0.0411,-0.1456,0.0629,0.2085,0.104,-0.0271,-0.1435,28,probe,model_internal_ready
allenai_OLMo-2-1124-7B,decoder,match,14,12,5,0.417,-0.0457,-0.1504,0.0601,0.2105,0.1057,-0.0368,-0.1511,29,probe,model_internal_ready
allenai_OLMo-2-1124-7B,decoder,match,14,12,6,0.5,-0.0411,-0.1611,0.0496,0.2107,0.0907,-0.054,-0.1609,30,probe,model_internal_ready
allenai_OLMo-2-1124-7B,decoder,match,14,14,8,0.571,-0.0396,-0.1748,0.0385,0.2133,0.0781,-0.0859,-0.1759,31,probe,model_internal_ready
allenai_OLMo-2-1124-7B,decoder,match,14,14,9,0.643,-0.0428,-0.1781,0.0343,0.2123,0.0771,-0.083,-0.1893,32,probe,model_internal_ready
allenai_OLMo-2-1124-7B,decoder,pitch,14,11,6,0.545,-0.1211,-0.2021,0.0932,0.2954,0.2143,-0.0561,-0.2495,5,probe,model_internal_ready
allenai_OLMo-2-1124-7B,decoder,pitch,14,11,5,0.455,-0.1052,-0.1986,0.1081,0.3067,0.2133,-0.0443,-0.2283,6,probe,model_internal_ready
allenai_OLMo-2-1124-7B,decoder,pitch,14,11,6,0.545,-0.0989,-0.1815,0.1038,0.2853,0.2027,-0.0466,-0.1966,7,probe,model_internal_ready
allenai_OLMo-2-1124-7B,decoder,pitch,14,11,6,0.545,-0.0836,-0.1627,0.0948,0.2575,0.1783,-0.0442,-0.1678,8,probe,model_internal_ready
allenai_OLMo-2-1124-7B,decoder,pitch,14,11,6,0.545,-0.0663,-0.1523,0.082,0.2343,0.1483,-0.0463,-0.1478,9,probe,model_internal_ready
allenai_OLMo-2-1124-7B,decoder,pitch,14,11,7,0.636,-0.0578,-0.1415,0.0761,0.2176,0.1339,-0.0475,-0.1396,10,probe,model_internal_ready
allenai_OLMo-2-1124-7B,decoder,pitch,14,11,9,0.818,-0.0567,-0.13,0.0855,0.2155,0.1422,-0.0404,-0.1319,11,probe,model_internal_ready
allenai_OLMo-2-1124-7B,decoder,pitch,14,11,9,0.818,-0.0551,-0.1204,0.0823,0.2027,0.1374,-0.0402,-0.1234,12,probe,model_internal_ready
allenai_OLMo-2-1124-7B,decoder,pitch,14,11,9,0.818,-0.0537,-0.1155,0.0793,0.1948,0.133,-0.0423,-0.1165,13,probe,model_internal_ready
allenai_OLMo-2-1124-7B,decoder,pitch,14,10,8,0.8,-0.0521,-0.1046,0.0815,0.1862,0.1336,-0.0393,-0.115,14,probe,model_internal_ready
allenai_OLMo-2-1124-7B,decoder,pitch,14,10,8,0.8,-0.0504,-0.094,0.0902,0.1843,0.1406,-0.0302,-0.111,15,probe,model_internal_ready
allenai_OLMo-2-1124-7B,decoder,pitch,14,9,7,0.778,-0.0511,-0.0859,0.1011,0.187,0.1522,-0.0266,-0.1036,16,probe,model_internal_ready
allenai_OLMo-2-1124-7B,decoder,pitch,14,9,6,0.667,-0.0516,-0.0819,0.096,0.1779,0.1476,-0.0365,-0.1057,17,probe,model_internal_ready
allenai_OLMo-2-1124-7B,decoder,pitch,14,9,6,0.667,-0.054,-0.0742,0.1147,0.1889,0.1686,-0.0283,-0.097,18,probe,model_internal_ready
allenai_OLMo-2-1124-7B,decoder,pitch,14,9,6,0.667,-0.0524,-0.0705,0.1142,0.1848,0.1667,-0.0317,-0.0997,19,probe,model_internal_ready
allenai_OLMo-2-1124-7B,decoder,pitch,14,9,6,0.667,-0.048,-0.0703,0.1166,0.1869,0.1646,-0.0289,-0.0975,20,probe,model_internal_ready
allenai_OLMo-2-1124-7B,decoder,pitch,14,9,6,0.667,-0.0562,-0.0737,0.118,0.1917,0.1743,-0.0329,-0.0967,21,probe,model_internal_ready
allenai_OLMo-2-1124-7B,decoder,pitch,14,9,6,0.667,-0.0566,-0.072,0.1206,0.1927,0.1773,-0.0374,-0.091,22,probe,model_internal_ready
allenai_OLMo-2-1124-7B,decoder,pitch,14,9,7,0.778,-0.0608,-0.071,0.1262,0.1972,0.1869,-0.0384,-0.087,23,probe,model_internal_ready
allenai_OLMo-2-1124-7B,decoder,pitch,14,9,7,0.778,-0.0622,-0.0683,0.128,0.1963,0.1902,-0.0335,-0.087,24,probe,model_internal_ready
allenai_OLMo-2-1124-7B,decoder,pitch,14,9,7,0.778,-0.063,-0.0734,0.1272,0.2006,0.1902,-0.0295,-0.0888,25,probe,model_internal_ready
allenai_OLMo-2-1124-7B,decoder,pitch,14,9,7,0.778,-0.0624,-0.0758,0.124,0.1998,0.1864,-0.03,-0.0928,26,probe,model_internal_ready
allenai_OLMo-2-1124-7B,decoder,pitch,14,9,7,0.778,-0.0619,-0.0744,0.122,0.1965,0.1839,-0.0333,-0.0921,27,probe,model_internal_ready
allenai_OLMo-2-1124-7B,decoder,pitch,14,9,7,0.778,-0.062,-0.077,0.1232,0.2002,0.1852,-0.0324,-0.0934,28,probe,model_internal_ready
allenai_OLMo-2-1124-7B,decoder,pitch,14,9,7,0.778,-0.0642,-0.0875,0.1216,0.2091,0.1858,-0.0402,-0.1022,29,probe,model_internal_ready
