model,arch_type,word,sentence_id,sentence,primed_sense,correct_sense,direction,resolution_word,sentinel,prime_prefix,homonym_prefix,resolution_prefix,prime_token_count,homonym_token_count,resolution_token_count,prime_correct_margin_raw,homonym_correct_margin_raw,resolution_correct_margin_raw,resolver_isolated_correct_margin_raw,matched_control_correct_margin_raw,prime_correct_margin_norm,homonym_correct_margin_norm,resolution_correct_margin_norm,resolver_isolated_correct_margin_norm,matched_control_correct_margin_norm,delta_homonym_minus_prime_norm,delta_resolution_minus_homonym_norm,delta_resolution_minus_prime_norm,delta_resolution_minus_isolated_resolver_norm,garden_path_cost_vs_matched_control_norm,primed_at_homonym,resolved_correct,successful_primed_to_correct_transition,human_prime_strength,human_resolution_clarity,layer,analysis_status,prime_state_thr_0p0,homonym_state_thr_0p0,resolution_state_thr_0p0,prime_state_thr_0p1,homonym_state_thr_0p1,resolution_state_thr_0p1,prime_state_thr_0p3,homonym_state_thr_0p3,resolution_state_thr_0p3
answerdotai_ModernBERT-large,encoder,bank,bank_gp_01,She finished her loan application and walked to the bank to sit by the river.,1,0,1_to_0,river,probe,"She finished her loan application and walked to the

probe","She finished her loan application and walked to the bank

probe","She finished her loan application and walked to the bank to sit by the river

probe",12,13,18,8.3154,-0.6214,-1.8271,4.5632,1.8847,0.1958,-0.0146,-0.043,0.1074,0.0444,-0.2104,-0.0284,-0.2388,-0.1505,-0.0874,True,False,False,nan,nan,24,model_internal_ready,correct,primed,primed,correct,boundary,boundary,boundary,boundary,boundary
answerdotai_ModernBERT-large,encoder,bank,bank_gp_02,The branch manager waited at the bank until a fish took the bait.,1,0,1_to_0,fish,probe,"The branch manager waited at the

probe","The branch manager waited at the bank

probe","The branch manager waited at the bank until a fish

probe",9,10,13,6.7577,10.4401,8.6038,6.1402,17.1026,0.1591,0.2458,0.2026,0.1446,0.4027,0.0867,-0.0432,0.0435,0.058,-0.2001,False,True,False,nan,nan,24,model_internal_ready,correct,correct,correct,correct,correct,correct,boundary,boundary,boundary
answerdotai_ModernBERT-large,encoder,bank,bank_gp_03,He discussed his mortgage at the bank until a passing boat drenched him.,1,0,1_to_0,boat,probe,"He discussed his mortgage at the

probe","He discussed his mortgage at the bank

probe","He discussed his mortgage at the bank until a passing boat

probe",9,10,14,11.3951,3.9401,7.4926,7.1471,11.5898,0.2683,0.0928,0.1764,0.1683,0.2729,-0.1755,0.0836,-0.0919,0.0081,-0.0965,False,True,False,nan,nan,24,model_internal_ready,correct,correct,correct,correct,boundary,correct,boundary,boundary,boundary
answerdotai_ModernBERT-large,encoder,bank,bank_gp_04,The loan officer met her at the bank and helped her into the kayak.,1,0,1_to_0,kayak,probe,"The loan officer met her at the

probe","The loan officer met her at the bank

probe","The loan officer met her at the bank and helped her into the kayak

probe",10,11,18,12.7411,12.3823,5.0286,6.2205,16.076,0.3,0.2915,0.1184,0.1465,0.3785,-0.0084,-0.1731,-0.1816,-0.0281,-0.2601,False,True,False,nan,nan,24,model_internal_ready,correct,correct,correct,correct,correct,correct,boundary,boundary,boundary
answerdotai_ModernBERT-large,encoder,bank,bank_gp_05,He took his overdraft papers to the bank and threw them angrily into the river.,1,0,1_to_0,river,probe,"He took his overdraft papers to the

probe","He took his overdraft papers to the bank

probe","He took his overdraft papers to the bank and threw them angrily into the river

probe",11,12,19,9.2554,5.8792,17.5393,4.5632,3.9381,0.2179,0.1384,0.413,0.1074,0.0927,-0.0795,0.2745,0.195,0.3055,0.3202,False,True,False,nan,nan,24,model_internal_ready,correct,correct,correct,correct,correct,correct,boundary,boundary,correct
answerdotai_ModernBERT-large,encoder,bank,bank_gp_06,Her account adviser met her at the bank and stripped down to his swimming trunks.,1,0,1_to_0,swimming,probe,"Her account adviser met her at the

probe","Her account adviser met her at the bank

probe","Her account adviser met her at the bank and stripped down to his swimming

probe",10,11,17,8.4238,7.6815,11.2059,9.3511,11.9115,0.1983,0.1809,0.2638,0.2202,0.2805,-0.0175,0.083,0.0655,0.0437,-0.0166,False,True,False,nan,nan,24,model_internal_ready,correct,correct,correct,correct,correct,correct,boundary,boundary,boundary
answerdotai_ModernBERT-large,encoder,bank,bank_gp_07,The mortgage broker suggested they meet at the bank and paddle into the sunset together.,1,0,1_to_0,paddle,probe,"The mortgage broker suggested they meet at the

probe","The mortgage broker suggested they meet at the bank

probe","The mortgage broker suggested they meet at the bank and paddle

probe",11,12,14,14.9854,10.9734,13.234,6.5728,16.9151,0.3528,0.2584,0.3116,0.1548,0.3983,-0.0945,0.0532,-0.0412,0.1568,-0.0867,False,True,False,nan,nan,24,model_internal_ready,correct,correct,correct,correct,correct,correct,correct,boundary,correct
answerdotai_ModernBERT-large,encoder,bank,bank_gp_08,"After checking the river level, she waited at the bank until the teller called her inside.",0,1,0_to_1,teller,probe,"After checking the river level, she waited at the

probe","After checking the river level, she waited at the bank

probe","After checking the river level, she waited at the bank until the teller

probe",13,14,18,-13.6081,-1.2003,-6.8381,-7.0225,-1.2566,-0.3204,-0.0283,-0.161,-0.1653,-0.0296,0.2921,-0.1327,0.1594,0.0043,-0.1314,True,False,False,nan,nan,24,model_internal_ready,primed,primed,primed,primed,boundary,primed,primed,boundary,boundary
answerdotai_ModernBERT-large,encoder,bank,bank_gp_09,"After packing away his fishing rod, he sat by the bank, until the loan officer waved him inside.",0,1,0_to_1,loan,probe,"After packing away his fishing rod, he sat by the

probe","After packing away his fishing rod, he sat by the bank

probe","After packing away his fishing rod, he sat by the bank, until the loan

probe",14,15,19,-16.6178,-11.3687,-18.0027,3.3185,-14.573,-0.3913,-0.2677,-0.4239,0.0781,-0.3431,0.1236,-0.1562,-0.0326,-0.502,-0.0808,True,False,False,nan,nan,24,model_internal_ready,primed,primed,primed,primed,primed,primed,primed,boundary,primed
answerdotai_ModernBERT-large,encoder,bank,bank_gp_10,The canoe guide pointed toward the bank as the cashier locked the front doors.,0,1,0_to_1,cashier,probe,"The canoe guide pointed toward the

probe","The canoe guide pointed toward the bank

probe","The canoe guide pointed toward the bank as the cashier

probe",9,10,14,-12.1033,-19.5653,-0.9684,-7.3064,0.1922,-0.285,-0.4607,-0.0228,-0.172,0.0045,-0.1757,0.4379,0.2622,0.1492,-0.0273,True,False,False,nan,nan,24,model_internal_ready,primed,primed,primed,primed,primed,boundary,boundary,primed,boundary
answerdotai_ModernBERT-large,encoder,bank,bank_gp_11,"Following the river path, they stopped at the bank to open a business account.",0,1,0_to_1,account,probe,"Following the river path, they stopped at the

probe","Following the river path, they stopped at the bank

probe","Following the river path, they stopped at the bank to open a business account

probe",12,13,18,-16.9756,-12.3423,-14.5423,-3.1628,-11.2788,-0.3997,-0.2906,-0.3424,-0.0745,-0.2656,0.1091,-0.0518,0.0573,-0.2679,-0.0768,True,False,False,nan,nan,24,model_internal_ready,primed,primed,primed,primed,primed,primed,primed,boundary,primed
answerdotai_ModernBERT-large,encoder,bank,bank_gp_12,The flood inspector photographed the bank before its cash machine was replaced.,0,1,0_to_1,cash,probe,"The flood inspector photographed the

probe","The flood inspector photographed the bank

probe","The flood inspector photographed the bank before its cash

probe",8,9,12,-10.6776,-19.5622,-10.0982,-3.6552,-14.0587,-0.2514,-0.4606,-0.2378,-0.0861,-0.331,-0.2092,0.2228,0.0136,-0.1517,0.0933,True,False,False,nan,nan,24,model_internal_ready,primed,primed,primed,primed,primed,primed,boundary,primed,boundary
answerdotai_ModernBERT-large,encoder,bank,bank_gp_13,The kayaker returned to the bank because the mortgage adviser had left a message.,0,1,0_to_1,mortgage,probe,"The kayaker returned to the

probe","The kayaker returned to the bank

probe","The kayaker returned to the bank because the mortgage

probe",9,10,13,-12.8973,-15.7032,-14.3918,-7.9439,-2.5605,-0.3037,-0.3697,-0.3389,-0.187,-0.0603,-0.0661,0.0309,-0.0352,-0.1518,-0.2786,True,False,False,nan,nan,24,model_internal_ready,primed,primed,primed,primed,primed,primed,primed,primed,primed
answerdotai_ModernBERT-large,encoder,bank,bank_gp_14,"After rowing practice, she returned to the bank because the vault alarm had sounded.",0,1,0_to_1,vault,probe,"After rowing practice, she returned to the

probe","After rowing practice, she returned to the bank

probe","After rowing practice, she returned to the bank because the vault

probe",12,13,16,-13.9561,-9.9481,-17.8523,-7.9981,-3.9422,-0.3286,-0.2342,-0.4203,-0.1883,-0.0928,0.0944,-0.1861,-0.0917,-0.232,-0.3275,True,False,False,nan,nan,24,model_internal_ready,primed,primed,primed,primed,primed,primed,primed,boundary,primed
answerdotai_ModernBERT-large,encoder,bark,bark_gp_01,"The dog warden investigated the bark, which was peeling from the old elm.",0,1,0_to_1,elm,probe,"The dog warden investigated the

probe","The dog warden investigated the bark

probe","The dog warden investigated the bark, which was peeling from the old elm

probe",9,10,20,7.8499,8.8813,9.5441,-0.4035,13.956,0.2839,0.3212,0.3451,-0.0146,0.5047,0.0373,0.024,0.0613,0.3597,-0.1595,False,True,False,nan,nan,25,model_internal_ready,correct,correct,correct,correct,correct,correct,boundary,correct,correct
answerdotai_ModernBERT-large,encoder,bark,bark_gp_02,The dog trainer studied the bark until she found beetles crawling underneath it.,0,1,0_to_1,beetles,probe,"The dog trainer studied the

probe","The dog trainer studied the bark

probe","The dog trainer studied the bark until she found beetles

probe",8,9,14,9.4875,13.0694,6.6996,6.4746,8.6649,0.3431,0.4726,0.2423,0.2341,0.3133,0.1295,-0.2304,-0.1008,0.0081,-0.0711,False,True,False,nan,nan,25,model_internal_ready,correct,correct,correct,correct,correct,correct,correct,correct,boundary
answerdotai_ModernBERT-large,encoder,bark,bark_gp_03,The dog warden recorded the bark before the forester stripped it from the tree.,0,1,0_to_1,tree,probe,"The dog warden recorded the

probe","The dog warden recorded the bark

probe","The dog warden recorded the bark before the forester stripped it from the tree

probe",9,10,19,6.3737,7.3909,5.7123,4.4272,12.6245,0.2305,0.2673,0.2066,0.1601,0.4565,0.0368,-0.0607,-0.0239,0.0465,-0.25,False,True,False,nan,nan,25,model_internal_ready,correct,correct,correct,correct,correct,correct,boundary,boundary,boundary
answerdotai_ModernBERT-large,encoder,bark,bark_gp_04,The neighbour complained about the bark until the wind tore it from the birch.,0,1,0_to_1,birch,probe,"The neighbour complained about the

probe","The neighbour complained about the bark

probe","The neighbour complained about the bark until the wind tore it from the birch

probe",8,9,18,4.9523,5.0648,2.9501,5.7547,7.4639,0.1791,0.1832,0.1067,0.2081,0.2699,0.0041,-0.0765,-0.0724,-0.1014,-0.1632,False,True,False,nan,nan,25,model_internal_ready,correct,correct,correct,correct,correct,correct,boundary,boundary,boundary
answerdotai_ModernBERT-large,encoder,bark,bark_gp_05,"Beside the dog kennel, the children noticed the bark, which their father peeled from the elm.",0,1,0_to_1,elm,probe,"Beside the dog kennel, the children noticed the

probe","Beside the dog kennel, the children noticed the bark

probe","Beside the dog kennel, the children noticed the bark, which their father peeled from the elm

probe",15,16,25,7.6306,6.2079,8.8533,-0.8457,9.2939,0.2759,0.2245,0.3202,-0.0306,0.3361,-0.0515,0.0957,0.0442,0.3507,-0.0159,False,True,False,nan,nan,25,model_internal_ready,correct,correct,correct,correct,correct,correct,boundary,boundary,correct
answerdotai_ModernBERT-large,encoder,bark,bark_gp_06,"She complained to the neighbours about the bark, which an arborist later cut from the dying sycamore.",0,1,0_to_1,sycamore,probe,"She complained to the neighbours about the

probe","She complained to the neighbours about the bark

probe","She complained to the neighbours about the bark, which an arborist later cut from the dying sycamore

probe",10,11,25,4.9588,3.4223,4.4394,6.2127,5.1495,0.1793,0.1238,0.1605,0.2247,0.1862,-0.0556,0.0368,-0.0188,-0.0641,-0.0257,False,True,False,nan,nan,25,model_internal_ready,correct,correct,correct,correct,correct,correct,boundary,boundary,boundary
answerdotai_ModernBERT-large,encoder,bark,bark_gp_07,"After examining the damaged oak, she recorded the bark when the terrier began growling.",1,0,1_to_0,terrier,probe,"After examining the damaged oak, she recorded the

probe","After examining the damaged oak, she recorded the bark

probe","After examining the damaged oak, she recorded the bark when the terrier

probe",12,13,17,-7.4385,-11.932,-10.9013,-7.4931,-8.0331,-0.269,-0.4315,-0.3942,-0.271,-0.2905,-0.1625,0.0373,-0.1252,-0.1233,-0.1037,True,False,False,nan,nan,25,model_internal_ready,primed,primed,primed,primed,primed,primed,boundary,primed,primed
answerdotai_ModernBERT-large,encoder,bark,bark_gp_08,The arborist complained about the bark until the spaniel was taken indoors.,1,0,1_to_0,spaniel,probe,"The arborist complained about the

probe","The arborist complained about the bark

probe","The arborist complained about the bark until the spaniel

probe",10,11,15,-6.0704,-8.9289,-8.6319,-6.4864,-9.0565,-0.2195,-0.3229,-0.3122,-0.2346,-0.3275,-0.1034,0.0107,-0.0926,-0.0776,0.0154,True,False,False,nan,nan,25,model_internal_ready,primed,primed,primed,primed,primed,primed,boundary,primed,primed
answerdotai_ModernBERT-large,encoder,bark,bark_gp_09,"While cataloguing trees, the researcher analysed the bark that the puppy produced during the test.",1,0,1_to_0,puppy,probe,"While cataloguing trees, the researcher analysed the

probe","While cataloguing trees, the researcher analysed the bark

probe","While cataloguing trees, the researcher analysed the bark that the puppy

probe",12,13,16,-10.601,-13.987,-13.263,-4.9301,-13.653,-0.3834,-0.5058,-0.4796,-0.1783,-0.4937,-0.1224,0.0262,-0.0963,-0.3013,0.0141,True,False,False,nan,nan,25,model_internal_ready,primed,primed,primed,primed,primed,primed,primed,primed,primed
answerdotai_ModernBERT-large,encoder,bark,bark_gp_10,The lumberjack recognised the bark as soon as the dog made the noise again.,1,0,1_to_0,dog,probe,"The lumberjack recognised the

probe","The lumberjack recognised the bark

probe","The lumberjack recognised the bark as soon as the dog

probe",8,9,14,-7.9418,-9.8367,-3.894,-4.5876,1.5783,-0.2872,-0.3557,-0.1408,-0.1659,0.0571,-0.0685,0.2149,0.1464,0.0251,-0.1979,True,False,False,nan,nan,25,model_internal_ready,primed,primed,primed,primed,primed,primed,boundary,primed,boundary
answerdotai_ModernBERT-large,encoder,bark,bark_gp_11,"Beside the timber yard, they discussed the bark until a terrier repeated it from behind the gate.",1,0,1_to_0,terrier,probe,"Beside the timber yard, they discussed the

probe","Beside the timber yard, they discussed the bark

probe","Beside the timber yard, they discussed the bark until a terrier

probe",13,14,18,-7.4348,-9.7169,-9.6474,-7.4931,-10.666,-0.2689,-0.3514,-0.3489,-0.271,-0.3857,-0.0825,0.0025,-0.08,-0.0779,0.0368,True,False,False,nan,nan,25,model_internal_ready,primed,primed,primed,primed,primed,primed,boundary,primed,primed
answerdotai_ModernBERT-large,encoder,bark,bark_gp_12,The botanist tried to identify the bark before the hound made the sound a second time.,1,0,1_to_0,hound,probe,"The botanist tried to identify the

probe","The botanist tried to identify the bark

probe","The botanist tried to identify the bark before the hound

probe",10,11,15,-8.7695,-13.7093,-14.8046,-6.8481,-14.2681,-0.3171,-0.4958,-0.5354,-0.2476,-0.516,-0.1786,-0.0396,-0.2182,-0.2877,-0.0194,True,False,False,nan,nan,25,model_internal_ready,primed,primed,primed,primed,primed,primed,primed,primed,primed
answerdotai_ModernBERT-large,encoder,bark,bark_gp_13,"After the terrier woke the neighbours, she noticed the bark, where sap was seeping from the trunk.",0,1,0_to_1,sap,probe,"After the terrier woke the neighbours, she noticed the

probe","After the terrier woke the neighbours, she noticed the bark

probe","After the terrier woke the neighbours, she noticed the bark, where sap

probe",14,15,18,3.9069,4.8926,3.5475,5.0211,12.4491,0.1413,0.1769,0.1283,0.1816,0.4502,0.0356,-0.0486,-0.013,-0.0533,-0.3219,False,True,False,nan,nan,25,model_internal_ready,correct,correct,correct,correct,correct,correct,boundary,boundary,boundary
answerdotai_ModernBERT-large,encoder,bark,bark_gp_14,"After inspecting the split trunk, she noted the bark that echoed across the empty yard.",1,0,1_to_0,echoed,probe,"After inspecting the split trunk, she noted the

probe","After inspecting the split trunk, she noted the bark

probe","After inspecting the split trunk, she noted the bark that echoed

probe",13,14,16,-7.5119,-7.6415,-4.9037,-1.6011,-3.0751,-0.2717,-0.2763,-0.1773,-0.0579,-0.1112,-0.0047,0.099,0.0943,-0.1194,-0.0661,True,False,False,nan,nan,25,model_internal_ready,primed,primed,primed,primed,primed,primed,boundary,boundary,boundary
answerdotai_ModernBERT-large,encoder,bat,bat_gp_01,"He handed her the bat, which spread its wings and flew away.",0,1,0_to_1,wings,probe,"He handed her the

probe","He handed her the bat

probe","He handed her the bat, which spread its wings

probe",7,8,13,-1.8878,-2.1796,-0.744,0.8626,0.7695,-0.2315,-0.2673,-0.0912,0.1058,0.0944,-0.0358,0.1761,0.1403,-0.197,-0.1856,True,False,False,nan,nan,14,model_internal_ready,primed,primed,primed,primed,primed,boundary,boundary,boundary,boundary
answerdotai_ModernBERT-large,encoder,bat,bat_gp_02,"After practice, he carried the bat into the shed, where it hung upside down from a rafter.",0,1,0_to_1,rafter,probe,"After practice, he carried the

probe","After practice, he carried the bat

probe","After practice, he carried the bat into the shed, where it hung upside down from a rafter

probe",9,10,23,1.1634,0.5293,1.0622,0.5868,1.7897,0.1427,0.0649,0.1303,0.072,0.2195,-0.0778,0.0654,-0.0124,0.0583,-0.0892,False,True,False,nan,nan,14,model_internal_ready,correct,correct,correct,correct,boundary,correct,boundary,boundary,boundary
answerdotai_ModernBERT-large,encoder,bat,bat_gp_03,"She reached for the bat beside the wicket, but it shrieked and flew away.",0,1,0_to_1,shrieked,probe,"She reached for the

probe","She reached for the bat

probe","She reached for the bat beside the wicket, but it shrieked

probe",7,8,18,0.2634,-1.0667,0.5657,0.4051,1.0053,0.0323,-0.1308,0.0694,0.0497,0.1233,-0.1631,0.2002,0.0371,0.0197,-0.0539,True,True,True,nan,nan,14,model_internal_ready,correct,primed,correct,boundary,primed,boundary,boundary,boundary,boundary
answerdotai_ModernBERT-large,encoder,bat,bat_gp_04,"The umpire inspected the bat, which bit his finger and flew over the boundary.",0,1,0_to_1,flew,probe,"The umpire inspected the

probe","The umpire inspected the bat

probe","The umpire inspected the bat, which bit his finger and flew

probe",9,10,17,0.9592,0.5533,0.5027,1.2407,1.5977,0.1176,0.0679,0.0616,0.1521,0.1959,-0.0498,-0.0062,-0.056,-0.0905,-0.1343,False,True,False,nan,nan,14,model_internal_ready,correct,correct,correct,correct,boundary,boundary,boundary,boundary,boundary
answerdotai_ModernBERT-large,encoder,bat,bat_gp_05,"The player reached into the kit bag for the bat, which unfurled its wings and clung to his sleeve.",0,1,0_to_1,wings,probe,"The player reached into the kit bag for the

probe","The player reached into the kit bag for the bat

probe","The player reached into the kit bag for the bat, which unfurled its wings

probe",12,13,20,0.5908,-1.2174,0.0569,0.8582,2.1894,0.0725,-0.1493,0.007,0.1052,0.2685,-0.2217,0.1563,-0.0655,-0.0983,-0.2615,True,True,True,nan,nan,14,model_internal_ready,correct,primed,correct,boundary,primed,boundary,boundary,boundary,boundary
answerdotai_ModernBERT-large,encoder,bat,bat_gp_06,"She locked the bat in the equipment room, but by morning it was sleeping upside down from the ceiling.",0,1,0_to_1,sleeping,probe,"She locked the

probe","She locked the bat

probe","She locked the bat in the equipment room, but by morning it was sleeping

probe",6,7,18,0.3658,-0.4213,1.1059,0.723,1.6946,0.0449,-0.0517,0.1356,0.0887,0.2078,-0.0965,0.1873,0.0908,0.047,-0.0722,True,True,True,nan,nan,14,model_internal_ready,correct,primed,correct,boundary,boundary,correct,boundary,boundary,boundary
answerdotai_ModernBERT-large,encoder,bat,bat_gp_07,"The boy tucked the bat under his arm, but it wriggled free and flew into the rafters.",0,1,0_to_1,rafters,probe,"The boy tucked the

probe","The boy tucked the bat

probe","The boy tucked the bat under his arm, but it wriggled free and flew into the rafters

probe",7,8,25,1.0708,0.4985,1.8194,1.2895,2.0635,0.1313,0.0611,0.2231,0.1581,0.253,-0.0702,0.162,0.0918,0.065,-0.0299,False,True,False,nan,nan,14,model_internal_ready,correct,correct,correct,correct,boundary,correct,boundary,boundary,boundary
answerdotai_ModernBERT-large,encoder,bat,bat_gp_08,"After monitoring the cave all night, she carried the bat until the batter asked for it back.",1,0,1_to_0,batter,probe,"After monitoring the cave all night, she carried the

probe","After monitoring the cave all night, she carried the bat

probe","After monitoring the cave all night, she carried the bat until the batter

probe",13,14,17,-1.1778,-0.8355,-0.7781,-0.7304,-0.0025,-0.1444,-0.1025,-0.0954,-0.0896,-0.0003,0.042,0.007,0.049,-0.0058,-0.0951,True,False,False,nan,nan,14,model_internal_ready,primed,primed,primed,primed,primed,boundary,boundary,boundary,boundary
answerdotai_ModernBERT-large,encoder,bat,bat_gp_09,The wildlife officer inspected the bat before the umpire ruled it illegal.,1,0,1_to_0,umpire,probe,"The wildlife officer inspected the

probe","The wildlife officer inspected the bat

probe","The wildlife officer inspected the bat before the umpire

probe",8,9,14,-1.2022,-0.5124,-0.0487,-0.8912,-0.2348,-0.1474,-0.0628,-0.006,-0.1093,-0.0288,0.0846,0.0569,0.1415,0.1033,0.0228,True,False,False,nan,nan,14,model_internal_ready,primed,primed,primed,primed,boundary,boundary,boundary,boundary,boundary
answerdotai_ModernBERT-large,encoder,bat,bat_gp_10,The zoologist photographed the bat that the batsman had cracked during practice.,1,0,1_to_0,batsman,probe,"The zoologist photographed the

probe","The zoologist photographed the bat

probe","The zoologist photographed the bat that the batsman

probe",8,9,13,-1.9433,-1.7165,-0.918,-0.3512,0.4593,-0.2383,-0.2105,-0.1126,-0.0431,0.0563,0.0278,0.0979,0.1257,-0.0695,-0.1689,True,False,False,nan,nan,14,model_internal_ready,primed,primed,primed,primed,primed,primed,boundary,boundary,boundary
answerdotai_ModernBERT-large,encoder,bat,bat_gp_11,The cave guide returned the bat to the coach's equipment bag.,1,0,1_to_0,coach,probe,"The cave guide returned the

probe","The cave guide returned the bat

probe","The cave guide returned the bat to the coach

probe",8,9,12,-1.1129,-0.6465,-0.0676,-0.9259,0.7852,-0.1365,-0.0793,-0.0083,-0.1135,0.0963,0.0572,0.071,0.1282,0.1053,-0.1046,True,False,False,nan,nan,14,model_internal_ready,primed,primed,primed,primed,boundary,boundary,boundary,boundary,boundary
answerdotai_ModernBERT-large,encoder,bat,bat_gp_12,"At dusk, the ranger spotted the bat lying beside the wicket.",1,0,1_to_0,wicket,probe,"At dusk, the ranger spotted the

probe","At dusk, the ranger spotted the bat

probe","At dusk, the ranger spotted the bat lying beside the wicket

probe",11,12,17,-2.4123,-2.3173,-2.1362,-1.3598,-0.306,-0.2958,-0.2842,-0.262,-0.1667,-0.0375,0.0117,0.0222,0.0339,-0.0952,-0.2244,True,False,False,nan,nan,14,model_internal_ready,primed,primed,primed,primed,primed,primed,boundary,boundary,boundary
answerdotai_ModernBERT-large,encoder,bat,bat_gp_13,The conservationist tagged the bat before the slugger took it to home plate.,1,0,1_to_0,slugger,probe,"The conservationist tagged the

probe","The conservationist tagged the bat

probe","The conservationist tagged the bat before the slugger

probe",8,9,13,-1.1849,-1.188,0.2073,-0.446,0.0649,-0.1453,-0.1457,0.0254,-0.0547,0.008,-0.0004,0.1711,0.1707,0.0801,0.0175,True,True,True,nan,nan,14,model_internal_ready,primed,primed,correct,primed,primed,boundary,boundary,boundary,boundary
answerdotai_ModernBERT-large,encoder,bat,bat_gp_14,The cave researcher found the bat before the pitcher asked to use it during warm-up.,1,0,1_to_0,pitcher,probe,"The cave researcher found the

probe","The cave researcher found the bat

probe","The cave researcher found the bat before the pitcher

probe",8,9,12,-1.0261,-1.2614,-0.7653,-1.2103,-0.0578,-0.1258,-0.1547,-0.0938,-0.1484,-0.0071,-0.0289,0.0608,0.032,0.0546,-0.0868,True,False,False,nan,nan,14,model_internal_ready,primed,primed,primed,primed,primed,boundary,boundary,boundary,boundary
answerdotai_ModernBERT-large,encoder,crane,crane_gp_01,The site manager watched the crane step into the reeds.,1,0,1_to_0,reeds,probe,"The site manager watched the

probe","The site manager watched the crane

probe","The site manager watched the crane step into the reeds

probe",8,10,15,-17.7903,-10.3925,6.8942,-15.099,11.3788,-0.4032,-0.2356,0.1563,-0.3422,0.2579,0.1677,0.3918,0.5595,0.4985,-0.1016,True,True,True,nan,nan,26,model_internal_ready,primed,primed,correct,primed,primed,correct,primed,boundary,boundary
answerdotai_ModernBERT-large,encoder,crane,crane_gp_02,The operator waited beside the crane until it spread its wings and flew over the scaffolding.,1,0,1_to_0,wings,probe,"The operator waited beside the

probe","The operator waited beside the crane

probe","The operator waited beside the crane until it spread its wings

probe",8,10,15,-15.6594,-15.4073,-19.6179,-18.1405,-5.6141,-0.3549,-0.3492,-0.4447,-0.4112,-0.1272,0.0057,-0.0954,-0.0897,-0.0335,-0.3174,True,False,False,nan,nan,26,model_internal_ready,primed,primed,primed,primed,primed,primed,primed,primed,primed
answerdotai_ModernBERT-large,encoder,crane,crane_gp_03,"The foreman pointed to the crane, which dipped its beak into the drainage ditch.",1,0,1_to_0,beak,probe,"The foreman pointed to the

probe","The foreman pointed to the crane

probe","The foreman pointed to the crane, which dipped its beak

probe",9,11,17,-12.8544,-9.4531,-3.5297,-17.189,-2.649,-0.2914,-0.2143,-0.08,-0.3896,-0.06,0.0771,0.1343,0.2114,0.3096,-0.02,True,False,False,nan,nan,26,model_internal_ready,primed,primed,primed,primed,primed,boundary,boundary,boundary,boundary
answerdotai_ModernBERT-large,encoder,crane,crane_gp_04,"The safety inspector examined the crane, which tucked its head beneath one wing.",1,0,1_to_0,wing,probe,"The safety inspector examined the

probe","The safety inspector examined the crane

probe","The safety inspector examined the crane, which tucked its head beneath one wing

probe",8,10,18,-7.5572,5.5021,5.3657,-22.4745,10.3143,-0.1713,0.1247,0.1216,-0.5094,0.2338,0.296,-0.0031,0.2929,0.631,-0.1122,False,True,False,nan,nan,26,model_internal_ready,primed,correct,correct,primed,correct,correct,boundary,boundary,boundary
answerdotai_ModernBERT-large,encoder,crane,crane_gp_05,"The steelworkers watched the crane arrive, fold its legs, and begin to preen.",1,0,1_to_0,preen,probe,"The steelworkers watched the

probe","The steelworkers watched the crane

probe","The steelworkers watched the crane arrive, fold its legs, and begin to preen

probe",8,10,21,-0.8748,12.9304,3.8797,-16.9102,-2.772,-0.0198,0.2931,0.0879,-0.3833,-0.0628,0.3129,-0.2051,0.1078,0.4712,0.1508,False,True,False,nan,nan,26,model_internal_ready,primed,correct,correct,boundary,correct,boundary,boundary,boundary,boundary
answerdotai_ModernBERT-large,encoder,crane,crane_gp_06,"The contractor followed the crane to the drainage ditch, where it speared a fish.",1,0,1_to_0,fish,probe,"The contractor followed the

probe","The contractor followed the crane

probe","The contractor followed the crane to the drainage ditch, where it speared a fish

probe",7,9,20,-19.3319,-24.1686,-7.8246,-22.9023,-3.4662,-0.4382,-0.5478,-0.1774,-0.5191,-0.0786,-0.1096,0.3705,0.2608,0.3417,-0.0988,True,False,False,nan,nan,26,model_internal_ready,primed,primed,primed,primed,primed,primed,primed,primed,boundary
answerdotai_ModernBERT-large,encoder,crane,crane_gp_07,The ornithologist watched the crane until the operator lifted a steel girder.,0,1,0_to_1,operator,probe,"The ornithologist watched the

probe","The ornithologist watched the crane

probe","The ornithologist watched the crane until the operator

probe",9,11,14,6.7578,-3.5643,6.2431,21.5576,12.5884,0.1532,-0.0808,0.1415,0.4886,0.2853,-0.234,0.2223,-0.0117,-0.3471,-0.1438,True,True,True,nan,nan,26,model_internal_ready,correct,primed,correct,correct,boundary,correct,boundary,boundary,boundary
answerdotai_ModernBERT-large,encoder,crane,crane_gp_08,The birdwatcher pointed to the crane as it raised a pallet above the roof.,0,1,0_to_1,pallet,probe,"The birdwatcher pointed to the

probe","The birdwatcher pointed to the crane

probe","The birdwatcher pointed to the crane as it raised a pallet

probe",10,12,18,12.1494,9.4376,-3.717,18.2086,2.8387,0.2754,0.2139,-0.0842,0.4127,0.0643,-0.0615,-0.2982,-0.3596,-0.497,-0.1486,False,False,False,nan,nan,26,model_internal_ready,correct,correct,primed,correct,correct,boundary,boundary,boundary,boundary
answerdotai_ModernBERT-large,encoder,crane,crane_gp_09,"The ornithologists tracked the crane to the site, where it hoisted concrete panels.",0,1,0_to_1,hoisted,probe,"The ornithologists tracked the

probe","The ornithologists tracked the crane

probe","The ornithologists tracked the crane to the site, where it hoisted

probe",9,11,19,7.0308,-2.3497,8.1409,19.5316,5.8696,0.1594,-0.0533,0.1845,0.4427,0.133,-0.2126,0.2378,0.0252,-0.2582,0.0515,True,True,True,nan,nan,26,model_internal_ready,correct,primed,correct,correct,boundary,correct,boundary,boundary,boundary
answerdotai_ModernBERT-large,encoder,crane,crane_gp_10,The wildlife photographer examined the crane while the foreman attached a load to its hook.,0,1,0_to_1,hook,probe,"The wildlife photographer examined the

probe","The wildlife photographer examined the crane

probe","The wildlife photographer examined the crane while the foreman attached a load to its hook

probe",8,10,20,-0.3841,-17.8105,-9.2133,21.9524,12.3086,-0.0087,-0.4037,-0.2088,0.4976,0.279,-0.395,0.1949,-0.2001,-0.7064,-0.4878,True,False,False,nan,nan,26,model_internal_ready,primed,primed,primed,boundary,primed,primed,boundary,primed,boundary
answerdotai_ModernBERT-large,encoder,crane,crane_gp_11,The ecologist reported the crane whose hydraulic boom had jammed above the road.,0,1,0_to_1,hydraulic,probe,"The ecologist reported the

probe","The ecologist reported the crane

probe","The ecologist reported the crane whose hydraulic

probe",8,10,12,12.5579,-0.7045,8.5386,13.4603,15.1981,0.2846,-0.016,0.1935,0.3051,0.3445,-0.3006,0.2095,-0.0911,-0.1116,-0.1509,True,True,True,nan,nan,26,model_internal_ready,correct,primed,correct,correct,boundary,correct,boundary,boundary,boundary
answerdotai_ModernBERT-large,encoder,crane,crane_gp_12,The ranger photographed the crane before the construction crew dismantled it.,0,1,0_to_1,construction,probe,"The ranger photographed the

probe","The ranger photographed the crane

probe","The ranger photographed the crane before the construction

probe",8,10,13,10.2567,3.4202,-5.9713,20.0426,-2.4073,0.2325,0.0775,-0.1353,0.4543,-0.0546,-0.155,-0.2129,-0.3678,-0.5896,-0.0808,False,False,False,nan,nan,26,model_internal_ready,correct,correct,primed,correct,boundary,primed,boundary,boundary,boundary
answerdotai_ModernBERT-large,encoder,crane,crane_gp_13,"After counting the nesting birds, the ranger photographed the crane as its cable lifted a generator.",0,1,0_to_1,cable,probe,"After counting the nesting birds, the ranger photographed the

probe","After counting the nesting birds, the ranger photographed the crane

probe","After counting the nesting birds, the ranger photographed the crane as its cable

probe",14,16,19,3.6571,2.2252,-8.2133,19.0658,-5.0189,0.0829,0.0504,-0.1862,0.4321,-0.1138,-0.0325,-0.2366,-0.2691,-0.6183,-0.0724,False,False,False,nan,nan,26,model_internal_ready,correct,correct,primed,boundary,boundary,primed,boundary,boundary,boundary
answerdotai_ModernBERT-large,encoder,crane,crane_gp_14,"After inspecting the construction equipment, the engineer watched the crane as it swallowed a frog.",1,0,1_to_0,swallowed,probe,"After inspecting the construction equipment, the engineer watched the

probe","After inspecting the construction equipment, the engineer watched the crane

probe","After inspecting the construction equipment, the engineer watched the crane as it swallowed

probe",14,16,19,-6.2369,-2.7179,-2.9235,-22.9249,-3.3961,-0.1414,-0.0616,-0.0663,-0.5196,-0.077,0.0798,-0.0047,0.0751,0.4533,0.0107,True,False,False,nan,nan,26,model_internal_ready,primed,primed,primed,primed,boundary,boundary,boundary,boundary,boundary
answerdotai_ModernBERT-large,encoder,spring,spring_gp_01,"They waited all winter for the spring, which finally bubbled from the rocks.",0,1,0_to_1,bubbled,probe,"They waited all winter for the

probe","They waited all winter for the spring

probe","They waited all winter for the spring, which finally bubbled

probe",9,10,15,-8.9102,-10.9933,-10.2155,-9.0087,-7.5184,-0.2922,-0.3605,-0.335,-0.2954,-0.2465,-0.0683,0.0255,-0.0428,-0.0396,-0.0884,True,False,False,nan,nan,24,model_internal_ready,primed,primed,primed,primed,primed,primed,boundary,primed,primed
answerdotai_ModernBERT-large,encoder,spring,spring_gp_02,"After the harsh winter, the villagers celebrated the spring until it ran dry.",0,1,0_to_1,dry,probe,"After the harsh winter, the villagers celebrated the

probe","After the harsh winter, the villagers celebrated the spring

probe","After the harsh winter, the villagers celebrated the spring until it ran dry

probe",12,13,17,-0.8246,6.1868,10.894,-11.1617,8.7317,-0.027,0.2029,0.3572,-0.366,0.2863,0.2299,0.1544,0.3843,0.7233,0.0709,False,True,False,nan,nan,24,model_internal_ready,primed,correct,correct,boundary,correct,correct,boundary,boundary,correct
answerdotai_ModernBERT-large,encoder,spring,spring_gp_03,The valley welcomed the spring until it swept away the pasture fence.,0,1,0_to_1,swept,probe,"The valley welcomed the

probe","The valley welcomed the spring

probe","The valley welcomed the spring until it swept

probe",7,8,11,-6.8671,-9.4817,-7.5151,-8.2234,-0.4065,-0.2252,-0.3109,-0.2464,-0.2697,-0.0133,-0.0857,0.0645,-0.0213,0.0232,-0.2331,True,False,False,nan,nan,24,model_internal_ready,primed,primed,primed,primed,primed,primed,boundary,primed,boundary
answerdotai_ModernBERT-large,encoder,spring,spring_gp_04,"The children hurried outside to see the spring, then knelt to drink from it.",0,1,0_to_1,drink,probe,"The children hurried outside to see the

probe","The children hurried outside to see the spring

probe","The children hurried outside to see the spring, then knelt to drink

probe",10,11,16,2.5012,4.517,-5.4241,-9.9153,-7.5074,0.082,0.1481,-0.1779,-0.3251,-0.2462,0.0661,-0.326,-0.2599,0.1473,0.0683,False,False,False,nan,nan,24,model_internal_ready,correct,correct,primed,boundary,correct,primed,boundary,boundary,boundary
answerdotai_ModernBERT-large,encoder,spring,spring_gp_05,"After months without water, they prayed for the spring, which arrived with blossoms and longer days.",1,0,1_to_0,blossoms,probe,"After months without water, they prayed for the

probe","After months without water, they prayed for the spring

probe","After months without water, they prayed for the spring, which arrived with blossoms

probe",12,13,19,-6.6012,-8.3782,-8.712,11.3982,-13.1665,-0.2165,-0.2747,-0.2857,0.3738,-0.4318,-0.0583,-0.0109,-0.0692,-0.6595,0.1461,True,False,False,nan,nan,24,model_internal_ready,primed,primed,primed,primed,primed,primed,boundary,boundary,boundary
answerdotai_ModernBERT-large,encoder,spring,spring_gp_06,"The estate expected the spring in March, but the surveyor found it bubbling beneath the old wall.",0,1,0_to_1,bubbling,probe,"The estate expected the

probe","The estate expected the spring

probe","The estate expected the spring in March, but the surveyor found it bubbling

probe",7,8,19,-6.241,-4.1448,11.3064,-9.0989,-4.3154,-0.2047,-0.1359,0.3708,-0.2984,-0.1415,0.0687,0.5067,0.5754,0.6691,0.5123,True,True,True,nan,nan,24,model_internal_ready,primed,primed,correct,primed,primed,correct,boundary,boundary,correct
answerdotai_ModernBERT-large,encoder,spring,spring_gp_07,"After testing the village well, they waited for the spring, when the orchards would bloom.",1,0,1_to_0,orchards,probe,"After testing the village well, they waited for the

probe","After testing the village well, they waited for the spring

probe","After testing the village well, they waited for the spring, when the orchards

probe",13,14,20,3.0761,-1.5361,-0.5387,8.2746,-9.4661,0.1009,-0.0504,-0.0177,0.2713,-0.3104,-0.1512,0.0327,-0.1185,-0.289,0.2927,True,False,False,nan,nan,24,model_internal_ready,correct,primed,primed,correct,boundary,boundary,boundary,boundary,boundary
answerdotai_ModernBERT-large,encoder,spring,spring_gp_08,The hydrologist predicted the spring would bring warmer days to the valley.,1,0,1_to_0,warmer,probe,"The hydrologist predicted the

probe","The hydrologist predicted the spring

probe","The hydrologist predicted the spring would bring warmer

probe",9,10,13,6.4338,6.5387,-7.0672,7.89,-1.9025,0.211,0.2144,-0.2317,0.2587,-0.0624,0.0034,-0.4462,-0.4427,-0.4905,-0.1694,False,False,False,nan,nan,24,model_internal_ready,correct,correct,primed,correct,correct,primed,boundary,boundary,boundary
answerdotai_ModernBERT-large,encoder,spring,spring_gp_09,"During the drought survey, she wrote about the spring that began with late snowstorms.",1,0,1_to_0,snowstorms,probe,"During the drought survey, she wrote about the

probe","During the drought survey, she wrote about the spring

probe","During the drought survey, she wrote about the spring that began with late snowstorms

probe",12,13,20,-9.3942,-10.1594,-4.1993,12.9914,2.7288,-0.3081,-0.3331,-0.1377,0.426,0.0895,-0.0251,0.1954,0.1704,-0.5637,-0.2272,True,False,False,nan,nan,24,model_internal_ready,primed,primed,primed,primed,primed,primed,primed,primed,boundary
answerdotai_ModernBERT-large,encoder,spring,spring_gp_10,"After mapping the underground water, they prepared for the spring by ordering seeds.",1,0,1_to_0,seeds,probe,"After mapping the underground water, they prepared for the

probe","After mapping the underground water, they prepared for the spring

probe","After mapping the underground water, they prepared for the spring by ordering seeds

probe",13,14,17,2.2397,-3.8334,5.1505,11.0122,9.8657,0.0734,-0.1257,0.1689,0.3611,0.3235,-0.1991,0.2946,0.0955,-0.1922,-0.1546,True,True,True,nan,nan,24,model_internal_ready,correct,primed,correct,boundary,primed,correct,boundary,boundary,boundary
answerdotai_ModernBERT-large,encoder,spring,spring_gp_11,"After celebrating the end of winter, the villagers welcomed the spring, which supplied their drinking water throughout the drought.",0,1,0_to_1,water,probe,"After celebrating the end of winter, the villagers welcomed the

probe","After celebrating the end of winter, the villagers welcomed the spring

probe","After celebrating the end of winter, the villagers welcomed the spring, which supplied their drinking water

probe",14,15,21,0.368,2.0829,9.2378,-10.0018,15.301,0.0121,0.0683,0.3029,-0.328,0.5018,0.0562,0.2346,0.2909,0.6309,-0.1988,False,True,False,nan,nan,24,model_internal_ready,correct,correct,correct,boundary,boundary,correct,boundary,boundary,correct
answerdotai_ModernBERT-large,encoder,spring,spring_gp_12,"After pruning the orchard, she wrote about the spring that fed a stream below the ridge.",0,1,0_to_1,stream,probe,"After pruning the orchard, she wrote about the

probe","After pruning the orchard, she wrote about the spring

probe","After pruning the orchard, she wrote about the spring that fed a stream

probe",14,15,19,6.7215,6.9959,13.6853,-9.4633,14.0437,0.2204,0.2294,0.4488,-0.3103,0.4605,0.009,0.2194,0.2284,0.7591,-0.0118,False,True,False,nan,nan,24,model_internal_ready,correct,correct,correct,correct,correct,correct,boundary,boundary,correct
answerdotai_ModernBERT-large,encoder,spring,spring_gp_13,"After inspecting the dried-up well, the hydrologist described the spring that arrived unusually early that year.",1,0,1_to_0,arrived,probe,"After inspecting the dried-up well, the hydrologist described the

probe","After inspecting the dried-up well, the hydrologist described the spring

probe","After inspecting the dried-up well, the hydrologist described the spring that arrived

probe",18,19,21,0.6971,-6.8043,-3.657,5.9555,1.8481,0.0229,-0.2231,-0.1199,0.1953,0.0606,-0.246,0.1032,-0.1428,-0.3152,-0.1805,True,False,False,nan,nan,24,model_internal_ready,correct,primed,primed,boundary,primed,primed,boundary,boundary,boundary
answerdotai_ModernBERT-large,encoder,spring,spring_gp_14,"After surveying the aquifer, the engineer described the spring that followed the coldest winter on record.",1,0,1_to_0,winter,probe,"After surveying the aquifer, the engineer described the

probe","After surveying the aquifer, the engineer described the spring

probe","After surveying the aquifer, the engineer described the spring that followed the coldest winter

probe",14,15,21,-0.7792,-1.029,-9.3573,10.1457,-5.4021,-0.0256,-0.0337,-0.3068,0.3327,-0.1771,-0.0082,-0.2731,-0.2813,-0.6395,-0.1297,True,False,False,nan,nan,24,model_internal_ready,primed,primed,primed,boundary,boundary,primed,boundary,boundary,primed
answerdotai_ModernBERT-large,encoder,match,match_gp_01,"The referee held up the match, then struck it against the box.",0,1,0_to_1,struck,probe,"The referee held up the

probe","The referee held up the match

probe","The referee held up the match, then struck

probe",8,9,12,-10.066,-20.4334,-9.489,-2.2605,-8.0576,-0.1825,-0.3705,-0.1721,-0.041,-0.1461,-0.188,0.1985,0.0105,-0.1311,-0.026,True,False,False,nan,nan,28,model_internal_ready,primed,primed,primed,primed,primed,primed,boundary,primed,boundary
answerdotai_ModernBERT-large,encoder,match,match_gp_02,"The boxer threw the match, which landed in the dry grass and started a fire.",0,1,0_to_1,fire,probe,"The boxer threw the

probe","The boxer threw the match

probe","The boxer threw the match, which landed in the dry grass and started a fire

probe",8,9,20,0.0634,-0.466,-6.0576,0.6272,-3.4175,0.0011,-0.0085,-0.1098,0.0114,-0.062,-0.0096,-0.1014,-0.111,-0.1212,-0.0479,True,False,False,nan,nan,28,model_internal_ready,correct,primed,primed,boundary,boundary,primed,boundary,boundary,boundary
answerdotai_ModernBERT-large,encoder,match,match_gp_03,"The captain cursed the match, then struck it against the box.",0,1,0_to_1,struck,probe,"The captain cursed the

probe","The captain cursed the match

probe","The captain cursed the match, then struck

probe",7,8,11,-9.2182,-19.8042,-11.4188,-2.2605,-3.3542,-0.1671,-0.3591,-0.2071,-0.041,-0.0608,-0.192,0.152,-0.0399,-0.1661,-0.1462,True,False,False,nan,nan,28,model_internal_ready,primed,primed,primed,primed,primed,primed,boundary,primed,boundary
answerdotai_ModernBERT-large,encoder,match,match_gp_04,The crowd watched the match until it burned out.,0,1,0_to_1,burned,probe,"The crowd watched the

probe","The crowd watched the match

probe","The crowd watched the match until it burned

probe",7,8,11,-10.0844,-15.5411,-11.1804,-3.0526,1.1184,-0.1829,-0.2818,-0.2027,-0.0554,0.0203,-0.0989,0.0791,-0.0199,-0.1474,-0.223,True,False,False,nan,nan,28,model_internal_ready,primed,primed,primed,primed,primed,primed,boundary,boundary,boundary
answerdotai_ModernBERT-large,encoder,match,match_gp_05,"The whole town waited for the match, which the mayor struck to light the bonfire.",0,1,0_to_1,bonfire,probe,"The whole town waited for the

probe","The whole town waited for the match

probe","The whole town waited for the match, which the mayor struck to light the bonfire

probe",9,10,20,-14.1594,-19.9595,-15.4201,1.451,-16.1698,-0.2567,-0.3619,-0.2796,0.0263,-0.2932,-0.1052,0.0823,-0.0229,-0.3059,0.0136,True,False,False,nan,nan,28,model_internal_ready,primed,primed,primed,primed,primed,primed,boundary,primed,boundary
answerdotai_ModernBERT-large,encoder,match,match_gp_06,"Before kickoff, the referee checked the match and put it into his pocket.",0,1,0_to_1,pocket,probe,"Before kickoff, the referee checked the

probe","Before kickoff, the referee checked the match

probe","Before kickoff, the referee checked the match and put it into his pocket

probe",11,12,18,-8.651,-10.3024,-6.8368,-0.0932,12.4489,-0.1569,-0.1868,-0.124,-0.0017,0.2257,-0.0299,0.0628,0.0329,-0.1223,-0.3497,True,False,False,nan,nan,28,model_internal_ready,primed,primed,primed,primed,primed,primed,boundary,boundary,boundary
answerdotai_ModernBERT-large,encoder,match,match_gp_07,"After inspecting the burned shed, the marshal discussed the match until the referee showed the replay.",1,0,1_to_0,referee,probe,"After inspecting the burned shed, the marshal discussed the

probe","After inspecting the burned shed, the marshal discussed the match

probe","After inspecting the burned shed, the marshal discussed the match until the referee

probe",15,16,19,-1.0814,-8.2409,-3.1859,-0.1947,12.161,-0.0196,-0.1494,-0.0578,-0.0035,0.2205,-0.1298,0.0917,-0.0382,-0.0542,-0.2783,True,False,False,nan,nan,28,model_internal_ready,primed,primed,primed,boundary,primed,boundary,boundary,boundary,boundary
answerdotai_ModernBERT-large,encoder,match,match_gp_08,"Beside the dying campfire, they were looking for the match, which was streamed by all the major TV services.",1,0,1_to_0,streamed,probe,"Beside the dying campfire, they were looking for the

probe","Beside the dying campfire, they were looking for the match

probe","Beside the dying campfire, they were looking for the match, which was streamed

probe",16,17,22,10.6908,14.8407,18.2026,2.1346,22.0736,0.1939,0.2691,0.3301,0.0387,0.4003,0.0752,0.061,0.1362,0.2914,-0.0702,False,True,False,nan,nan,28,model_internal_ready,correct,correct,correct,correct,correct,correct,boundary,boundary,correct
answerdotai_ModernBERT-large,encoder,match,match_gp_09,The candle maker described the match that ended in a penalty shootout.,1,0,1_to_0,penalty,probe,"The candle maker described the

probe","The candle maker described the match

probe","The candle maker described the match that ended in a penalty

probe",8,9,14,1.5418,-6.1743,4.502,1.5234,27.8022,0.028,-0.112,0.0816,0.0276,0.5041,-0.1399,0.1936,0.0537,0.054,-0.4225,True,True,True,nan,nan,28,model_internal_ready,correct,primed,correct,boundary,primed,boundary,boundary,boundary,boundary
answerdotai_ModernBERT-large,encoder,match,match_gp_10,"Although she was soaked, the match had remained dry, and the home side won in extra time.",1,0,1_to_0,side,probe,"Although she was soaked, the

probe","Although she was soaked, the match

probe","Although she was soaked, the match had remained dry, and the home side

probe",9,10,18,1.8922,-0.5314,7.5683,3.9467,24.7396,0.0343,-0.0096,0.1372,0.0716,0.4486,-0.0439,0.1469,0.1029,0.0657,-0.3114,True,True,True,nan,nan,28,model_internal_ready,correct,primed,correct,boundary,boundary,correct,boundary,boundary,boundary
answerdotai_ModernBERT-large,encoder,match,match_gp_11,"In the dark, the match illuminated the entire city once the stadium lights came on.",1,0,1_to_0,stadium,probe,"In the dark, the

probe","In the dark, the match

probe","In the dark, the match illuminated the entire city once the stadium

probe",8,9,16,-2.5516,-7.1387,21.1976,1.5449,29.0761,-0.0463,-0.1294,0.3844,0.028,0.5272,-0.0832,0.5138,0.4306,0.3564,-0.1429,True,True,True,nan,nan,28,model_internal_ready,primed,primed,correct,boundary,primed,correct,boundary,boundary,correct
answerdotai_ModernBERT-large,encoder,match,match_gp_12,The arson investigator reconstructed the match that the home side won in extra time.,1,0,1_to_0,won,probe,"The arson investigator reconstructed the

probe","The arson investigator reconstructed the match

probe","The arson investigator reconstructed the match that the home side won

probe",9,10,15,6.6988,5.7398,26.6897,6.5099,25.2466,0.1215,0.1041,0.484,0.118,0.4578,-0.0174,0.3799,0.3625,0.3659,0.0262,False,True,False,nan,nan,28,model_internal_ready,correct,correct,correct,correct,correct,correct,boundary,boundary,correct
answerdotai_ModernBERT-large,encoder,match,match_gp_13,"With the final score still disputed, the referee examined the match until its head flared orange.",0,1,0_to_1,flared,probe,"With the final score still disputed, the referee examined the

probe","With the final score still disputed, the referee examined the match

probe","With the final score still disputed, the referee examined the match until its head flared

probe",14,15,20,-10.9076,-22.9973,-21.5614,1.2724,0.5461,-0.1978,-0.417,-0.391,0.0231,0.0099,-0.2192,0.026,-0.1932,-0.414,-0.4009,True,False,False,nan,nan,28,model_internal_ready,primed,primed,primed,primed,primed,primed,boundary,primed,primed
answerdotai_ModernBERT-large,encoder,match,match_gp_14,"After gathering dry kindling, they waited for the match, which went into extra time.",1,0,1_to_0,time,probe,"After gathering dry kindling, they waited for the

probe","After gathering dry kindling, they waited for the match

probe","After gathering dry kindling, they waited for the match, which went into extra time

probe",13,14,20,-0.6742,-5.7035,1.7018,-0.2641,29.6594,-0.0122,-0.1034,0.0309,-0.0048,0.5378,-0.0912,0.1343,0.0431,0.0356,-0.5069,True,True,True,nan,nan,28,model_internal_ready,primed,primed,correct,boundary,primed,boundary,boundary,boundary,boundary
answerdotai_ModernBERT-large,encoder,pitch,pitch_gp_01,"The investors checked the pitch, which had just been freshly mown.",1,0,1_to_0,mown,probe,"The investors checked the

probe","The investors checked the pitch

probe","The investors checked the pitch, which had just been freshly mown

probe",7,8,16,-6.7589,-16.4178,17.0603,-13.7374,22.1223,-0.1333,-0.3238,0.3365,-0.2709,0.4363,-0.1905,0.6603,0.4698,0.6074,-0.0998,True,True,True,nan,nan,27,model_internal_ready,primed,primed,correct,primed,primed,correct,boundary,primed,correct
answerdotai_ModernBERT-large,encoder,pitch,pitch_gp_02,"She walked the investors through the pitch, careful not to scuff the fresh touchlines.",1,0,1_to_0,touchlines,probe,"She walked the investors through the

probe","She walked the investors through the pitch

probe","She walked the investors through the pitch, careful not to scuff the fresh touchlines

probe",9,10,20,8.5098,-4.1849,15.2954,-17.3547,24.0529,0.1678,-0.0825,0.3017,-0.3423,0.4744,-0.2504,0.3842,0.1338,0.6439,-0.1727,True,True,True,nan,nan,27,model_internal_ready,correct,primed,correct,correct,boundary,correct,boundary,boundary,correct
answerdotai_ModernBERT-large,encoder,pitch,pitch_gp_03,He reviewed the pitch and asked the groundskeeper to repaint the lines.,1,0,1_to_0,lines,probe,"He reviewed the

probe","He reviewed the pitch

probe","He reviewed the pitch and asked the groundskeeper to repaint the lines

probe",6,7,17,0.049,4.3781,-18.3822,-18.8189,-10.8544,0.001,0.0863,-0.3625,-0.3712,-0.2141,0.0854,-0.4489,-0.3635,0.0086,-0.1485,False,False,False,nan,nan,27,model_internal_ready,correct,correct,primed,boundary,boundary,primed,boundary,boundary,primed
answerdotai_ModernBERT-large,encoder,pitch,pitch_gp_04,The investors rejected the pitch because the rain had left it waterlogged.,1,0,1_to_0,waterlogged,probe,"The investors rejected the

probe","The investors rejected the pitch

probe","The investors rejected the pitch because the rain had left it waterlogged

probe",7,8,17,1.2137,-7.0878,15.4748,-16.7082,16.7494,0.0239,-0.1398,0.3052,-0.3295,0.3303,-0.1637,0.445,0.2813,0.6347,-0.0251,True,True,True,nan,nan,27,model_internal_ready,correct,primed,correct,boundary,primed,correct,boundary,boundary,correct
answerdotai_ModernBERT-large,encoder,pitch,pitch_gp_05,"The investors asked to see the pitch, so the groundskeeper led them onto it.",1,0,1_to_0,groundskeeper,probe,"The investors asked to see the

probe","The investors asked to see the pitch

probe","The investors asked to see the pitch, so the groundskeeper

probe",9,10,15,3.1037,-7.5357,7.689,-16.9086,19.8921,0.0612,-0.1486,0.1516,-0.3335,0.3923,-0.2098,0.3003,0.0904,0.4851,-0.2407,True,True,True,nan,nan,27,model_internal_ready,correct,primed,correct,boundary,primed,correct,boundary,boundary,boundary
answerdotai_ModernBERT-large,encoder,pitch,pitch_gp_06,The board reviewed the pitch until a groundskeeper asked them to keep off the grass.,1,0,1_to_0,grass,probe,"The board reviewed the

probe","The board reviewed the pitch

probe","The board reviewed the pitch until a groundskeeper asked them to keep off the grass

probe",7,8,19,-12.9928,-24.548,8.1653,-18.744,25.3983,-0.2563,-0.4841,0.161,-0.3697,0.5009,-0.2279,0.6452,0.4173,0.5307,-0.3399,True,True,True,nan,nan,27,model_internal_ready,primed,primed,correct,primed,primed,correct,boundary,primed,boundary
answerdotai_ModernBERT-large,encoder,pitch,pitch_gp_07,"Her slides were ready, but the pitch was still too wet for kickoff.",1,0,1_to_0,wet,probe,"Her slides were ready, but the

probe","Her slides were ready, but the pitch

probe","Her slides were ready, but the pitch was still too wet

probe",10,11,15,-17.7775,-22.0259,3.2355,-18.09,27.2642,-0.3506,-0.4344,0.0638,-0.3568,0.5377,-0.0838,0.4982,0.4144,0.4206,-0.4739,True,True,True,nan,nan,27,model_internal_ready,primed,primed,correct,primed,primed,boundary,primed,primed,boundary
answerdotai_ModernBERT-large,encoder,pitch,pitch_gp_08,The pitch was poorly kept; the slides hadn't been updated.,0,1,0_to_1,slides,probe,"The

probe","The pitch

probe","The pitch was poorly kept; the slides

probe",4,5,11,14.9293,20.3381,19.1586,21.1533,23.1499,0.2944,0.4011,0.3779,0.4172,0.4566,0.1067,-0.0233,0.0834,-0.0393,-0.0787,False,True,False,nan,nan,27,model_internal_ready,correct,correct,correct,correct,correct,correct,boundary,correct,correct
answerdotai_ModernBERT-large,encoder,pitch,pitch_gp_09,The groundskeeper criticised the pitch because its market analysis lacked evidence.,0,1,0_to_1,market,probe,"The groundskeeper criticised the

probe","The groundskeeper criticised the pitch

probe","The groundskeeper criticised the pitch because its market

probe",8,9,12,-4.9298,-17.4534,-21.1767,16.0689,6.9296,-0.0972,-0.3442,-0.4177,0.3169,0.1367,-0.247,-0.0734,-0.3204,-0.7346,-0.5543,True,False,False,nan,nan,27,model_internal_ready,primed,primed,primed,boundary,primed,primed,boundary,primed,primed
answerdotai_ModernBERT-large,encoder,pitch,pitch_gp_10,The football coach discussed the pitch until the board asked about projected profits.,0,1,0_to_1,profits,probe,"The football coach discussed the

probe","The football coach discussed the pitch

probe","The football coach discussed the pitch until the board asked about projected profits

probe",8,9,16,-4.5696,-8.0013,-23.2147,14.5585,23.3172,-0.0901,-0.1578,-0.4579,0.2871,0.4599,-0.0677,-0.3,-0.3677,-0.745,-0.9177,True,False,False,nan,nan,27,model_internal_ready,primed,primed,primed,boundary,primed,primed,boundary,boundary,primed
answerdotai_ModernBERT-large,encoder,pitch,pitch_gp_11,"With the goalposts still being repaired, he was puzzled by the state of the pitch, which the entrepreneur had based on outdated figures.",0,1,0_to_1,entrepreneur,probe,"With the goalposts still being repaired, he was puzzled by the state of the

probe","With the goalposts still being repaired, he was puzzled by the state of the pitch

probe","With the goalposts still being repaired, he was puzzled by the state of the pitch, which the entrepreneur

probe",19,20,24,-4.4883,-13.3453,-7.9877,11.9415,-5.6053,-0.0885,-0.2632,-0.1575,0.2355,-0.1105,-0.1747,0.1057,-0.069,-0.3931,-0.047,True,False,False,nan,nan,27,model_internal_ready,primed,primed,primed,boundary,primed,primed,boundary,boundary,boundary
answerdotai_ModernBERT-large,encoder,pitch,pitch_gp_12,The team captain revised the pitch before the investors arrived for the presentation.,0,1,0_to_1,investors,probe,"The team captain revised the

probe","The team captain revised the pitch

probe","The team captain revised the pitch before the investors

probe",8,9,12,-5.9311,4.3344,-0.6732,18.6263,24.7719,-0.117,0.0855,-0.0133,0.3674,0.4886,0.2025,-0.0988,0.1037,-0.3806,-0.5018,False,False,False,nan,nan,27,model_internal_ready,primed,correct,primed,primed,boundary,boundary,boundary,boundary,boundary
answerdotai_ModernBERT-large,encoder,pitch,pitch_gp_13,"The sports reporter analysed the pitch, which promised rapid growth in subscriber revenue.",0,1,0_to_1,revenue,probe,"The sports reporter analysed the

probe","The sports reporter analysed the pitch

probe","The sports reporter analysed the pitch, which promised rapid growth in subscriber revenue

probe",8,9,17,-10.9345,-6.7158,-19.4136,12.0069,-6.0093,-0.2157,-0.1325,-0.3829,0.2368,-0.1185,0.0832,-0.2504,-0.1672,-0.6197,-0.2644,True,False,False,nan,nan,27,model_internal_ready,primed,primed,primed,primed,primed,primed,boundary,boundary,primed
answerdotai_ModernBERT-large,encoder,pitch,pitch_gp_14,"While the players warmed up on their pitch, the investors were already waiting.",0,1,0_to_1,investors,probe,"While the players warmed up on their

probe","While the players warmed up on their pitch

probe","While the players warmed up on their pitch, the investors

probe",10,11,14,-9.5326,-14.6659,-17.5591,18.5383,-0.7138,-0.188,-0.2892,-0.3463,0.3656,-0.0141,-0.1012,-0.0571,-0.1583,-0.7119,-0.3322,True,False,False,nan,nan,27,model_internal_ready,primed,primed,primed,primed,primed,primed,boundary,boundary,primed
microsoft_deberta-v3-large,encoder,bank,bank_gp_01,She finished her loan application and walked to the bank to sit by the river.,1,0,1_to_0,river,probe,"She finished her loan application and walked to the

probe","She finished her loan application and walked to the bank

probe","She finished her loan application and walked to the bank to sit by the river

probe",10,11,16,-1.2964,-4.0683,2.3678,1.5339,0.97,-0.0971,-0.3047,0.1773,0.1149,0.0726,-0.2076,0.482,0.2744,0.0625,0.1047,True,True,True,nan,nan,9,model_internal_ready,primed,primed,correct,boundary,primed,correct,boundary,primed,boundary
microsoft_deberta-v3-large,encoder,bank,bank_gp_02,The branch manager waited at the bank until a fish took the bait.,1,0,1_to_0,fish,probe,"The branch manager waited at the

probe","The branch manager waited at the bank

probe","The branch manager waited at the bank until a fish

probe",7,8,11,-0.5178,-3.9349,3.5033,3.8445,5.082,-0.0388,-0.2947,0.2624,0.2879,0.3806,-0.2559,0.5571,0.3012,-0.0256,-0.1182,True,True,True,nan,nan,9,model_internal_ready,primed,primed,correct,boundary,primed,correct,boundary,boundary,boundary
microsoft_deberta-v3-large,encoder,bank,bank_gp_03,He discussed his mortgage at the bank until a passing boat drenched him.,1,0,1_to_0,boat,probe,"He discussed his mortgage at the

probe","He discussed his mortgage at the bank

probe","He discussed his mortgage at the bank until a passing boat

probe",7,8,12,-5.5085,-6.2526,-0.4169,3.1141,4.8434,-0.4126,-0.4683,-0.0312,0.2332,0.3628,-0.0557,0.4371,0.3813,-0.2645,-0.394,True,False,False,nan,nan,9,model_internal_ready,primed,primed,primed,primed,primed,boundary,primed,primed,boundary
microsoft_deberta-v3-large,encoder,bank,bank_gp_04,The loan officer met her at the bank and helped her into the kayak.,1,0,1_to_0,kayak,probe,"The loan officer met her at the

probe","The loan officer met her at the bank

probe","The loan officer met her at the bank and helped her into the kayak

probe",8,9,15,-5.2182,-6.0498,0.299,3.7413,4.3214,-0.3908,-0.4531,0.0224,0.2802,0.3237,-0.0623,0.4755,0.4132,-0.2578,-0.3013,True,True,True,nan,nan,9,model_internal_ready,primed,primed,correct,primed,primed,boundary,primed,primed,boundary
microsoft_deberta-v3-large,encoder,bank,bank_gp_05,He took his overdraft papers to the bank and threw them angrily into the river.,1,0,1_to_0,river,probe,"He took his overdraft papers to the

probe","He took his overdraft papers to the bank

probe","He took his overdraft papers to the bank and threw them angrily into the river

probe",8,9,16,-4.591,-6.1202,0.7384,1.5339,5.4666,-0.3438,-0.4584,0.0553,0.1149,0.4094,-0.1145,0.5137,0.3992,-0.0596,-0.3541,True,True,True,nan,nan,9,model_internal_ready,primed,primed,correct,primed,primed,boundary,primed,primed,boundary
microsoft_deberta-v3-large,encoder,bank,bank_gp_06,Her account adviser met her at the bank and stripped down to his swimming trunks.,1,0,1_to_0,swimming,probe,"Her account adviser met her at the

probe","Her account adviser met her at the bank

probe","Her account adviser met her at the bank and stripped down to his swimming

probe",8,9,15,-5.1208,-6.2806,0.6277,4.3541,3.5748,-0.3835,-0.4704,0.047,0.3261,0.2677,-0.0869,0.5174,0.4305,-0.2791,-0.2207,True,True,True,nan,nan,9,model_internal_ready,primed,primed,correct,primed,primed,boundary,primed,primed,boundary
microsoft_deberta-v3-large,encoder,bank,bank_gp_07,The mortgage broker suggested they meet at the bank and paddle into the sunset together.,1,0,1_to_0,paddle,probe,"The mortgage broker suggested they meet at the

probe","The mortgage broker suggested they meet at the bank

probe","The mortgage broker suggested they meet at the bank and paddle

probe",9,10,12,-4.7374,-5.6023,-0.4109,2.7794,5.5945,-0.3548,-0.4196,-0.0308,0.2082,0.419,-0.0648,0.3888,0.324,-0.2389,-0.4498,True,False,False,nan,nan,9,model_internal_ready,primed,primed,primed,primed,primed,boundary,primed,primed,boundary
microsoft_deberta-v3-large,encoder,bank,bank_gp_08,"After checking the river level, she waited at the bank until the teller called her inside.",0,1,0_to_1,teller,probe,"After checking the river level, she waited at the

probe","After checking the river level, she waited at the bank

probe","After checking the river level, she waited at the bank until the teller

probe",11,12,15,-4.4042,0.1807,-2.7246,2.5074,0.6384,-0.3299,0.0135,-0.2041,0.1878,0.0478,0.3434,-0.2176,0.1258,-0.3919,-0.2519,False,False,False,nan,nan,9,model_internal_ready,primed,correct,primed,primed,boundary,primed,primed,boundary,boundary
microsoft_deberta-v3-large,encoder,bank,bank_gp_09,"After packing away his fishing rod, he sat by the bank, until the loan officer waved him inside.",0,1,0_to_1,loan,probe,"After packing away his fishing rod, he sat by the

probe","After packing away his fishing rod, he sat by the bank

probe","After packing away his fishing rod, he sat by the bank, until the loan

probe",12,13,17,-4.0248,-3.5835,0.2114,3.9991,4.8242,-0.3014,-0.2684,0.0158,0.2995,0.3613,0.033,0.2842,0.3173,-0.2837,-0.3455,True,True,True,nan,nan,9,model_internal_ready,primed,primed,correct,primed,primed,boundary,primed,boundary,boundary
microsoft_deberta-v3-large,encoder,bank,bank_gp_10,The canoe guide pointed toward the bank as the cashier locked the front doors.,0,1,0_to_1,cashier,probe,"The canoe guide pointed toward the

probe","The canoe guide pointed toward the bank

probe","The canoe guide pointed toward the bank as the cashier

probe",7,8,11,-5.8795,-5.7055,-2.5589,4.9597,0.6289,-0.4404,-0.4273,-0.1916,0.3715,0.0471,0.013,0.2357,0.2487,-0.5631,-0.2387,True,False,False,nan,nan,9,model_internal_ready,primed,primed,primed,primed,primed,primed,primed,primed,boundary
microsoft_deberta-v3-large,encoder,bank,bank_gp_11,"Following the river path, they stopped at the bank to open a business account.",0,1,0_to_1,account,probe,"Following the river path, they stopped at the

probe","Following the river path, they stopped at the bank

probe","Following the river path, they stopped at the bank to open a business account

probe",10,11,16,-0.9153,2.4332,4.7843,2.5276,5.8198,-0.0686,0.1822,0.3583,0.1893,0.4359,0.2508,0.1761,0.4269,0.169,-0.0776,False,True,False,nan,nan,9,model_internal_ready,primed,correct,correct,boundary,correct,correct,boundary,boundary,correct
microsoft_deberta-v3-large,encoder,bank,bank_gp_12,The flood inspector photographed the bank before its cash machine was replaced.,0,1,0_to_1,cash,probe,"The flood inspector photographed the

probe","The flood inspector photographed the bank

probe","The flood inspector photographed the bank before its cash

probe",6,7,10,0.4587,1.8541,3.5946,4.3839,4.825,0.0344,0.1389,0.2692,0.3283,0.3614,0.1045,0.1304,0.2349,-0.0591,-0.0922,False,True,False,nan,nan,9,model_internal_ready,correct,correct,correct,boundary,correct,correct,boundary,boundary,boundary
microsoft_deberta-v3-large,encoder,bank,bank_gp_13,The kayaker returned to the bank because the mortgage adviser had left a message.,0,1,0_to_1,mortgage,probe,"The kayaker returned to the

probe","The kayaker returned to the bank

probe","The kayaker returned to the bank because the mortgage

probe",7,8,11,-4.9346,-4.1061,3.9746,4.6509,5.3828,-0.3696,-0.3075,0.2977,0.3483,0.4032,0.0621,0.6052,0.6673,-0.0507,-0.1055,True,True,True,nan,nan,9,model_internal_ready,primed,primed,correct,primed,primed,correct,primed,primed,boundary
microsoft_deberta-v3-large,encoder,bank,bank_gp_14,"After rowing practice, she returned to the bank because the vault alarm had sounded.",0,1,0_to_1,vault,probe,"After rowing practice, she returned to the

probe","After rowing practice, she returned to the bank

probe","After rowing practice, she returned to the bank because the vault

probe",9,10,13,-2.568,1.9139,-0.2465,-0.7963,2.2091,-0.1923,0.1433,-0.0185,-0.0596,0.1655,0.3357,-0.1618,0.1739,0.0412,-0.1839,False,False,False,nan,nan,9,model_internal_ready,primed,correct,primed,primed,correct,boundary,boundary,boundary,boundary
microsoft_deberta-v3-large,encoder,bark,bark_gp_01,"The dog warden investigated the bark, which was peeling from the old elm.",0,1,0_to_1,elm,probe,"The dog warden investigated the

probe","The dog warden investigated the bark

probe","The dog warden investigated the bark, which was peeling from the old elm

probe",6,7,15,-1.0445,-0.9881,2.5606,1.3971,2.6811,-0.122,-0.1154,0.2992,0.1632,0.3132,0.0066,0.4146,0.4212,0.1359,-0.0141,True,True,True,nan,nan,10,model_internal_ready,primed,primed,correct,primed,primed,correct,boundary,boundary,boundary
microsoft_deberta-v3-large,encoder,bark,bark_gp_02,The dog trainer studied the bark until she found beetles crawling underneath it.,0,1,0_to_1,beetles,probe,"The dog trainer studied the

probe","The dog trainer studied the bark

probe","The dog trainer studied the bark until she found beetles

probe",6,7,11,1.4079,1.8793,1.4978,1.5793,1.764,0.1645,0.2196,0.175,0.1845,0.2061,0.0551,-0.0446,0.0105,-0.0095,-0.0311,False,True,False,nan,nan,10,model_internal_ready,correct,correct,correct,correct,correct,correct,boundary,boundary,boundary
microsoft_deberta-v3-large,encoder,bark,bark_gp_03,The dog warden recorded the bark before the forester stripped it from the tree.,0,1,0_to_1,tree,probe,"The dog warden recorded the

probe","The dog warden recorded the bark

probe","The dog warden recorded the bark before the forester stripped it from the tree

probe",6,7,16,-1.1187,0.0335,3.3168,2.468,3.4948,-0.1307,0.0039,0.3875,0.2883,0.4083,0.1346,0.3836,0.5182,0.0992,-0.0208,False,True,False,nan,nan,10,model_internal_ready,primed,correct,correct,primed,boundary,correct,boundary,boundary,correct
microsoft_deberta-v3-large,encoder,bark,bark_gp_04,The neighbour complained about the bark until the wind tore it from the birch.,0,1,0_to_1,birch,probe,"The neighbour complained about the

probe","The neighbour complained about the bark

probe","The neighbour complained about the bark until the wind tore it from the birch

probe",6,7,16,-1.4161,0.1029,3.6471,3.3508,3.8543,-0.1654,0.012,0.4261,0.3915,0.4503,0.1775,0.4141,0.5915,0.0346,-0.0242,False,True,False,nan,nan,10,model_internal_ready,primed,correct,correct,primed,boundary,correct,boundary,boundary,correct
microsoft_deberta-v3-large,encoder,bark,bark_gp_05,"Beside the dog kennel, the children noticed the bark, which their father peeled from the elm.",0,1,0_to_1,elm,probe,"Beside the dog kennel, the children noticed the

probe","Beside the dog kennel, the children noticed the bark

probe","Beside the dog kennel, the children noticed the bark, which their father peeled from the elm

probe",10,11,19,1.0397,1.2534,3.6037,1.3971,3.6258,0.1215,0.1464,0.421,0.1632,0.4236,0.025,0.2746,0.2996,0.2578,-0.0026,False,True,False,nan,nan,10,model_internal_ready,correct,correct,correct,correct,correct,correct,boundary,boundary,correct
microsoft_deberta-v3-large,encoder,bark,bark_gp_06,"She complained to the neighbours about the bark, which an arborist later cut from the dying sycamore.",0,1,0_to_1,sycamore,probe,"She complained to the neighbours about the

probe","She complained to the neighbours about the bark

probe","She complained to the neighbours about the bark, which an arborist later cut from the dying sycamore

probe",8,9,19,-1.4725,-0.1744,2.9554,1.0871,3.3554,-0.172,-0.0204,0.3453,0.127,0.392,0.1517,0.3656,0.5173,0.2183,-0.0467,True,True,True,nan,nan,10,model_internal_ready,primed,primed,correct,primed,boundary,correct,boundary,boundary,correct
microsoft_deberta-v3-large,encoder,bark,bark_gp_07,"After examining the damaged oak, she recorded the bark when the terrier began growling.",1,0,1_to_0,terrier,probe,"After examining the damaged oak, she recorded the

probe","After examining the damaged oak, she recorded the bark

probe","After examining the damaged oak, she recorded the bark when the terrier

probe",10,11,14,-1.4236,-2.6391,-0.4732,-0.4088,0.3246,-0.1663,-0.3083,-0.0553,-0.0478,0.0379,-0.142,0.253,0.111,-0.0075,-0.0932,True,False,False,nan,nan,10,model_internal_ready,primed,primed,primed,primed,primed,boundary,boundary,primed,boundary
microsoft_deberta-v3-large,encoder,bark,bark_gp_08,The arborist complained about the bark until the spaniel was taken indoors.,1,0,1_to_0,spaniel,probe,"The arborist complained about the

probe","The arborist complained about the bark

probe","The arborist complained about the bark until the spaniel

probe",6,7,10,0.8132,-1.3378,0.9414,0.5205,2.0344,0.095,-0.1563,0.11,0.0608,0.2377,-0.2513,0.2663,0.015,0.0492,-0.1277,True,True,True,nan,nan,10,model_internal_ready,correct,primed,correct,boundary,primed,correct,boundary,boundary,boundary
microsoft_deberta-v3-large,encoder,bark,bark_gp_09,"While cataloguing trees, the researcher analysed the bark that the puppy produced during the test.",1,0,1_to_0,puppy,probe,"While cataloguing trees, the researcher analysed the

probe","While cataloguing trees, the researcher analysed the bark

probe","While cataloguing trees, the researcher analysed the bark that the puppy

probe",9,10,13,-1.4385,-2.3755,-1.5087,-0.2542,-0.5531,-0.1681,-0.2775,-0.1763,-0.0297,-0.0646,-0.1095,0.1013,-0.0082,-0.1466,-0.1116,True,False,False,nan,nan,10,model_internal_ready,primed,primed,primed,primed,primed,primed,boundary,boundary,boundary
microsoft_deberta-v3-large,encoder,bark,bark_gp_10,The lumberjack recognised the bark as soon as the dog made the noise again.,1,0,1_to_0,dog,probe,"The lumberjack recognised the

probe","The lumberjack recognised the bark

probe","The lumberjack recognised the bark as soon as the dog

probe",5,6,11,0.6313,-1.9685,1.5574,-0.3823,1.482,0.0737,-0.23,0.182,-0.0447,0.1731,-0.3037,0.4119,0.1082,0.2266,0.0088,True,True,True,nan,nan,10,model_internal_ready,correct,primed,correct,boundary,primed,correct,boundary,boundary,boundary
microsoft_deberta-v3-large,encoder,bark,bark_gp_11,"Beside the timber yard, they discussed the bark until a terrier repeated it from behind the gate.",1,0,1_to_0,terrier,probe,"Beside the timber yard, they discussed the

probe","Beside the timber yard, they discussed the bark

probe","Beside the timber yard, they discussed the bark until a terrier

probe",9,10,13,-0.4902,-2.6761,0.8476,-0.4088,1.3564,-0.0573,-0.3126,0.099,-0.0478,0.1585,-0.2554,0.4117,0.1563,0.1468,-0.0594,True,True,True,nan,nan,10,model_internal_ready,primed,primed,correct,boundary,primed,boundary,boundary,primed,boundary
microsoft_deberta-v3-large,encoder,bark,bark_gp_12,The botanist tried to identify the bark before the hound made the sound a second time.,1,0,1_to_0,hound,probe,"The botanist tried to identify the

probe","The botanist tried to identify the bark

probe","The botanist tried to identify the bark before the hound

probe",7,8,11,-2.0393,-3.437,-0.0715,0.4026,1.5262,-0.2383,-0.4016,-0.0083,0.047,0.1783,-0.1633,0.3932,0.2299,-0.0554,-0.1867,True,False,False,nan,nan,10,model_internal_ready,primed,primed,primed,primed,primed,boundary,boundary,primed,boundary
microsoft_deberta-v3-large,encoder,bark,bark_gp_13,"After the terrier woke the neighbours, she noticed the bark, where sap was seeping from the trunk.",0,1,0_to_1,sap,probe,"After the terrier woke the neighbours, she noticed the

probe","After the terrier woke the neighbours, she noticed the bark

probe","After the terrier woke the neighbours, she noticed the bark, where sap

probe",11,12,15,0.1092,0.6744,1.851,2.3849,2.5179,0.0128,0.0788,0.2163,0.2786,0.2942,0.066,0.1375,0.2035,-0.0624,-0.0779,False,True,False,nan,nan,10,model_internal_ready,correct,correct,correct,boundary,boundary,correct,boundary,boundary,boundary
microsoft_deberta-v3-large,encoder,bark,bark_gp_14,"After inspecting the split trunk, she noted the bark that echoed across the empty yard.",1,0,1_to_0,echoed,probe,"After inspecting the split trunk, she noted the

probe","After inspecting the split trunk, she noted the bark

probe","After inspecting the split trunk, she noted the bark that echoed

probe",10,11,13,-1.1852,-2.0914,-0.661,1.3572,0.9511,-0.1385,-0.2443,-0.0772,0.1586,0.1111,-0.1059,0.1671,0.0612,-0.2358,-0.1883,True,False,False,nan,nan,10,model_internal_ready,primed,primed,primed,primed,primed,boundary,boundary,boundary,boundary
microsoft_deberta-v3-large,encoder,bat,bat_gp_01,"He handed her the bat, which spread its wings and flew away.",0,1,0_to_1,wings,probe,"He handed her the

probe","He handed her the bat

probe","He handed her the bat, which spread its wings

probe",5,6,11,-0.4775,-0.3651,0.2271,1.1074,0.9514,-0.0497,-0.038,0.0237,0.1153,0.0991,0.0117,0.0617,0.0734,-0.0917,-0.0754,True,True,True,nan,nan,9,model_internal_ready,primed,primed,correct,boundary,boundary,boundary,boundary,boundary,boundary
microsoft_deberta-v3-large,encoder,bat,bat_gp_02,"After practice, he carried the bat into the shed, where it hung upside down from a rafter.",0,1,0_to_1,rafter,probe,"After practice, he carried the

probe","After practice, he carried the bat

probe","After practice, he carried the bat into the shed, where it hung upside down from a rafter

probe",7,8,21,-1.0027,-2.4352,-0.1278,1.2392,2.28,-0.1044,-0.2536,-0.0133,0.1291,0.2375,-0.1492,0.2403,0.0911,-0.1424,-0.2508,True,False,False,nan,nan,9,model_internal_ready,primed,primed,primed,primed,primed,boundary,boundary,boundary,boundary
microsoft_deberta-v3-large,encoder,bat,bat_gp_03,"She reached for the bat beside the wicket, but it shrieked and flew away.",0,1,0_to_1,shrieked,probe,"She reached for the

probe","She reached for the bat

probe","She reached for the bat beside the wicket, but it shrieked

probe",5,6,13,0.3597,0.2874,-1.0674,-0.165,-0.7538,0.0375,0.0299,-0.1112,-0.0172,-0.0785,-0.0075,-0.1411,-0.1486,-0.094,-0.0327,False,False,False,nan,nan,9,model_internal_ready,correct,correct,primed,boundary,boundary,primed,boundary,boundary,boundary
microsoft_deberta-v3-large,encoder,bat,bat_gp_04,"The umpire inspected the bat, which bit his finger and flew over the boundary.",0,1,0_to_1,flew,probe,"The umpire inspected the

probe","The umpire inspected the bat

probe","The umpire inspected the bat, which bit his finger and flew

probe",5,6,13,-0.8914,-1.4274,-0.8411,1.5237,2.4214,-0.0928,-0.1487,-0.0876,0.1587,0.2522,-0.0558,0.0611,0.0052,-0.2463,-0.3398,True,False,False,nan,nan,9,model_internal_ready,primed,primed,primed,boundary,primed,boundary,boundary,boundary,boundary
microsoft_deberta-v3-large,encoder,bat,bat_gp_05,"The player reached into the kit bag for the bat, which unfurled its wings and clung to his sleeve.",0,1,0_to_1,wings,probe,"The player reached into the kit bag for the

probe","The player reached into the kit bag for the bat

probe","The player reached into the kit bag for the bat, which unfurled its wings

probe",10,11,16,1.1216,-0.0708,-0.0049,1.0911,1.8764,0.1168,-0.0074,-0.0005,0.1136,0.1954,-0.1242,0.0069,-0.1173,-0.1142,-0.1959,True,False,False,nan,nan,9,model_internal_ready,correct,primed,primed,correct,boundary,boundary,boundary,boundary,boundary
microsoft_deberta-v3-large,encoder,bat,bat_gp_06,"She locked the bat in the equipment room, but by morning it was sleeping upside down from the ceiling.",0,1,0_to_1,sleeping,probe,"She locked the

probe","She locked the bat

probe","She locked the bat in the equipment room, but by morning it was sleeping

probe",4,5,16,-0.0601,0.3667,1.611,1.4057,2.0707,-0.0063,0.0382,0.1678,0.1464,0.2157,0.0445,0.1296,0.1741,0.0214,-0.0479,False,True,False,nan,nan,9,model_internal_ready,primed,correct,correct,boundary,boundary,correct,boundary,boundary,boundary
microsoft_deberta-v3-large,encoder,bat,bat_gp_07,"The boy tucked the bat under his arm, but it wriggled free and flew into the rafters.",0,1,0_to_1,rafters,probe,"The boy tucked the

probe","The boy tucked the bat

probe","The boy tucked the bat under his arm, but it wriggled free and flew into the rafters

probe",5,6,20,0.6162,1.2681,0.9374,0.1849,1.9505,0.0642,0.1321,0.0976,0.0193,0.2032,0.0679,-0.0344,0.0335,0.0784,-0.1055,False,True,False,nan,nan,9,model_internal_ready,correct,correct,correct,boundary,correct,boundary,boundary,boundary,boundary
microsoft_deberta-v3-large,encoder,bat,bat_gp_08,"After monitoring the cave all night, she carried the bat until the batter asked for it back.",1,0,1_to_0,batter,probe,"After monitoring the cave all night, she carried the

probe","After monitoring the cave all night, she carried the bat

probe","After monitoring the cave all night, she carried the bat until the batter

probe",11,12,15,-2.0296,-2.4597,-0.2596,1.6635,1.6567,-0.2114,-0.2562,-0.027,0.1733,0.1726,-0.0448,0.2292,0.1844,-0.2003,-0.1996,True,False,False,nan,nan,9,model_internal_ready,primed,primed,primed,primed,primed,boundary,boundary,boundary,boundary
microsoft_deberta-v3-large,encoder,bat,bat_gp_09,The wildlife officer inspected the bat before the umpire ruled it illegal.,1,0,1_to_0,umpire,probe,"The wildlife officer inspected the

probe","The wildlife officer inspected the bat

probe","The wildlife officer inspected the bat before the umpire

probe",6,7,10,-0.6045,-2.2574,1.7994,1.7145,2.1274,-0.063,-0.2351,0.1874,0.1786,0.2216,-0.1722,0.4225,0.2504,0.0088,-0.0342,True,True,True,nan,nan,9,model_internal_ready,primed,primed,correct,boundary,primed,correct,boundary,boundary,boundary
microsoft_deberta-v3-large,encoder,bat,bat_gp_10,The zoologist photographed the bat that the batsman had cracked during practice.,1,0,1_to_0,batsman,probe,"The zoologist photographed the

probe","The zoologist photographed the bat

probe","The zoologist photographed the bat that the batsman

probe",5,6,9,-3.1695,-3.3615,0.6258,1.4293,1.6845,-0.3301,-0.3501,0.0652,0.1489,0.1755,-0.02,0.4153,0.3953,-0.0837,-0.1103,True,True,True,nan,nan,9,model_internal_ready,primed,primed,correct,primed,primed,boundary,primed,primed,boundary
microsoft_deberta-v3-large,encoder,bat,bat_gp_11,The cave guide returned the bat to the coach's equipment bag.,1,0,1_to_0,coach,probe,"The cave guide returned the

probe","The cave guide returned the bat

probe","The cave guide returned the bat to the coach

probe",6,7,10,-3.0545,-2.9531,0.6871,1.4039,2.7891,-0.3182,-0.3076,0.0716,0.1462,0.2905,0.0106,0.3792,0.3897,-0.0747,-0.2189,True,True,True,nan,nan,9,model_internal_ready,primed,primed,correct,primed,primed,boundary,primed,primed,boundary
microsoft_deberta-v3-large,encoder,bat,bat_gp_12,"At dusk, the ranger spotted the bat lying beside the wicket.",1,0,1_to_0,wicket,probe,"At dusk, the ranger spotted the

probe","At dusk, the ranger spotted the bat

probe","At dusk, the ranger spotted the bat lying beside the wicket

probe",8,9,13,-2.3997,-3.212,1.3422,1.6601,2.0994,-0.2499,-0.3346,0.1398,0.1729,0.2187,-0.0846,0.4744,0.3898,-0.0331,-0.0789,True,True,True,nan,nan,9,model_internal_ready,primed,primed,correct,primed,primed,correct,boundary,primed,boundary
microsoft_deberta-v3-large,encoder,bat,bat_gp_13,The conservationist tagged the bat before the slugger took it to home plate.,1,0,1_to_0,slugger,probe,"The conservationist tagged the

probe","The conservationist tagged the bat

probe","The conservationist tagged the bat before the slugger

probe",5,6,9,-0.5011,-2.7003,1.9693,1.9419,2.5507,-0.0522,-0.2813,0.2051,0.2023,0.2657,-0.2291,0.4864,0.2573,0.0029,-0.0606,True,True,True,nan,nan,9,model_internal_ready,primed,primed,correct,boundary,primed,correct,boundary,boundary,boundary
microsoft_deberta-v3-large,encoder,bat,bat_gp_14,The cave researcher found the bat before the pitcher asked to use it during warm-up.,1,0,1_to_0,pitcher,probe,"The cave researcher found the

probe","The cave researcher found the bat

probe","The cave researcher found the bat before the pitcher

probe",6,7,10,-3.0779,-3.2805,-0.9353,1.9428,1.1138,-0.3206,-0.3417,-0.0974,0.2024,0.116,-0.0211,0.2443,0.2232,-0.2998,-0.2134,True,False,False,nan,nan,9,model_internal_ready,primed,primed,primed,primed,primed,boundary,primed,primed,boundary
microsoft_deberta-v3-large,encoder,crane,crane_gp_01,The site manager watched the crane step into the reeds.,1,0,1_to_0,reeds,probe,"The site manager watched the

probe","The site manager watched the crane

probe","The site manager watched the crane step into the reeds

probe",6,7,11,1.0745,0.0748,0.3151,1.1959,1.0231,0.1454,0.0101,0.0426,0.1618,0.1384,-0.1352,0.0325,-0.1027,-0.1192,-0.0958,False,True,False,nan,nan,10,model_internal_ready,correct,correct,correct,correct,boundary,boundary,boundary,boundary,boundary
microsoft_deberta-v3-large,encoder,crane,crane_gp_02,The operator waited beside the crane until it spread its wings and flew over the scaffolding.,1,0,1_to_0,wings,probe,"The operator waited beside the

probe","The operator waited beside the crane

probe","The operator waited beside the crane until it spread its wings

probe",6,7,12,-1.3616,-2.6262,-1.5671,0.8198,1.4743,-0.1842,-0.3553,-0.212,0.1109,0.1995,-0.1711,0.1433,-0.0278,-0.3229,-0.4115,True,False,False,nan,nan,10,model_internal_ready,primed,primed,primed,primed,primed,primed,boundary,primed,boundary
microsoft_deberta-v3-large,encoder,crane,crane_gp_03,"The foreman pointed to the crane, which dipped its beak into the drainage ditch.",1,0,1_to_0,beak,probe,"The foreman pointed to the

probe","The foreman pointed to the crane

probe","The foreman pointed to the crane, which dipped its beak

probe",6,7,12,-0.2965,-2.2928,-0.8072,-0.5105,0.291,-0.0401,-0.3102,-0.1092,-0.0691,0.0394,-0.2701,0.201,-0.0691,-0.0401,-0.1486,True,False,False,nan,nan,10,model_internal_ready,primed,primed,primed,boundary,primed,primed,boundary,primed,boundary
microsoft_deberta-v3-large,encoder,crane,crane_gp_04,"The safety inspector examined the crane, which tucked its head beneath one wing.",1,0,1_to_0,wing,probe,"The safety inspector examined the

probe","The safety inspector examined the crane

probe","The safety inspector examined the crane, which tucked its head beneath one wing

probe",6,7,15,-0.344,-1.453,-2.0787,0.9701,-0.6984,-0.0465,-0.1966,-0.2812,0.1312,-0.0945,-0.15,-0.0846,-0.2347,-0.4125,-0.1867,True,False,False,nan,nan,10,model_internal_ready,primed,primed,primed,boundary,primed,primed,boundary,boundary,boundary
microsoft_deberta-v3-large,encoder,crane,crane_gp_05,"The steelworkers watched the crane arrive, fold its legs, and begin to preen.",1,0,1_to_0,preen,probe,"The steelworkers watched the

probe","The steelworkers watched the crane

probe","The steelworkers watched the crane arrive, fold its legs, and begin to preen

probe",6,7,18,0.8466,0.6539,0.4562,1.2672,2.1584,0.1145,0.0885,0.0617,0.1714,0.292,-0.0261,-0.0267,-0.0528,-0.1097,-0.2303,False,True,False,nan,nan,10,model_internal_ready,correct,correct,correct,correct,boundary,boundary,boundary,boundary,boundary
microsoft_deberta-v3-large,encoder,crane,crane_gp_06,"The contractor followed the crane to the drainage ditch, where it speared a fish.",1,0,1_to_0,fish,probe,"The contractor followed the

probe","The contractor followed the crane

probe","The contractor followed the crane to the drainage ditch, where it speared a fish

probe",5,6,17,0.6135,-1.0781,-0.8423,0.8355,0.4195,0.083,-0.1459,-0.1139,0.113,0.0567,-0.2288,0.0319,-0.1969,-0.227,-0.1707,True,False,False,nan,nan,10,model_internal_ready,correct,primed,primed,boundary,primed,primed,boundary,boundary,boundary
microsoft_deberta-v3-large,encoder,crane,crane_gp_07,The ornithologist watched the crane until the operator lifted a steel girder.,0,1,0_to_1,operator,probe,"The ornithologist watched the

probe","The ornithologist watched the crane

probe","The ornithologist watched the crane until the operator

probe",5,6,9,-1.7224,-1.7151,0.2213,0.9655,0.025,-0.233,-0.232,0.0299,0.1306,0.0034,0.001,0.262,0.263,-0.1007,0.0266,True,True,True,nan,nan,10,model_internal_ready,primed,primed,correct,primed,primed,boundary,boundary,boundary,boundary
microsoft_deberta-v3-large,encoder,crane,crane_gp_08,The birdwatcher pointed to the crane as it raised a pallet above the roof.,0,1,0_to_1,pallet,probe,"The birdwatcher pointed to the

probe","The birdwatcher pointed to the crane

probe","The birdwatcher pointed to the crane as it raised a pallet

probe",7,8,13,0.0251,0.7569,1.7467,1.3745,2.5377,0.0034,0.1024,0.2363,0.186,0.3433,0.099,0.1339,0.2329,0.0504,-0.107,False,True,False,nan,nan,10,model_internal_ready,correct,correct,correct,boundary,correct,correct,boundary,boundary,boundary
microsoft_deberta-v3-large,encoder,crane,crane_gp_09,"The ornithologists tracked the crane to the site, where it hoisted concrete panels.",0,1,0_to_1,hoisted,probe,"The ornithologists tracked the

probe","The ornithologists tracked the crane

probe","The ornithologists tracked the crane to the site, where it hoisted

probe",6,7,14,-0.6711,0.3067,0.0508,-0.6469,1.6362,-0.0908,0.0415,0.0069,-0.0875,0.2214,0.1323,-0.0346,0.0977,0.0944,-0.2145,False,True,False,nan,nan,10,model_internal_ready,primed,correct,correct,boundary,boundary,boundary,boundary,boundary,boundary
microsoft_deberta-v3-large,encoder,crane,crane_gp_10,The wildlife photographer examined the crane while the foreman attached a load to its hook.,0,1,0_to_1,hook,probe,"The wildlife photographer examined the

probe","The wildlife photographer examined the crane

probe","The wildlife photographer examined the crane while the foreman attached a load to its hook

probe",6,7,16,-1.1099,-0.2369,2.2455,0.2674,2.8478,-0.1502,-0.032,0.3038,0.0362,0.3853,0.1181,0.3358,0.4539,0.2676,-0.0815,True,True,True,nan,nan,10,model_internal_ready,primed,primed,correct,primed,boundary,correct,boundary,boundary,correct
microsoft_deberta-v3-large,encoder,crane,crane_gp_11,The ecologist reported the crane whose hydraulic boom had jammed above the road.,0,1,0_to_1,hydraulic,probe,"The ecologist reported the

probe","The ecologist reported the crane

probe","The ecologist reported the crane whose hydraulic

probe",5,6,8,-1.5622,-1.4533,0.7507,1.7501,1.9137,-0.2113,-0.1966,0.1016,0.2368,0.2589,0.0147,0.2982,0.3129,-0.1352,-0.1573,True,True,True,nan,nan,10,model_internal_ready,primed,primed,correct,primed,primed,correct,boundary,boundary,boundary
microsoft_deberta-v3-large,encoder,crane,crane_gp_12,The ranger photographed the crane before the construction crew dismantled it.,0,1,0_to_1,construction,probe,"The ranger photographed the

probe","The ranger photographed the crane

probe","The ranger photographed the crane before the construction

probe",5,6,9,-0.9634,0.5747,0.7009,-0.0898,0.4318,-0.1303,0.0778,0.0948,-0.0122,0.0584,0.2081,0.0171,0.2252,0.107,0.0364,False,True,False,nan,nan,10,model_internal_ready,primed,correct,correct,primed,boundary,boundary,boundary,boundary,boundary
microsoft_deberta-v3-large,encoder,crane,crane_gp_13,"After counting the nesting birds, the ranger photographed the crane as its cable lifted a generator.",0,1,0_to_1,cable,probe,"After counting the nesting birds, the ranger photographed the

probe","After counting the nesting birds, the ranger photographed the crane

probe","After counting the nesting birds, the ranger photographed the crane as its cable

probe",11,12,15,-0.8374,-0.3216,0.8682,-0.321,1.3611,-0.1133,-0.0435,0.1175,-0.0434,0.1841,0.0698,0.161,0.2308,0.1609,-0.0667,True,True,True,nan,nan,10,model_internal_ready,primed,primed,correct,primed,boundary,correct,boundary,boundary,boundary
microsoft_deberta-v3-large,encoder,crane,crane_gp_14,"After inspecting the construction equipment, the engineer watched the crane as it swallowed a frog.",1,0,1_to_0,swallowed,probe,"After inspecting the construction equipment, the engineer watched the

probe","After inspecting the construction equipment, the engineer watched the crane

probe","After inspecting the construction equipment, the engineer watched the crane as it swallowed

probe",11,12,15,-0.1509,-0.6257,-1.0501,0.267,1.4999,-0.0204,-0.0846,-0.1421,0.0361,0.2029,-0.0642,-0.0574,-0.1216,-0.1782,-0.345,True,False,False,nan,nan,10,model_internal_ready,primed,primed,primed,boundary,boundary,primed,boundary,boundary,boundary
microsoft_deberta-v3-large,encoder,spring,spring_gp_01,"They waited all winter for the spring, which finally bubbled from the rocks.",0,1,0_to_1,bubbled,probe,"They waited all winter for the

probe","They waited all winter for the spring

probe","They waited all winter for the spring, which finally bubbled

probe",7,8,12,0.5931,0.721,1.2264,1.1488,2.5673,0.0765,0.093,0.1583,0.1482,0.3313,0.0165,0.0652,0.0817,0.01,-0.173,False,True,False,nan,nan,8,model_internal_ready,correct,correct,correct,boundary,boundary,correct,boundary,boundary,boundary
microsoft_deberta-v3-large,encoder,spring,spring_gp_02,"After the harsh winter, the villagers celebrated the spring until it ran dry.",0,1,0_to_1,dry,probe,"After the harsh winter, the villagers celebrated the

probe","After the harsh winter, the villagers celebrated the spring

probe","After the harsh winter, the villagers celebrated the spring until it ran dry

probe",10,11,15,-0.5937,-0.5081,0.2146,1.8158,1.0014,-0.0766,-0.0656,0.0277,0.2343,0.1292,0.011,0.0933,0.1043,-0.2066,-0.1015,True,True,True,nan,nan,8,model_internal_ready,primed,primed,correct,boundary,boundary,boundary,boundary,boundary,boundary
microsoft_deberta-v3-large,encoder,spring,spring_gp_03,The valley welcomed the spring until it swept away the pasture fence.,0,1,0_to_1,swept,probe,"The valley welcomed the

probe","The valley welcomed the spring

probe","The valley welcomed the spring until it swept

probe",5,6,9,-0.0128,1.0233,0.9497,0.5132,3.6417,-0.0017,0.132,0.1226,0.0662,0.4699,0.1337,-0.0095,0.1242,0.0563,-0.3474,False,True,False,nan,nan,8,model_internal_ready,primed,correct,correct,boundary,correct,correct,boundary,boundary,boundary
microsoft_deberta-v3-large,encoder,spring,spring_gp_04,"The children hurried outside to see the spring, then knelt to drink from it.",0,1,0_to_1,drink,probe,"The children hurried outside to see the

probe","The children hurried outside to see the spring

probe","The children hurried outside to see the spring, then knelt to drink

probe",8,9,14,-0.7172,-0.7382,0.7981,0.4791,1.6974,-0.0925,-0.0953,0.103,0.0618,0.219,-0.0027,0.1982,0.1955,0.0412,-0.116,True,True,True,nan,nan,8,model_internal_ready,primed,primed,correct,boundary,boundary,correct,boundary,boundary,boundary
microsoft_deberta-v3-large,encoder,spring,spring_gp_05,"After months without water, they prayed for the spring, which arrived with blossoms and longer days.",1,0,1_to_0,blossoms,probe,"After months without water, they prayed for the

probe","After months without water, they prayed for the spring

probe","After months without water, they prayed for the spring, which arrived with blossoms

probe",10,11,16,-0.3769,-2.3183,-1.5307,0.1485,-0.8428,-0.0486,-0.2991,-0.1975,0.0192,-0.1088,-0.2505,0.1016,-0.1489,-0.2167,-0.0888,True,False,False,nan,nan,8,model_internal_ready,primed,primed,primed,boundary,primed,primed,boundary,boundary,boundary
microsoft_deberta-v3-large,encoder,spring,spring_gp_06,"The estate expected the spring in March, but the surveyor found it bubbling beneath the old wall.",0,1,0_to_1,bubbling,probe,"The estate expected the

probe","The estate expected the spring

probe","The estate expected the spring in March, but the surveyor found it bubbling

probe",5,6,15,0.2989,0.0141,3.1599,2.4644,4.4148,0.0386,0.0018,0.4077,0.318,0.5697,-0.0368,0.4059,0.3692,0.0897,-0.1619,False,True,False,nan,nan,8,model_internal_ready,correct,correct,correct,boundary,boundary,correct,boundary,boundary,correct
microsoft_deberta-v3-large,encoder,spring,spring_gp_07,"After testing the village well, they waited for the spring, when the orchards would bloom.",1,0,1_to_0,orchards,probe,"After testing the village well, they waited for the

probe","After testing the village well, they waited for the spring

probe","After testing the village well, they waited for the spring, when the orchards

probe",11,12,16,-1.5124,-3.2372,-1.3349,-0.3493,0.4872,-0.1952,-0.4177,-0.1723,-0.0451,0.0629,-0.2226,0.2455,0.0229,-0.1272,-0.2351,True,False,False,nan,nan,8,model_internal_ready,primed,primed,primed,primed,primed,primed,boundary,primed,boundary
microsoft_deberta-v3-large,encoder,spring,spring_gp_08,The hydrologist predicted the spring would bring warmer days to the valley.,1,0,1_to_0,warmer,probe,"The hydrologist predicted the

probe","The hydrologist predicted the spring

probe","The hydrologist predicted the spring would bring warmer

probe",6,7,10,-2.7488,-2.7188,-2.4895,-2.3603,-0.9715,-0.3547,-0.3508,-0.3212,-0.3046,-0.1254,0.0039,0.0296,0.0335,-0.0167,-0.1959,True,False,False,nan,nan,8,model_internal_ready,primed,primed,primed,primed,primed,primed,primed,primed,primed
microsoft_deberta-v3-large,encoder,spring,spring_gp_09,"During the drought survey, she wrote about the spring that began with late snowstorms.",1,0,1_to_0,snowstorms,probe,"During the drought survey, she wrote about the

probe","During the drought survey, she wrote about the spring

probe","During the drought survey, she wrote about the spring that began with late snowstorms

probe",10,11,17,-0.9288,-0.8018,-0.5029,0.1851,-0.7283,-0.1198,-0.1035,-0.0649,0.0239,-0.094,0.0164,0.0386,0.055,-0.0888,0.0291,True,False,False,nan,nan,8,model_internal_ready,primed,primed,primed,primed,primed,boundary,boundary,boundary,boundary
microsoft_deberta-v3-large,encoder,spring,spring_gp_10,"After mapping the underground water, they prepared for the spring by ordering seeds.",1,0,1_to_0,seeds,probe,"After mapping the underground water, they prepared for the

probe","After mapping the underground water, they prepared for the spring

probe","After mapping the underground water, they prepared for the spring by ordering seeds

probe",11,12,15,-2.9033,-3.5292,-3.3662,-0.6417,-0.6206,-0.3746,-0.4554,-0.4344,-0.0828,-0.0801,-0.0808,0.021,-0.0597,-0.3516,-0.3543,True,False,False,nan,nan,8,model_internal_ready,primed,primed,primed,primed,primed,primed,primed,primed,primed
microsoft_deberta-v3-large,encoder,spring,spring_gp_11,"After celebrating the end of winter, the villagers welcomed the spring, which supplied their drinking water throughout the drought.",0,1,0_to_1,water,probe,"After celebrating the end of winter, the villagers welcomed the

probe","After celebrating the end of winter, the villagers welcomed the spring

probe","After celebrating the end of winter, the villagers welcomed the spring, which supplied their drinking water

probe",12,13,19,-0.1293,0.0291,2.6893,3.2139,3.0588,-0.0167,0.0038,0.347,0.4147,0.3947,0.0204,0.3433,0.3637,-0.0677,-0.0477,False,True,False,nan,nan,8,model_internal_ready,primed,correct,correct,boundary,boundary,correct,boundary,boundary,correct
microsoft_deberta-v3-large,encoder,spring,spring_gp_12,"After pruning the orchard, she wrote about the spring that fed a stream below the ridge.",0,1,0_to_1,stream,probe,"After pruning the orchard, she wrote about the

probe","After pruning the orchard, she wrote about the spring

probe","After pruning the orchard, she wrote about the spring that fed a stream

probe",10,11,15,-0.0834,0.0518,2.6884,0.9566,4.1309,-0.0108,0.0067,0.3469,0.1234,0.533,0.0175,0.3402,0.3577,0.2235,-0.1861,False,True,False,nan,nan,8,model_internal_ready,primed,correct,correct,boundary,boundary,correct,boundary,boundary,correct
microsoft_deberta-v3-large,encoder,spring,spring_gp_13,"After inspecting the dried-up well, the hydrologist described the spring that arrived unusually early that year.",1,0,1_to_0,arrived,probe,"After inspecting the dried-up well, the hydrologist described the

probe","After inspecting the dried-up well, the hydrologist described the spring

probe","After inspecting the dried-up well, the hydrologist described the spring that arrived

probe",14,15,17,-3.8263,-3.8759,-4.0906,0.101,-2.054,-0.4937,-0.5001,-0.5278,0.013,-0.265,-0.0064,-0.0277,-0.0341,-0.5409,-0.2628,True,False,False,nan,nan,8,model_internal_ready,primed,primed,primed,primed,primed,primed,primed,primed,primed
microsoft_deberta-v3-large,encoder,spring,spring_gp_14,"After surveying the aquifer, the engineer described the spring that followed the coldest winter on record.",1,0,1_to_0,winter,probe,"After surveying the aquifer, the engineer described the

probe","After surveying the aquifer, the engineer described the spring

probe","After surveying the aquifer, the engineer described the spring that followed the coldest winter

probe",10,11,16,-4.1582,-4.3344,-3.9421,-1.3855,-2.0539,-0.5366,-0.5593,-0.5087,-0.1788,-0.265,-0.0227,0.0506,0.0279,-0.3299,-0.2436,True,False,False,nan,nan,8,model_internal_ready,primed,primed,primed,primed,primed,primed,primed,primed,primed
microsoft_deberta-v3-large,encoder,match,match_gp_01,"The referee held up the match, then struck it against the box.",0,1,0_to_1,struck,probe,"The referee held up the

probe","The referee held up the match

probe","The referee held up the match, then struck

probe",6,7,10,1.5952,0.1761,1.4722,-0.773,4.9664,0.1292,0.0143,0.1193,-0.0626,0.4023,-0.115,0.105,-0.01,0.1819,-0.2831,False,True,False,nan,nan,18,model_internal_ready,correct,correct,correct,correct,boundary,correct,boundary,boundary,boundary
microsoft_deberta-v3-large,encoder,match,match_gp_02,"The boxer threw the match, which landed in the dry grass and started a fire.",0,1,0_to_1,fire,probe,"The boxer threw the

probe","The boxer threw the match

probe","The boxer threw the match, which landed in the dry grass and started a fire

probe",5,6,17,2.0536,0.2627,2.8695,-1.0267,3.5365,0.1664,0.0213,0.2325,-0.0832,0.2865,-0.1451,0.2112,0.0661,0.3156,-0.054,False,True,False,nan,nan,18,model_internal_ready,correct,correct,correct,correct,boundary,correct,boundary,boundary,boundary
microsoft_deberta-v3-large,encoder,match,match_gp_03,"The captain cursed the match, then struck it against the box.",0,1,0_to_1,struck,probe,"The captain cursed the

probe","The captain cursed the match

probe","The captain cursed the match, then struck

probe",5,6,9,2.0344,-1.2741,0.2047,-0.773,5.2474,0.1648,-0.1032,0.0166,-0.0626,0.4251,-0.268,0.1198,-0.1482,0.0792,-0.4085,True,True,True,nan,nan,18,model_internal_ready,correct,primed,correct,correct,primed,boundary,boundary,boundary,boundary
microsoft_deberta-v3-large,encoder,match,match_gp_04,The crowd watched the match until it burned out.,0,1,0_to_1,burned,probe,"The crowd watched the

probe","The crowd watched the match

probe","The crowd watched the match until it burned

probe",5,6,9,-0.243,-0.3136,2.8886,-0.4053,5.0383,-0.0197,-0.0254,0.234,-0.0328,0.4082,-0.0057,0.2594,0.2537,0.2669,-0.1742,True,True,True,nan,nan,18,model_internal_ready,primed,primed,correct,boundary,boundary,correct,boundary,boundary,boundary
microsoft_deberta-v3-large,encoder,match,match_gp_05,"The whole town waited for the match, which the mayor struck to light the bonfire.",0,1,0_to_1,bonfire,probe,"The whole town waited for the

probe","The whole town waited for the match

probe","The whole town waited for the match, which the mayor struck to light the bonfire

probe",7,8,17,-0.2441,-0.1099,2.5682,0.8837,1.736,-0.0198,-0.0089,0.2081,0.0716,0.1406,0.0109,0.217,0.2278,0.1365,0.0674,True,True,True,nan,nan,18,model_internal_ready,primed,primed,correct,boundary,boundary,correct,boundary,boundary,boundary
microsoft_deberta-v3-large,encoder,match,match_gp_06,"Before kickoff, the referee checked the match and put it into his pocket.",0,1,0_to_1,pocket,probe,"Before kickoff, the referee checked the

probe","Before kickoff, the referee checked the match

probe","Before kickoff, the referee checked the match and put it into his pocket

probe",8,9,15,1.1678,1.5203,3.5995,2.7725,4.7012,0.0946,0.1232,0.2916,0.2246,0.3809,0.0286,0.1684,0.197,0.067,-0.0893,False,True,False,nan,nan,18,model_internal_ready,correct,correct,correct,boundary,correct,correct,boundary,boundary,boundary
microsoft_deberta-v3-large,encoder,match,match_gp_07,"After inspecting the burned shed, the marshal discussed the match until the referee showed the replay.",1,0,1_to_0,referee,probe,"After inspecting the burned shed, the marshal discussed the

probe","After inspecting the burned shed, the marshal discussed the match

probe","After inspecting the burned shed, the marshal discussed the match until the referee

probe",11,12,15,1.1301,-0.3551,-0.4648,-0.4079,0.3006,0.0916,-0.0288,-0.0377,-0.033,0.0244,-0.1203,-0.0089,-0.1292,-0.0046,-0.062,True,False,False,nan,nan,18,model_internal_ready,correct,primed,primed,boundary,boundary,boundary,boundary,boundary,boundary
microsoft_deberta-v3-large,encoder,match,match_gp_08,"Beside the dying campfire, they were looking for the match, which was streamed by all the major TV services.",1,0,1_to_0,streamed,probe,"Beside the dying campfire, they were looking for the

probe","Beside the dying campfire, they were looking for the match

probe","Beside the dying campfire, they were looking for the match, which was streamed

probe",11,12,16,-2.7201,-3.603,-2.6323,-2.253,1.3137,-0.2204,-0.2919,-0.2133,-0.1825,0.1064,-0.0715,0.0786,0.0071,-0.0307,-0.3197,True,False,False,nan,nan,18,model_internal_ready,primed,primed,primed,primed,primed,primed,boundary,boundary,boundary
microsoft_deberta-v3-large,encoder,match,match_gp_09,The candle maker described the match that ended in a penalty shootout.,1,0,1_to_0,penalty,probe,"The candle maker described the

probe","The candle maker described the match

probe","The candle maker described the match that ended in a penalty

probe",6,7,12,-2.2875,-3.4825,1.6489,0.6974,1.9195,-0.1853,-0.2821,0.1336,0.0565,0.1555,-0.0968,0.4157,0.3189,0.0771,-0.0219,True,True,True,nan,nan,18,model_internal_ready,primed,primed,correct,primed,primed,correct,boundary,boundary,boundary
microsoft_deberta-v3-large,encoder,match,match_gp_10,"Although she was soaked, the match had remained dry, and the home side won in extra time.",1,0,1_to_0,side,probe,"Although she was soaked, the

probe","Although she was soaked, the match

probe","Although she was soaked, the match had remained dry, and the home side

probe",7,8,16,-2.8565,-2.1178,0.2278,-0.874,-0.6822,-0.2314,-0.1716,0.0185,-0.0708,-0.0553,0.0598,0.19,0.2499,0.0893,0.0737,True,True,True,nan,nan,18,model_internal_ready,primed,primed,correct,primed,primed,boundary,boundary,boundary,boundary
microsoft_deberta-v3-large,encoder,match,match_gp_11,"In the dark, the match illuminated the entire city once the stadium lights came on.",1,0,1_to_0,stadium,probe,"In the dark, the

probe","In the dark, the match

probe","In the dark, the match illuminated the entire city once the stadium

probe",6,7,14,-1.4483,-2.5386,2.4186,1.9653,2.2189,-0.1173,-0.2057,0.1959,0.1592,0.1798,-0.0883,0.4016,0.3133,0.0367,0.0162,True,True,True,nan,nan,18,model_internal_ready,primed,primed,correct,primed,primed,correct,boundary,boundary,boundary
microsoft_deberta-v3-large,encoder,match,match_gp_12,The arson investigator reconstructed the match that the home side won in extra time.,1,0,1_to_0,won,probe,"The arson investigator reconstructed the

probe","The arson investigator reconstructed the match

probe","The arson investigator reconstructed the match that the home side won

probe",6,7,12,0.0011,-2.3324,1.8249,1.3322,2.8145,0.0001,-0.189,0.1478,0.1079,0.228,-0.189,0.3368,0.1478,0.0399,-0.0802,True,True,True,nan,nan,18,model_internal_ready,correct,primed,correct,boundary,primed,correct,boundary,boundary,boundary
microsoft_deberta-v3-large,encoder,match,match_gp_13,"With the final score still disputed, the referee examined the match until its head flared orange.",0,1,0_to_1,flared,probe,"With the final score still disputed, the referee examined the

probe","With the final score still disputed, the referee examined the match

probe","With the final score still disputed, the referee examined the match until its head flared

probe",12,13,17,0.2698,-0.1909,3.1269,1.7503,5.3317,0.0219,-0.0155,0.2533,0.1418,0.4319,-0.0373,0.2688,0.2315,0.1115,-0.1786,True,True,True,nan,nan,18,model_internal_ready,correct,primed,correct,boundary,boundary,correct,boundary,boundary,boundary
microsoft_deberta-v3-large,encoder,match,match_gp_14,"After gathering dry kindling, they waited for the match, which went into extra time.",1,0,1_to_0,time,probe,"After gathering dry kindling, they waited for the

probe","After gathering dry kindling, they waited for the match

probe","After gathering dry kindling, they waited for the match, which went into extra time

probe",10,11,17,-2.4082,-3.805,-2.036,-0.8435,2.2767,-0.1951,-0.3083,-0.1649,-0.0683,0.1844,-0.1132,0.1433,0.0302,-0.0966,-0.3494,True,False,False,nan,nan,18,model_internal_ready,primed,primed,primed,primed,primed,primed,boundary,primed,boundary
microsoft_deberta-v3-large,encoder,pitch,pitch_gp_01,"The investors checked the pitch, which had just been freshly mown.",1,0,1_to_0,mown,probe,"The investors checked the

probe","The investors checked the pitch

probe","The investors checked the pitch, which had just been freshly mown

probe",5,6,14,-0.7396,-0.8047,-0.0278,-0.5464,0.1174,-0.1548,-0.1684,-0.0058,-0.1143,0.0246,-0.0136,0.1626,0.149,0.1085,-0.0304,True,False,False,nan,nan,23,model_internal_ready,primed,primed,primed,primed,primed,boundary,boundary,boundary,boundary
microsoft_deberta-v3-large,encoder,pitch,pitch_gp_02,"She walked the investors through the pitch, careful not to scuff the fresh touchlines.",1,0,1_to_0,touchlines,probe,"She walked the investors through the

probe","She walked the investors through the pitch

probe","She walked the investors through the pitch, careful not to scuff the fresh touchlines

probe",7,8,17,-0.5385,0.0993,0.0457,-0.5922,0.3597,-0.1127,0.0208,0.0096,-0.1239,0.0753,0.1335,-0.0112,0.1223,0.1335,-0.0657,False,True,False,nan,nan,23,model_internal_ready,primed,correct,correct,primed,boundary,boundary,boundary,boundary,boundary
microsoft_deberta-v3-large,encoder,pitch,pitch_gp_03,He reviewed the pitch and asked the groundskeeper to repaint the lines.,1,0,1_to_0,lines,probe,"He reviewed the

probe","He reviewed the pitch

probe","He reviewed the pitch and asked the groundskeeper to repaint the lines

probe",4,5,14,-1.1593,-0.9665,0.4064,-0.5294,0.5447,-0.2426,-0.2022,0.085,-0.1108,0.114,0.0404,0.2873,0.3276,0.1958,-0.029,True,True,True,nan,nan,23,model_internal_ready,primed,primed,correct,primed,primed,boundary,boundary,boundary,boundary
microsoft_deberta-v3-large,encoder,pitch,pitch_gp_04,The investors rejected the pitch because the rain had left it waterlogged.,1,0,1_to_0,waterlogged,probe,"The investors rejected the

probe","The investors rejected the pitch

probe","The investors rejected the pitch because the rain had left it waterlogged

probe",5,6,13,-0.8229,-0.5143,-0.4434,-1.0457,0.0138,-0.1722,-0.1076,-0.0928,-0.2188,0.0029,0.0646,0.0148,0.0794,0.126,-0.0957,True,False,False,nan,nan,23,model_internal_ready,primed,primed,primed,primed,primed,boundary,boundary,boundary,boundary
microsoft_deberta-v3-large,encoder,pitch,pitch_gp_05,"The investors asked to see the pitch, so the groundskeeper led them onto it.",1,0,1_to_0,groundskeeper,probe,"The investors asked to see the

probe","The investors asked to see the pitch

probe","The investors asked to see the pitch, so the groundskeeper

probe",7,8,13,-0.8768,-0.56,0.0722,-0.7621,0.1764,-0.1835,-0.1172,0.0151,-0.1595,0.0369,0.0663,0.1323,0.1986,0.1746,-0.0218,True,True,True,nan,nan,23,model_internal_ready,primed,primed,correct,primed,primed,boundary,boundary,boundary,boundary
microsoft_deberta-v3-large,encoder,pitch,pitch_gp_06,The board reviewed the pitch until a groundskeeper asked them to keep off the grass.,1,0,1_to_0,grass,probe,"The board reviewed the

probe","The board reviewed the pitch

probe","The board reviewed the pitch until a groundskeeper asked them to keep off the grass

probe",5,6,17,-0.9622,-0.9524,0.0167,-0.6853,0.1578,-0.2014,-0.1993,0.0035,-0.1434,0.033,0.0021,0.2028,0.2048,0.1469,-0.0295,True,True,True,nan,nan,23,model_internal_ready,primed,primed,correct,primed,primed,boundary,boundary,boundary,boundary
microsoft_deberta-v3-large,encoder,pitch,pitch_gp_07,"Her slides were ready, but the pitch was still too wet for kickoff.",1,0,1_to_0,wet,probe,"Her slides were ready, but the

probe","Her slides were ready, but the pitch

probe","Her slides were ready, but the pitch was still too wet

probe",8,9,13,-0.6991,-0.3205,-0.5692,-0.606,0.6394,-0.1463,-0.0671,-0.1191,-0.1268,0.1338,0.0792,-0.0521,0.0272,0.0077,-0.2529,True,False,False,nan,nan,23,model_internal_ready,primed,primed,primed,primed,boundary,primed,boundary,boundary,boundary
microsoft_deberta-v3-large,encoder,pitch,pitch_gp_08,The pitch was poorly kept; the slides hadn't been updated.,0,1,0_to_1,slides,probe,"The

probe","The pitch

probe","The pitch was poorly kept; the slides

probe",2,3,9,0.8365,0.6976,0.2592,0.7593,0.4284,0.175,0.146,0.0543,0.1589,0.0896,-0.0291,-0.0917,-0.1208,-0.1046,-0.0354,False,True,False,nan,nan,23,model_internal_ready,correct,correct,correct,correct,correct,boundary,boundary,boundary,boundary
microsoft_deberta-v3-large,encoder,pitch,pitch_gp_09,The groundskeeper criticised the pitch because its market analysis lacked evidence.,0,1,0_to_1,market,probe,"The groundskeeper criticised the

probe","The groundskeeper criticised the pitch

probe","The groundskeeper criticised the pitch because its market

probe",6,7,10,0.8361,0.7845,0.2606,0.9119,0.4904,0.175,0.1642,0.0545,0.1908,0.1026,-0.0108,-0.1096,-0.1204,-0.1363,-0.0481,False,True,False,nan,nan,23,model_internal_ready,correct,correct,correct,correct,correct,boundary,boundary,boundary,boundary
microsoft_deberta-v3-large,encoder,pitch,pitch_gp_10,The football coach discussed the pitch until the board asked about projected profits.,0,1,0_to_1,profits,probe,"The football coach discussed the

probe","The football coach discussed the pitch

probe","The football coach discussed the pitch until the board asked about projected profits

probe",6,7,14,0.7603,0.6259,0.6571,0.8242,0.5317,0.1591,0.131,0.1375,0.1725,0.1113,-0.0281,0.0065,-0.0216,-0.035,0.0262,False,True,False,nan,nan,23,model_internal_ready,correct,correct,correct,correct,correct,correct,boundary,boundary,boundary
microsoft_deberta-v3-large,encoder,pitch,pitch_gp_11,"With the goalposts still being repaired, he was puzzled by the state of the pitch, which the entrepreneur had based on outdated figures.",0,1,0_to_1,entrepreneur,probe,"With the goalposts still being repaired, he was puzzled by the state of the

probe","With the goalposts still being repaired, he was puzzled by the state of the pitch

probe","With the goalposts still being repaired, he was puzzled by the state of the pitch, which the entrepreneur

probe",16,17,21,0.4687,0.1503,0.0743,0.9902,0.1746,0.0981,0.0315,0.0156,0.2072,0.0365,-0.0666,-0.0159,-0.0825,-0.1917,-0.021,False,True,False,nan,nan,23,model_internal_ready,correct,correct,correct,boundary,boundary,boundary,boundary,boundary,boundary
microsoft_deberta-v3-large,encoder,pitch,pitch_gp_12,The team captain revised the pitch before the investors arrived for the presentation.,0,1,0_to_1,investors,probe,"The team captain revised the

probe","The team captain revised the pitch

probe","The team captain revised the pitch before the investors

probe",6,7,10,0.7268,0.5835,0.6913,0.9165,0.4008,0.1521,0.1221,0.1447,0.1918,0.0839,-0.03,0.0226,-0.0074,-0.0471,0.0608,False,True,False,nan,nan,23,model_internal_ready,correct,correct,correct,correct,correct,correct,boundary,boundary,boundary
microsoft_deberta-v3-large,encoder,pitch,pitch_gp_13,"The sports reporter analysed the pitch, which promised rapid growth in subscriber revenue.",0,1,0_to_1,revenue,probe,"The sports reporter analysed the

probe","The sports reporter analysed the pitch

probe","The sports reporter analysed the pitch, which promised rapid growth in subscriber revenue

probe",6,7,15,0.46,0.6104,0.447,0.886,0.4363,0.0963,0.1277,0.0935,0.1854,0.0913,0.0315,-0.0342,-0.0027,-0.0919,0.0022,False,True,False,nan,nan,23,model_internal_ready,correct,correct,correct,boundary,correct,boundary,boundary,boundary,boundary
microsoft_deberta-v3-large,encoder,pitch,pitch_gp_14,"While the players warmed up on their pitch, the investors were already waiting.",0,1,0_to_1,investors,probe,"While the players warmed up on their

probe","While the players warmed up on their pitch

probe","While the players warmed up on their pitch, the investors

probe",8,9,12,0.3,-0.4137,0.1175,0.9158,0.2815,0.0628,-0.0866,0.0246,0.1916,0.0589,-0.1494,0.1112,-0.0382,-0.1671,-0.0343,True,True,True,nan,nan,23,model_internal_ready,correct,primed,correct,boundary,boundary,boundary,boundary,boundary,boundary
FacebookAI_roberta-large,encoder,bank,bank_gp_01,She finished her loan application and walked to the bank to sit by the river.,1,0,1_to_0,river,probe,"She finished her loan application and walked to the

probe","She finished her loan application and walked to the bank

probe","She finished her loan application and walked to the bank to sit by the river

probe",13,14,19,0.0968,-0.4373,0.4268,-0.6189,-0.2887,0.0219,-0.0988,0.0964,-0.1398,-0.0652,-0.1207,0.1952,0.0745,0.2362,0.1616,True,True,True,nan,nan,21,model_internal_ready,correct,primed,correct,boundary,boundary,boundary,boundary,boundary,boundary
FacebookAI_roberta-large,encoder,bank,bank_gp_02,The branch manager waited at the bank until a fish took the bait.,1,0,1_to_0,fish,probe,"The branch manager waited at the

probe","The branch manager waited at the bank

probe","The branch manager waited at the bank until a fish

probe",10,11,14,0.2042,-0.4215,0.2882,-0.7682,0.7484,0.0461,-0.0952,0.0651,-0.1735,0.1691,-0.1414,0.1603,0.019,0.2387,-0.104,True,True,True,nan,nan,21,model_internal_ready,correct,primed,correct,boundary,boundary,boundary,boundary,boundary,boundary
FacebookAI_roberta-large,encoder,bank,bank_gp_03,He discussed his mortgage at the bank until a passing boat drenched him.,1,0,1_to_0,boat,probe,"He discussed his mortgage at the

probe","He discussed his mortgage at the bank

probe","He discussed his mortgage at the bank until a passing boat

probe",10,11,15,-0.584,-1.2954,-0.3861,-1.0598,-0.1016,-0.1319,-0.2926,-0.0872,-0.2394,-0.023,-0.1607,0.2054,0.0447,0.1522,-0.0643,True,False,False,nan,nan,21,model_internal_ready,primed,primed,primed,primed,primed,boundary,boundary,boundary,boundary
FacebookAI_roberta-large,encoder,bank,bank_gp_04,The loan officer met her at the bank and helped her into the kayak.,1,0,1_to_0,kayak,probe,"The loan officer met her at the

probe","The loan officer met her at the bank

probe","The loan officer met her at the bank and helped her into the kayak

probe",11,12,19,-0.4197,-1.0258,0.1002,-0.886,-0.5584,-0.0948,-0.2317,0.0226,-0.2001,-0.1262,-0.1369,0.2544,0.1175,0.2228,0.1488,True,True,True,nan,nan,21,model_internal_ready,primed,primed,correct,boundary,primed,boundary,boundary,boundary,boundary
FacebookAI_roberta-large,encoder,bank,bank_gp_05,He took his overdraft papers to the bank and threw them angrily into the river.,1,0,1_to_0,river,probe,"He took his overdraft papers to the

probe","He took his overdraft papers to the bank

probe","He took his overdraft papers to the bank and threw them angrily into the river

probe",12,13,20,-0.5083,-1.1124,-0.4208,-0.6189,-0.2028,-0.1148,-0.2513,-0.0951,-0.1398,-0.0458,-0.1365,0.1562,0.0198,0.0448,-0.0493,True,False,False,nan,nan,21,model_internal_ready,primed,primed,primed,primed,primed,boundary,boundary,boundary,boundary
FacebookAI_roberta-large,encoder,bank,bank_gp_06,Her account adviser met her at the bank and stripped down to his swimming trunks.,1,0,1_to_0,swimming,probe,"Her account adviser met her at the

probe","Her account adviser met her at the bank

probe","Her account adviser met her at the bank and stripped down to his swimming

probe",11,12,18,-1.1951,-1.3062,-0.2211,-0.9177,-0.0567,-0.27,-0.2951,-0.05,-0.2073,-0.0128,-0.0251,0.2451,0.22,0.1574,-0.0371,True,False,False,nan,nan,21,model_internal_ready,primed,primed,primed,primed,primed,boundary,boundary,boundary,boundary
FacebookAI_roberta-large,encoder,bank,bank_gp_07,The mortgage broker suggested they meet at the bank and paddle into the sunset together.,1,0,1_to_0,paddle,probe,"The mortgage broker suggested they meet at the

probe","The mortgage broker suggested they meet at the bank

probe","The mortgage broker suggested they meet at the bank and paddle

probe",12,13,15,-0.0358,-0.0475,0.5035,1.0573,0.8978,-0.0081,-0.0107,0.1137,0.2389,0.2028,-0.0026,0.1245,0.1218,-0.1251,-0.0891,True,True,True,nan,nan,21,model_internal_ready,primed,primed,correct,boundary,boundary,correct,boundary,boundary,boundary
FacebookAI_roberta-large,encoder,bank,bank_gp_08,"After checking the river level, she waited at the bank until the teller called her inside.",0,1,0_to_1,teller,probe,"After checking the river level, she waited at the

probe","After checking the river level, she waited at the bank

probe","After checking the river level, she waited at the bank until the teller

probe",14,15,19,-0.2998,-0.2097,0.1609,0.2429,0.5101,-0.0677,-0.0474,0.0364,0.0549,0.1152,0.0203,0.0837,0.1041,-0.0185,-0.0789,True,True,True,nan,nan,21,model_internal_ready,primed,primed,correct,boundary,boundary,boundary,boundary,boundary,boundary
FacebookAI_roberta-large,encoder,bank,bank_gp_09,"After packing away his fishing rod, he sat by the bank, until the loan officer waved him inside.",0,1,0_to_1,loan,probe,"After packing away his fishing rod, he sat by the

probe","After packing away his fishing rod, he sat by the bank

probe","After packing away his fishing rod, he sat by the bank, until the loan

probe",15,16,20,-0.1659,-0.0473,0.5165,1.6494,0.5828,-0.0375,-0.0107,0.1167,0.3726,0.1316,0.0268,0.1274,0.1542,-0.2559,-0.015,True,True,True,nan,nan,21,model_internal_ready,primed,primed,correct,boundary,boundary,correct,boundary,boundary,boundary
FacebookAI_roberta-large,encoder,bank,bank_gp_10,The canoe guide pointed toward the bank as the cashier locked the front doors.,0,1,0_to_1,cashier,probe,"The canoe guide pointed toward the

probe","The canoe guide pointed toward the bank

probe","The canoe guide pointed toward the bank as the cashier

probe",10,11,15,-0.7353,-0.7149,0.1033,1.3833,0.2494,-0.1661,-0.1615,0.0233,0.3125,0.0563,0.0046,0.1848,0.1895,-0.2892,-0.033,True,True,True,nan,nan,21,model_internal_ready,primed,primed,correct,primed,primed,boundary,boundary,boundary,boundary
FacebookAI_roberta-large,encoder,bank,bank_gp_11,"Following the river path, they stopped at the bank to open a business account.",0,1,0_to_1,account,probe,"Following the river path, they stopped at the

probe","Following the river path, they stopped at the bank

probe","Following the river path, they stopped at the bank to open a business account

probe",13,14,19,-0.7935,-0.565,-0.3088,1.6392,0.4424,-0.1792,-0.1276,-0.0698,0.3703,0.0999,0.0516,0.0579,0.1095,-0.44,-0.1697,True,False,False,nan,nan,21,model_internal_ready,primed,primed,primed,primed,primed,boundary,boundary,boundary,boundary
FacebookAI_roberta-large,encoder,bank,bank_gp_12,The flood inspector photographed the bank before its cash machine was replaced.,0,1,0_to_1,cash,probe,"The flood inspector photographed the

probe","The flood inspector photographed the bank

probe","The flood inspector photographed the bank before its cash

probe",9,10,13,0.2811,0.1645,-0.2466,1.31,0.1551,0.0635,0.0372,-0.0557,0.2959,0.035,-0.0263,-0.0929,-0.1192,-0.3516,-0.0908,False,False,False,nan,nan,21,model_internal_ready,correct,correct,primed,boundary,boundary,boundary,boundary,boundary,boundary
FacebookAI_roberta-large,encoder,bank,bank_gp_13,The kayaker returned to the bank because the mortgage adviser had left a message.,0,1,0_to_1,mortgage,probe,"The kayaker returned to the

probe","The kayaker returned to the bank

probe","The kayaker returned to the bank because the mortgage

probe",10,11,14,-0.1087,0.4253,0.7718,1.5214,0.9599,-0.0245,0.0961,0.1743,0.3437,0.2168,0.1206,0.0783,0.1989,-0.1693,-0.0425,False,True,False,nan,nan,21,model_internal_ready,primed,correct,correct,boundary,boundary,correct,boundary,boundary,boundary
FacebookAI_roberta-large,encoder,bank,bank_gp_14,"After rowing practice, she returned to the bank because the vault alarm had sounded.",0,1,0_to_1,vault,probe,"After rowing practice, she returned to the

probe","After rowing practice, she returned to the bank

probe","After rowing practice, she returned to the bank because the vault

probe",13,14,17,0.2007,0.754,0.3059,0.0541,0.5368,0.0453,0.1703,0.0691,0.0122,0.1213,0.125,-0.1012,0.0238,0.0569,-0.0522,False,True,False,nan,nan,21,model_internal_ready,correct,correct,correct,boundary,correct,boundary,boundary,boundary,boundary
FacebookAI_roberta-large,encoder,bark,bark_gp_01,"The dog warden investigated the bark, which was peeling from the old elm.",0,1,0_to_1,elm,probe,"The dog warden investigated the

probe","The dog warden investigated the bark

probe","The dog warden investigated the bark, which was peeling from the old elm

probe",10,11,21,-0.0923,-0.2551,0.2288,-0.0309,0.5226,-0.0314,-0.0867,0.0777,-0.0105,0.1775,-0.0553,0.1644,0.1091,0.0882,-0.0998,True,True,True,nan,nan,19,model_internal_ready,primed,primed,correct,boundary,boundary,boundary,boundary,boundary,boundary
FacebookAI_roberta-large,encoder,bark,bark_gp_02,The dog trainer studied the bark until she found beetles crawling underneath it.,0,1,0_to_1,beetles,probe,"The dog trainer studied the

probe","The dog trainer studied the bark

probe","The dog trainer studied the bark until she found beetles

probe",9,10,14,-0.0225,-0.0085,-0.0328,0.3198,0.0803,-0.0077,-0.0029,-0.0111,0.1086,0.0273,0.0048,-0.0083,-0.0035,-0.1198,-0.0384,True,False,False,nan,nan,19,model_internal_ready,primed,primed,primed,boundary,boundary,boundary,boundary,boundary,boundary
FacebookAI_roberta-large,encoder,bark,bark_gp_03,The dog warden recorded the bark before the forester stripped it from the tree.,0,1,0_to_1,tree,probe,"The dog warden recorded the

probe","The dog warden recorded the bark

probe","The dog warden recorded the bark before the forester stripped it from the tree

probe",10,11,20,-0.0642,-0.4503,0.1999,-0.2873,0.544,-0.0218,-0.153,0.0679,-0.0976,0.1848,-0.1312,0.2209,0.0897,0.1655,-0.1169,True,True,True,nan,nan,19,model_internal_ready,primed,primed,correct,boundary,primed,boundary,boundary,boundary,boundary
FacebookAI_roberta-large,encoder,bark,bark_gp_04,The neighbour complained about the bark until the wind tore it from the birch.,0,1,0_to_1,birch,probe,"The neighbour complained about the

probe","The neighbour complained about the bark

probe","The neighbour complained about the bark until the wind tore it from the birch

probe",9,10,19,-0.2174,-0.1988,0.4136,0.1909,0.5307,-0.0738,-0.0675,0.1405,0.0649,0.1803,0.0063,0.208,0.2143,0.0756,-0.0398,True,True,True,nan,nan,19,model_internal_ready,primed,primed,correct,boundary,boundary,correct,boundary,boundary,boundary
FacebookAI_roberta-large,encoder,bark,bark_gp_05,"Beside the dog kennel, the children noticed the bark, which their father peeled from the elm.",0,1,0_to_1,elm,probe,"Beside the dog kennel, the children noticed the

probe","Beside the dog kennel, the children noticed the bark

probe","Beside the dog kennel, the children noticed the bark, which their father peeled from the elm

probe",17,18,27,-0.1957,-0.3529,0.3188,-0.0309,0.5148,-0.0665,-0.1199,0.1083,-0.0105,0.1749,-0.0534,0.2281,0.1747,0.1188,-0.0666,True,True,True,nan,nan,19,model_internal_ready,primed,primed,correct,boundary,primed,correct,boundary,boundary,boundary
FacebookAI_roberta-large,encoder,bark,bark_gp_06,"She complained to the neighbours about the bark, which an arborist later cut from the dying sycamore.",0,1,0_to_1,sycamore,probe,"She complained to the neighbours about the

probe","She complained to the neighbours about the bark

probe","She complained to the neighbours about the bark, which an arborist later cut from the dying sycamore

probe",11,12,26,-0.3136,-0.3388,0.1858,-0.1901,0.587,-0.1065,-0.1151,0.0631,-0.0646,0.1994,-0.0086,0.1782,0.1696,0.1277,-0.1363,True,True,True,nan,nan,19,model_internal_ready,primed,primed,correct,primed,primed,boundary,boundary,boundary,boundary
FacebookAI_roberta-large,encoder,bark,bark_gp_07,"After examining the damaged oak, she recorded the bark when the terrier began growling.",1,0,1_to_0,terrier,probe,"After examining the damaged oak, she recorded the

probe","After examining the damaged oak, she recorded the bark

probe","After examining the damaged oak, she recorded the bark when the terrier

probe",13,14,18,0.047,-0.67,0.0662,0.06,0.363,0.016,-0.2276,0.0225,0.0204,0.1233,-0.2435,0.2501,0.0065,0.0021,-0.1008,True,True,True,nan,nan,19,model_internal_ready,correct,primed,correct,boundary,primed,boundary,boundary,boundary,boundary
FacebookAI_roberta-large,encoder,bark,bark_gp_08,The arborist complained about the bark until the spaniel was taken indoors.,1,0,1_to_0,spaniel,probe,"The arborist complained about the

probe","The arborist complained about the bark

probe","The arborist complained about the bark until the spaniel

probe",11,12,16,-0.0013,-0.003,0.2046,0.3191,0.5138,-0.0004,-0.001,0.0695,0.1084,0.1745,-0.0006,0.0705,0.0699,-0.0389,-0.105,True,True,True,nan,nan,19,model_internal_ready,primed,primed,correct,boundary,boundary,boundary,boundary,boundary,boundary
FacebookAI_roberta-large,encoder,bark,bark_gp_09,"While cataloguing trees, the researcher analysed the bark that the puppy produced during the test.",1,0,1_to_0,puppy,probe,"While cataloguing trees, the researcher analysed the

probe","While cataloguing trees, the researcher analysed the bark

probe","While cataloguing trees, the researcher analysed the bark that the puppy

probe",13,14,17,-0.1883,-0.677,-0.3157,0.0527,0.3404,-0.064,-0.23,-0.1073,0.0179,0.1156,-0.166,0.1227,-0.0433,-0.1251,-0.2229,True,False,False,nan,nan,19,model_internal_ready,primed,primed,primed,boundary,primed,primed,boundary,boundary,boundary
FacebookAI_roberta-large,encoder,bark,bark_gp_10,The lumberjack recognised the bark as soon as the dog made the noise again.,1,0,1_to_0,dog,probe,"The lumberjack recognised the

probe","The lumberjack recognised the bark

probe","The lumberjack recognised the bark as soon as the dog

probe",9,10,15,-0.0438,-0.1878,0.7106,0.1843,0.7536,-0.0149,-0.0638,0.2414,0.0626,0.256,-0.0489,0.3051,0.2563,0.1788,-0.0146,True,True,True,nan,nan,19,model_internal_ready,primed,primed,correct,boundary,boundary,correct,boundary,boundary,boundary
FacebookAI_roberta-large,encoder,bark,bark_gp_11,"Beside the timber yard, they discussed the bark until a terrier repeated it from behind the gate.",1,0,1_to_0,terrier,probe,"Beside the timber yard, they discussed the

probe","Beside the timber yard, they discussed the bark

probe","Beside the timber yard, they discussed the bark until a terrier

probe",14,15,19,0.0271,-0.424,0.2806,0.06,0.3823,0.0092,-0.144,0.0953,0.0204,0.1299,-0.1532,0.2393,0.0861,0.0749,-0.0346,True,True,True,nan,nan,19,model_internal_ready,correct,primed,correct,boundary,primed,boundary,boundary,boundary,boundary
FacebookAI_roberta-large,encoder,bark,bark_gp_12,The botanist tried to identify the bark before the hound made the sound a second time.,1,0,1_to_0,hound,probe,"The botanist tried to identify the

probe","The botanist tried to identify the bark

probe","The botanist tried to identify the bark before the hound

probe",12,13,17,-0.2882,-0.5061,-0.3116,0.0924,0.1104,-0.0979,-0.1719,-0.1059,0.0314,0.0375,-0.074,0.0661,-0.0079,-0.1372,-0.1434,True,False,False,nan,nan,19,model_internal_ready,primed,primed,primed,boundary,primed,primed,boundary,boundary,boundary
FacebookAI_roberta-large,encoder,bark,bark_gp_13,"After the terrier woke the neighbours, she noticed the bark, where sap was seeping from the trunk.",0,1,0_to_1,sap,probe,"After the terrier woke the neighbours, she noticed the

probe","After the terrier woke the neighbours, she noticed the bark

probe","After the terrier woke the neighbours, she noticed the bark, where sap

probe",15,16,19,-0.4485,-0.5271,-0.0068,-0.0197,0.13,-0.1523,-0.179,-0.0023,-0.0067,0.0442,-0.0267,0.1767,0.15,0.0044,-0.0465,True,False,False,nan,nan,19,model_internal_ready,primed,primed,primed,primed,primed,boundary,boundary,boundary,boundary
FacebookAI_roberta-large,encoder,bark,bark_gp_14,"After inspecting the split trunk, she noted the bark that echoed across the empty yard.",1,0,1_to_0,echoed,probe,"After inspecting the split trunk, she noted the

probe","After inspecting the split trunk, she noted the bark

probe","After inspecting the split trunk, she noted the bark that echoed

probe",13,14,16,0.2431,-0.1391,0.2305,0.184,0.3132,0.0826,-0.0473,0.0783,0.0625,0.1064,-0.1298,0.1256,-0.0043,0.0158,-0.0281,True,True,True,nan,nan,19,model_internal_ready,correct,primed,correct,boundary,boundary,boundary,boundary,boundary,boundary
FacebookAI_roberta-large,encoder,bat,bat_gp_01,"He handed her the bat, which spread its wings and flew away.",0,1,0_to_1,wings,probe,"He handed her the

probe","He handed her the bat

probe","He handed her the bat, which spread its wings

probe",8,9,14,0.6678,-0.4342,0.6831,-0.2938,-0.2605,0.1212,-0.0788,0.1239,-0.0533,-0.0473,-0.1999,0.2027,0.0028,0.1772,0.1712,True,True,True,nan,nan,19,model_internal_ready,correct,primed,correct,correct,boundary,correct,boundary,boundary,boundary
FacebookAI_roberta-large,encoder,bat,bat_gp_02,"After practice, he carried the bat into the shed, where it hung upside down from a rafter.",0,1,0_to_1,rafter,probe,"After practice, he carried the

probe","After practice, he carried the bat

probe","After practice, he carried the bat into the shed, where it hung upside down from a rafter

probe",10,11,24,0.8647,0.1596,-0.5993,-0.3346,-0.1265,0.1569,0.029,-0.1087,-0.0607,-0.0229,-0.1279,-0.1377,-0.2656,-0.048,-0.0858,False,False,False,nan,nan,19,model_internal_ready,correct,correct,primed,correct,boundary,primed,boundary,boundary,boundary
FacebookAI_roberta-large,encoder,bat,bat_gp_03,"She reached for the bat beside the wicket, but it shrieked and flew away.",0,1,0_to_1,shrieked,probe,"She reached for the

probe","She reached for the bat

probe","She reached for the bat beside the wicket, but it shrieked

probe",8,9,19,-0.2395,-1.2369,0.0478,-1.0801,-1.1295,-0.0435,-0.2244,0.0087,-0.196,-0.2049,-0.1809,0.2331,0.0521,0.2046,0.2136,True,True,True,nan,nan,19,model_internal_ready,primed,primed,correct,boundary,primed,boundary,boundary,boundary,boundary
FacebookAI_roberta-large,encoder,bat,bat_gp_04,"The umpire inspected the bat, which bit his finger and flew over the boundary.",0,1,0_to_1,flew,probe,"The umpire inspected the

probe","The umpire inspected the bat

probe","The umpire inspected the bat, which bit his finger and flew

probe",9,10,17,-1.4063,-1.6778,-1.567,0.0437,0.0169,-0.2551,-0.3044,-0.2843,0.0079,0.0031,-0.0493,0.0201,-0.0292,-0.2922,-0.2874,True,False,False,nan,nan,19,model_internal_ready,primed,primed,primed,primed,primed,primed,boundary,primed,boundary
FacebookAI_roberta-large,encoder,bat,bat_gp_05,"The player reached into the kit bag for the bat, which unfurled its wings and clung to his sleeve.",0,1,0_to_1,wings,probe,"The player reached into the kit bag for the

probe","The player reached into the kit bag for the bat

probe","The player reached into the kit bag for the bat, which unfurled its wings

probe",13,14,21,0.2605,-0.3482,-0.5972,-0.2606,-0.1093,0.0473,-0.0632,-0.1083,-0.0473,-0.0198,-0.1104,-0.0452,-0.1556,-0.0611,-0.0885,True,False,False,nan,nan,19,model_internal_ready,correct,primed,primed,boundary,boundary,primed,boundary,boundary,boundary
FacebookAI_roberta-large,encoder,bat,bat_gp_06,"She locked the bat in the equipment room, but by morning it was sleeping upside down from the ceiling.",0,1,0_to_1,sleeping,probe,"She locked the

probe","She locked the bat

probe","She locked the bat in the equipment room, but by morning it was sleeping

probe",7,8,19,-0.9544,-1.2252,-1.2707,0.9033,-0.0965,-0.1732,-0.2223,-0.2305,0.1639,-0.0175,-0.0491,-0.0083,-0.0574,-0.3944,-0.213,True,False,False,nan,nan,19,model_internal_ready,primed,primed,primed,primed,primed,primed,boundary,boundary,boundary
FacebookAI_roberta-large,encoder,bat,bat_gp_07,"The boy tucked the bat under his arm, but it wriggled free and flew into the rafters.",0,1,0_to_1,rafters,probe,"The boy tucked the

probe","The boy tucked the bat

probe","The boy tucked the bat under his arm, but it wriggled free and flew into the rafters

probe",8,9,25,-0.3735,-0.1453,-1.7119,-0.4566,-1.7877,-0.0678,-0.0264,-0.3106,-0.0828,-0.3243,0.0414,-0.2842,-0.2428,-0.2277,0.0138,True,False,False,nan,nan,19,model_internal_ready,primed,primed,primed,boundary,boundary,primed,boundary,boundary,primed
FacebookAI_roberta-large,encoder,bat,bat_gp_08,"After monitoring the cave all night, she carried the bat until the batter asked for it back.",1,0,1_to_0,batter,probe,"After monitoring the cave all night, she carried the

probe","After monitoring the cave all night, she carried the bat

probe","After monitoring the cave all night, she carried the bat until the batter

probe",14,15,18,-1.3585,-1.5225,-0.111,-1.3934,1.0615,-0.2465,-0.2762,-0.0201,-0.2528,0.1926,-0.0298,0.2561,0.2263,0.2327,-0.2127,True,False,False,nan,nan,19,model_internal_ready,primed,primed,primed,primed,primed,boundary,boundary,boundary,boundary
FacebookAI_roberta-large,encoder,bat,bat_gp_09,The wildlife officer inspected the bat before the umpire ruled it illegal.,1,0,1_to_0,umpire,probe,"The wildlife officer inspected the

probe","The wildlife officer inspected the bat

probe","The wildlife officer inspected the bat before the umpire

probe",9,10,14,0.6698,0.6449,1.8656,-0.1331,2.0617,0.1215,0.117,0.3385,-0.0242,0.374,-0.0045,0.2215,0.2169,0.3626,-0.0356,False,True,False,nan,nan,19,model_internal_ready,correct,correct,correct,correct,correct,correct,boundary,boundary,correct
FacebookAI_roberta-large,encoder,bat,bat_gp_10,The zoologist photographed the bat that the batsman had cracked during practice.,1,0,1_to_0,batsman,probe,"The zoologist photographed the

probe","The zoologist photographed the bat

probe","The zoologist photographed the bat that the batsman

probe",9,10,14,-0.1962,-0.4485,0.6333,1.513,1.7869,-0.0356,-0.0814,0.1149,0.2745,0.3242,-0.0458,0.1963,0.1505,-0.1596,-0.2093,True,True,True,nan,nan,19,model_internal_ready,primed,primed,correct,boundary,boundary,correct,boundary,boundary,boundary
FacebookAI_roberta-large,encoder,bat,bat_gp_11,The cave guide returned the bat to the coach's equipment bag.,1,0,1_to_0,coach,probe,"The cave guide returned the

probe","The cave guide returned the bat

probe","The cave guide returned the bat to the coach

probe",9,10,13,-0.424,0.3368,0.3969,1.7657,2.5221,-0.0769,0.0611,0.072,0.3203,0.4576,0.138,0.0109,0.1489,-0.2483,-0.3856,False,True,False,nan,nan,19,model_internal_ready,primed,correct,correct,boundary,boundary,boundary,boundary,boundary,boundary
FacebookAI_roberta-large,encoder,bat,bat_gp_12,"At dusk, the ranger spotted the bat lying beside the wicket.",1,0,1_to_0,wicket,probe,"At dusk, the ranger spotted the

probe","At dusk, the ranger spotted the bat

probe","At dusk, the ranger spotted the bat lying beside the wicket

probe",11,12,17,-0.7392,-0.9586,0.6815,0.3039,2.1431,-0.1341,-0.1739,0.1236,0.0551,0.3888,-0.0398,0.2976,0.2578,0.0685,-0.2652,True,True,True,nan,nan,19,model_internal_ready,primed,primed,correct,primed,primed,correct,boundary,boundary,boundary
FacebookAI_roberta-large,encoder,bat,bat_gp_13,The conservationist tagged the bat before the slugger took it to home plate.,1,0,1_to_0,slugger,probe,"The conservationist tagged the

probe","The conservationist tagged the bat

probe","The conservationist tagged the bat before the slugger

probe",9,10,14,1.0455,0.4292,1.403,1.4707,1.4203,0.1897,0.0779,0.2545,0.2668,0.2577,-0.1118,0.1767,0.0649,-0.0123,-0.0031,False,True,False,nan,nan,19,model_internal_ready,correct,correct,correct,correct,boundary,correct,boundary,boundary,boundary
FacebookAI_roberta-large,encoder,bat,bat_gp_14,The cave researcher found the bat before the pitcher asked to use it during warm-up.,1,0,1_to_0,pitcher,probe,"The cave researcher found the

probe","The cave researcher found the bat

probe","The cave researcher found the bat before the pitcher

probe",9,10,13,-0.0088,-0.8263,0.7124,1.382,1.7236,-0.0016,-0.1499,0.1292,0.2507,0.3127,-0.1483,0.2791,0.1308,-0.1215,-0.1835,True,True,True,nan,nan,19,model_internal_ready,primed,primed,correct,boundary,primed,correct,boundary,boundary,boundary
FacebookAI_roberta-large,encoder,crane,crane_gp_01,The site manager watched the crane step into the reeds.,1,0,1_to_0,reeds,probe,"The site manager watched the

probe","The site manager watched the crane

probe","The site manager watched the crane step into the reeds

probe",9,10,15,-0.1181,-0.4292,-0.2582,0.025,0.1465,-0.0402,-0.146,-0.0878,0.0085,0.0498,-0.1059,0.0582,-0.0477,-0.0963,-0.1377,True,False,False,nan,nan,15,model_internal_ready,primed,primed,primed,boundary,primed,boundary,boundary,boundary,boundary
FacebookAI_roberta-large,encoder,crane,crane_gp_02,The operator waited beside the crane until it spread its wings and flew over the scaffolding.,1,0,1_to_0,wings,probe,"The operator waited beside the

probe","The operator waited beside the crane

probe","The operator waited beside the crane until it spread its wings

probe",9,10,15,0.1728,-0.2982,-0.0785,0.1961,0.6563,0.0588,-0.1014,-0.0267,0.0667,0.2233,-0.1602,0.0747,-0.0855,-0.0934,-0.25,True,False,False,nan,nan,15,model_internal_ready,correct,primed,primed,boundary,primed,boundary,boundary,boundary,boundary
FacebookAI_roberta-large,encoder,crane,crane_gp_03,"The foreman pointed to the crane, which dipped its beak into the drainage ditch.",1,0,1_to_0,beak,probe,"The foreman pointed to the

probe","The foreman pointed to the crane

probe","The foreman pointed to the crane, which dipped its beak

probe",10,11,17,0.0339,-0.4173,0.3715,0.7354,0.6636,0.0115,-0.142,0.1264,0.2502,0.2257,-0.1535,0.2683,0.1149,-0.1238,-0.0994,True,True,True,nan,nan,15,model_internal_ready,correct,primed,correct,boundary,primed,correct,boundary,boundary,boundary
FacebookAI_roberta-large,encoder,crane,crane_gp_04,"The safety inspector examined the crane, which tucked its head beneath one wing.",1,0,1_to_0,wing,probe,"The safety inspector examined the

probe","The safety inspector examined the crane

probe","The safety inspector examined the crane, which tucked its head beneath one wing

probe",9,10,18,-0.3133,-0.5821,-0.4726,-0.0135,-0.0041,-0.1066,-0.198,-0.1608,-0.0046,-0.0014,-0.0914,0.0372,-0.0542,-0.1562,-0.1594,True,False,False,nan,nan,15,model_internal_ready,primed,primed,primed,primed,primed,primed,boundary,boundary,boundary
FacebookAI_roberta-large,encoder,crane,crane_gp_05,"The steelworkers watched the crane arrive, fold its legs, and begin to preen.",1,0,1_to_0,preen,probe,"The steelworkers watched the

probe","The steelworkers watched the crane

probe","The steelworkers watched the crane arrive, fold its legs, and begin to preen

probe",9,10,21,-0.2477,-0.5183,-0.0723,0.2162,0.2423,-0.0843,-0.1763,-0.0246,0.0736,0.0824,-0.0921,0.1517,0.0597,-0.0982,-0.107,True,False,False,nan,nan,15,model_internal_ready,primed,primed,primed,boundary,primed,boundary,boundary,boundary,boundary
FacebookAI_roberta-large,encoder,crane,crane_gp_06,"The contractor followed the crane to the drainage ditch, where it speared a fish.",1,0,1_to_0,fish,probe,"The contractor followed the

probe","The contractor followed the crane

probe","The contractor followed the crane to the drainage ditch, where it speared a fish

probe",8,9,20,-0.4952,-0.7678,-0.2492,0.5139,0.1098,-0.1685,-0.2612,-0.0848,0.1748,0.0373,-0.0927,0.1764,0.0837,-0.2596,-0.1221,True,False,False,nan,nan,15,model_internal_ready,primed,primed,primed,primed,primed,boundary,boundary,boundary,boundary
FacebookAI_roberta-large,encoder,crane,crane_gp_07,The ornithologist watched the crane until the operator lifted a steel girder.,0,1,0_to_1,operator,probe,"The ornithologist watched the

probe","The ornithologist watched the crane

probe","The ornithologist watched the crane until the operator

probe",10,11,14,-0.1249,-0.0231,0.3357,0.2948,0.402,-0.0425,-0.0079,0.1142,0.1003,0.1368,0.0346,0.1221,0.1567,0.0139,-0.0226,True,True,True,nan,nan,15,model_internal_ready,primed,primed,correct,boundary,boundary,correct,boundary,boundary,boundary
FacebookAI_roberta-large,encoder,crane,crane_gp_08,The birdwatcher pointed to the crane as it raised a pallet above the roof.,0,1,0_to_1,pallet,probe,"The birdwatcher pointed to the

probe","The birdwatcher pointed to the crane

probe","The birdwatcher pointed to the crane as it raised a pallet

probe",11,12,18,-0.4457,0.1427,-0.3863,-0.3939,0.0992,-0.1516,0.0485,-0.1314,-0.134,0.0337,0.2001,-0.1799,0.0202,0.0026,-0.1651,False,False,False,nan,nan,15,model_internal_ready,primed,correct,primed,primed,boundary,primed,boundary,boundary,boundary
FacebookAI_roberta-large,encoder,crane,crane_gp_09,"The ornithologists tracked the crane to the site, where it hoisted concrete panels.",0,1,0_to_1,hoisted,probe,"The ornithologists tracked the

probe","The ornithologists tracked the crane

probe","The ornithologists tracked the crane to the site, where it hoisted

probe",10,11,19,-0.8159,-0.5734,-0.2934,0.1318,0.2172,-0.2776,-0.195,-0.0998,0.0448,0.0739,0.0825,0.0952,0.1777,-0.1446,-0.1737,True,False,False,nan,nan,15,model_internal_ready,primed,primed,primed,primed,primed,boundary,boundary,boundary,boundary
FacebookAI_roberta-large,encoder,crane,crane_gp_10,The wildlife photographer examined the crane while the foreman attached a load to its hook.,0,1,0_to_1,hook,probe,"The wildlife photographer examined the

probe","The wildlife photographer examined the crane

probe","The wildlife photographer examined the crane while the foreman attached a load to its hook

probe",9,10,20,-0.0082,0.0784,0.1179,0.1448,0.5088,-0.0028,0.0267,0.0401,0.0492,0.1731,0.0295,0.0134,0.0429,-0.0091,-0.133,False,True,False,nan,nan,15,model_internal_ready,primed,correct,correct,boundary,boundary,boundary,boundary,boundary,boundary
FacebookAI_roberta-large,encoder,crane,crane_gp_11,The ecologist reported the crane whose hydraulic boom had jammed above the road.,0,1,0_to_1,hydraulic,probe,"The ecologist reported the

probe","The ecologist reported the crane

probe","The ecologist reported the crane whose hydraulic

probe",9,10,12,0.0198,-0.0403,-0.1289,-0.8718,0.1983,0.0067,-0.0137,-0.0438,-0.2966,0.0675,-0.0204,-0.0301,-0.0506,0.2527,-0.1113,True,False,False,nan,nan,15,model_internal_ready,correct,primed,primed,boundary,boundary,boundary,boundary,boundary,boundary
FacebookAI_roberta-large,encoder,crane,crane_gp_12,The ranger photographed the crane before the construction crew dismantled it.,0,1,0_to_1,construction,probe,"The ranger photographed the

probe","The ranger photographed the crane

probe","The ranger photographed the crane before the construction

probe",8,9,12,-0.0875,0.4249,0.906,0.1629,0.9852,-0.0298,0.1445,0.3082,0.0554,0.3351,0.1743,0.1637,0.338,0.2528,-0.0269,False,True,False,nan,nan,15,model_internal_ready,primed,correct,correct,boundary,correct,correct,boundary,boundary,correct
FacebookAI_roberta-large,encoder,crane,crane_gp_13,"After counting the nesting birds, the ranger photographed the crane as its cable lifted a generator.",0,1,0_to_1,cable,probe,"After counting the nesting birds, the ranger photographed the

probe","After counting the nesting birds, the ranger photographed the crane

probe","After counting the nesting birds, the ranger photographed the crane as its cable

probe",14,15,18,0.1457,0.5347,-0.0679,-0.1463,0.1,0.0496,0.1819,-0.0231,-0.0498,0.034,0.1323,-0.205,-0.0727,0.0267,-0.0571,False,False,False,nan,nan,15,model_internal_ready,correct,correct,primed,boundary,correct,boundary,boundary,boundary,boundary
FacebookAI_roberta-large,encoder,crane,crane_gp_14,"After inspecting the construction equipment, the engineer watched the crane as it swallowed a frog.",1,0,1_to_0,swallowed,probe,"After inspecting the construction equipment, the engineer watched the

probe","After inspecting the construction equipment, the engineer watched the crane

probe","After inspecting the construction equipment, the engineer watched the crane as it swallowed

probe",14,15,18,-0.5003,-0.6533,0.1774,-0.1256,0.5991,-0.1702,-0.2223,0.0603,-0.0427,0.2038,-0.0521,0.2826,0.2305,0.1031,-0.1435,True,True,True,nan,nan,15,model_internal_ready,primed,primed,correct,primed,primed,boundary,boundary,boundary,boundary
FacebookAI_roberta-large,encoder,spring,spring_gp_01,"They waited all winter for the spring, which finally bubbled from the rocks.",0,1,0_to_1,bubbled,probe,"They waited all winter for the

probe","They waited all winter for the spring

probe","They waited all winter for the spring, which finally bubbled

probe",10,11,16,0.8515,0.2238,-0.9279,0.016,0.4805,0.1961,0.0515,-0.2137,0.0037,0.1106,-0.1445,-0.2652,-0.4097,-0.2174,-0.3243,False,False,False,nan,nan,22,model_internal_ready,correct,correct,primed,correct,boundary,primed,boundary,boundary,boundary
FacebookAI_roberta-large,encoder,spring,spring_gp_02,"After the harsh winter, the villagers celebrated the spring until it ran dry.",0,1,0_to_1,dry,probe,"After the harsh winter, the villagers celebrated the

probe","After the harsh winter, the villagers celebrated the spring

probe","After the harsh winter, the villagers celebrated the spring until it ran dry

probe",13,14,18,-1.2609,-1.5917,0.3351,0.4146,1.4223,-0.2903,-0.3665,0.0772,0.0955,0.3275,-0.0762,0.4437,0.3675,-0.0183,-0.2503,True,True,True,nan,nan,22,model_internal_ready,primed,primed,correct,primed,primed,boundary,boundary,primed,boundary
FacebookAI_roberta-large,encoder,spring,spring_gp_03,The valley welcomed the spring until it swept away the pasture fence.,0,1,0_to_1,swept,probe,"The valley welcomed the

probe","The valley welcomed the spring

probe","The valley welcomed the spring until it swept

probe",8,9,12,1.2391,-0.9072,-1.4829,1.179,-1.4826,0.2853,-0.2089,-0.3415,0.2715,-0.3414,-0.4942,-0.1326,-0.6268,-0.6129,-0.0001,True,False,False,nan,nan,22,model_internal_ready,correct,primed,primed,correct,primed,primed,boundary,boundary,primed
FacebookAI_roberta-large,encoder,spring,spring_gp_04,"The children hurried outside to see the spring, then knelt to drink from it.",0,1,0_to_1,drink,probe,"The children hurried outside to see the

probe","The children hurried outside to see the spring

probe","The children hurried outside to see the spring, then knelt to drink

probe",11,12,18,-0.2221,-1.4687,-1.3237,1.0528,-0.3755,-0.0511,-0.3382,-0.3048,0.2424,-0.0865,-0.287,0.0334,-0.2537,-0.5472,-0.2183,True,False,False,nan,nan,22,model_internal_ready,primed,primed,primed,boundary,primed,primed,boundary,primed,primed
FacebookAI_roberta-large,encoder,spring,spring_gp_05,"After months without water, they prayed for the spring, which arrived with blossoms and longer days.",1,0,1_to_0,blossoms,probe,"After months without water, they prayed for the

probe","After months without water, they prayed for the spring

probe","After months without water, they prayed for the spring, which arrived with blossoms

probe",13,14,20,0.0009,0.3889,0.8615,-0.2695,0.4212,0.0002,0.0895,0.1984,-0.0621,0.097,0.0893,0.1088,0.1982,0.2604,0.1014,False,True,False,nan,nan,22,model_internal_ready,correct,correct,correct,boundary,boundary,correct,boundary,boundary,boundary
FacebookAI_roberta-large,encoder,spring,spring_gp_06,"The estate expected the spring in March, but the surveyor found it bubbling beneath the old wall.",0,1,0_to_1,bubbling,probe,"The estate expected the

probe","The estate expected the spring

probe","The estate expected the spring in March, but the surveyor found it bubbling

probe",8,9,20,1.6235,1.4692,-0.4065,0.503,-1.3834,0.3738,0.3383,-0.0936,0.1158,-0.3185,-0.0355,-0.4319,-0.4675,-0.2094,0.2249,False,False,False,nan,nan,22,model_internal_ready,correct,correct,primed,correct,correct,boundary,correct,correct,boundary
FacebookAI_roberta-large,encoder,spring,spring_gp_07,"After testing the village well, they waited for the spring, when the orchards would bloom.",1,0,1_to_0,orchards,probe,"After testing the village well, they waited for the

probe","After testing the village well, they waited for the spring

probe","After testing the village well, they waited for the spring, when the orchards

probe",14,15,21,-0.0657,0.4356,0.7872,-0.7153,1.1624,-0.0151,0.1003,0.1813,-0.1647,0.2677,0.1155,0.0809,0.1964,0.346,-0.0864,False,True,False,nan,nan,22,model_internal_ready,primed,correct,correct,boundary,correct,correct,boundary,boundary,boundary
FacebookAI_roberta-large,encoder,spring,spring_gp_08,The hydrologist predicted the spring would bring warmer days to the valley.,1,0,1_to_0,warmer,probe,"The hydrologist predicted the

probe","The hydrologist predicted the spring

probe","The hydrologist predicted the spring would bring warmer

probe",10,11,14,-0.4407,0.5852,1.7626,-1.0809,1.3001,-0.1015,0.1348,0.4059,-0.2489,0.2994,0.2362,0.2711,0.5074,0.6548,0.1065,False,True,False,nan,nan,22,model_internal_ready,primed,correct,correct,primed,correct,correct,boundary,boundary,correct
FacebookAI_roberta-large,encoder,spring,spring_gp_09,"During the drought survey, she wrote about the spring that began with late snowstorms.",1,0,1_to_0,snowstorms,probe,"During the drought survey, she wrote about the

probe","During the drought survey, she wrote about the spring

probe","During the drought survey, she wrote about the spring that began with late snowstorms

probe",13,14,20,-0.4404,0.0573,-0.2399,-0.6586,-0.0853,-0.1014,0.0132,-0.0552,-0.1516,-0.0196,0.1146,-0.0684,0.0462,0.0964,-0.0356,False,False,False,nan,nan,22,model_internal_ready,primed,correct,primed,primed,boundary,boundary,boundary,boundary,boundary
FacebookAI_roberta-large,encoder,spring,spring_gp_10,"After mapping the underground water, they prepared for the spring by ordering seeds.",1,0,1_to_0,seeds,probe,"After mapping the underground water, they prepared for the

probe","After mapping the underground water, they prepared for the spring

probe","After mapping the underground water, they prepared for the spring by ordering seeds

probe",14,15,18,-1.3614,-1.3026,0.3271,-1.0981,1.8521,-0.3135,-0.2999,0.0753,-0.2529,0.4265,0.0136,0.3753,0.3888,0.3282,-0.3512,True,True,True,nan,nan,22,model_internal_ready,primed,primed,correct,primed,primed,boundary,primed,boundary,boundary
FacebookAI_roberta-large,encoder,spring,spring_gp_11,"After celebrating the end of winter, the villagers welcomed the spring, which supplied their drinking water throughout the drought.",0,1,0_to_1,water,probe,"After celebrating the end of winter, the villagers welcomed the

probe","After celebrating the end of winter, the villagers welcomed the spring

probe","After celebrating the end of winter, the villagers welcomed the spring, which supplied their drinking water

probe",15,16,22,-0.9714,-1.7469,0.5251,1.5935,1.7009,-0.2237,-0.4023,0.1209,0.3669,0.3917,-0.1786,0.5232,0.3446,-0.246,-0.2708,True,True,True,nan,nan,22,model_internal_ready,primed,primed,correct,primed,primed,correct,boundary,primed,boundary
FacebookAI_roberta-large,encoder,spring,spring_gp_12,"After pruning the orchard, she wrote about the spring that fed a stream below the ridge.",0,1,0_to_1,stream,probe,"After pruning the orchard, she wrote about the

probe","After pruning the orchard, she wrote about the spring

probe","After pruning the orchard, she wrote about the spring that fed a stream

probe",15,16,20,0.012,-0.3123,-0.441,0.0099,0.0987,0.0028,-0.0719,-0.1015,0.0023,0.0227,-0.0747,-0.0296,-0.1043,-0.1038,-0.1243,True,False,False,nan,nan,22,model_internal_ready,correct,primed,primed,boundary,boundary,primed,boundary,boundary,boundary
FacebookAI_roberta-large,encoder,spring,spring_gp_13,"After inspecting the dried-up well, the hydrologist described the spring that arrived unusually early that year.",1,0,1_to_0,arrived,probe,"After inspecting the dried-up well, the hydrologist described the

probe","After inspecting the dried-up well, the hydrologist described the spring

probe","After inspecting the dried-up well, the hydrologist described the spring that arrived

probe",18,19,21,-0.5613,-0.4263,0.5446,-0.4963,1.3759,-0.1293,-0.0982,0.1254,-0.1143,0.3168,0.0311,0.2236,0.2547,0.2397,-0.1914,True,True,True,nan,nan,22,model_internal_ready,primed,primed,correct,primed,boundary,correct,boundary,boundary,boundary
FacebookAI_roberta-large,encoder,spring,spring_gp_14,"After surveying the aquifer, the engineer described the spring that followed the coldest winter on record.",1,0,1_to_0,winter,probe,"After surveying the aquifer, the engineer described the

probe","After surveying the aquifer, the engineer described the spring

probe","After surveying the aquifer, the engineer described the spring that followed the coldest winter

probe",15,16,22,-0.0119,0.0869,0.3815,-1.1303,0.4112,-0.0027,0.02,0.0878,-0.2603,0.0947,0.0228,0.0678,0.0906,0.3481,-0.0068,False,True,False,nan,nan,22,model_internal_ready,primed,correct,correct,boundary,boundary,boundary,boundary,boundary,boundary
FacebookAI_roberta-large,encoder,match,match_gp_01,"The referee held up the match, then struck it against the box.",0,1,0_to_1,struck,probe,"The referee held up the

probe","The referee held up the match

probe","The referee held up the match, then struck

probe",9,10,13,0.5833,0.3203,0.3742,-0.1127,0.5852,0.212,0.1164,0.136,-0.0409,0.2127,-0.0956,0.0196,-0.076,0.1769,-0.0767,False,True,False,nan,nan,23,model_internal_ready,correct,correct,correct,correct,correct,correct,boundary,boundary,boundary
FacebookAI_roberta-large,encoder,match,match_gp_02,"The boxer threw the match, which landed in the dry grass and started a fire.",0,1,0_to_1,fire,probe,"The boxer threw the

probe","The boxer threw the match

probe","The boxer threw the match, which landed in the dry grass and started a fire

probe",8,9,20,0.1271,0.2504,-0.1735,-0.4547,0.0655,0.0462,0.091,-0.0631,-0.1653,0.0238,0.0448,-0.1541,-0.1093,0.1022,-0.0869,False,False,False,nan,nan,23,model_internal_ready,correct,correct,primed,boundary,boundary,boundary,boundary,boundary,boundary
FacebookAI_roberta-large,encoder,match,match_gp_03,"The captain cursed the match, then struck it against the box.",0,1,0_to_1,struck,probe,"The captain cursed the

probe","The captain cursed the match

probe","The captain cursed the match, then struck

probe",8,9,12,0.7265,0.4716,0.4721,-0.1127,0.5675,0.264,0.1714,0.1716,-0.0409,0.2063,-0.0926,0.0002,-0.0925,0.2125,-0.0347,False,True,False,nan,nan,23,model_internal_ready,correct,correct,correct,correct,correct,correct,boundary,boundary,boundary
FacebookAI_roberta-large,encoder,match,match_gp_04,The crowd watched the match until it burned out.,0,1,0_to_1,burned,probe,"The crowd watched the

probe","The crowd watched the match

probe","The crowd watched the match until it burned

probe",8,9,12,0.3922,0.511,0.782,0.3183,1.242,0.1426,0.1857,0.2842,0.1157,0.4514,0.0432,0.0985,0.1417,0.1685,-0.1672,False,True,False,nan,nan,23,model_internal_ready,correct,correct,correct,correct,correct,correct,boundary,boundary,boundary
FacebookAI_roberta-large,encoder,match,match_gp_05,"The whole town waited for the match, which the mayor struck to light the bonfire.",0,1,0_to_1,bonfire,probe,"The whole town waited for the

probe","The whole town waited for the match

probe","The whole town waited for the match, which the mayor struck to light the bonfire

probe",10,11,21,0.2879,0.5702,0.3713,-0.3936,0.1646,0.1046,0.2072,0.1349,-0.143,0.0598,0.1026,-0.0723,0.0303,0.278,0.0751,False,True,False,nan,nan,23,model_internal_ready,correct,correct,correct,correct,correct,correct,boundary,boundary,boundary
FacebookAI_roberta-large,encoder,match,match_gp_06,"Before kickoff, the referee checked the match and put it into his pocket.",0,1,0_to_1,pocket,probe,"Before kickoff, the referee checked the

probe","Before kickoff, the referee checked the match

probe","Before kickoff, the referee checked the match and put it into his pocket

probe",11,12,18,0.4877,0.207,0.6774,0.3002,1.0224,0.1773,0.0752,0.2462,0.1091,0.3716,-0.102,0.171,0.069,0.1371,-0.1254,False,True,False,nan,nan,23,model_internal_ready,correct,correct,correct,correct,boundary,correct,boundary,boundary,boundary
FacebookAI_roberta-large,encoder,match,match_gp_07,"After inspecting the burned shed, the marshal discussed the match until the referee showed the replay.",1,0,1_to_0,referee,probe,"After inspecting the burned shed, the marshal discussed the

probe","After inspecting the burned shed, the marshal discussed the match

probe","After inspecting the burned shed, the marshal discussed the match until the referee

probe",15,16,19,-0.1658,-0.3538,-0.6186,0.2534,-0.4239,-0.0603,-0.1286,-0.2248,0.0921,-0.1541,-0.0683,-0.0962,-0.1646,-0.3169,-0.0708,True,False,False,nan,nan,23,model_internal_ready,primed,primed,primed,boundary,primed,primed,boundary,boundary,boundary
FacebookAI_roberta-large,encoder,match,match_gp_08,"Beside the dying campfire, they were looking for the match, which was streamed by all the major TV services.",1,0,1_to_0,streamed,probe,"Beside the dying campfire, they were looking for the

probe","Beside the dying campfire, they were looking for the match

probe","Beside the dying campfire, they were looking for the match, which was streamed

probe",17,18,22,-0.8416,-1.2198,-0.6889,-0.6939,-0.6132,-0.3059,-0.4434,-0.2504,-0.2522,-0.2229,-0.1375,0.193,0.0555,0.0018,-0.0275,True,False,False,nan,nan,23,model_internal_ready,primed,primed,primed,primed,primed,primed,primed,primed,boundary
FacebookAI_roberta-large,encoder,match,match_gp_09,The candle maker described the match that ended in a penalty shootout.,1,0,1_to_0,penalty,probe,"The candle maker described the

probe","The candle maker described the match

probe","The candle maker described the match that ended in a penalty

probe",9,10,15,-0.0222,-0.9116,0.3276,0.4731,0.3985,-0.0081,-0.3313,0.1191,0.1719,0.1448,-0.3232,0.4504,0.1272,-0.0529,-0.0257,True,True,True,nan,nan,23,model_internal_ready,primed,primed,correct,boundary,primed,correct,boundary,primed,boundary
FacebookAI_roberta-large,encoder,match,match_gp_10,"Although she was soaked, the match had remained dry, and the home side won in extra time.",1,0,1_to_0,side,probe,"Although she was soaked, the

probe","Although she was soaked, the match

probe","Although she was soaked, the match had remained dry, and the home side

probe",10,11,19,-0.6155,-0.413,-0.3923,0.0021,-0.2795,-0.2237,-0.1501,-0.1426,0.0008,-0.1016,0.0736,0.0075,0.0811,-0.1434,-0.041,True,False,False,nan,nan,23,model_internal_ready,primed,primed,primed,primed,primed,primed,boundary,boundary,boundary
FacebookAI_roberta-large,encoder,match,match_gp_11,"In the dark, the match illuminated the entire city once the stadium lights came on.",1,0,1_to_0,stadium,probe,"In the dark, the

probe","In the dark, the match

probe","In the dark, the match illuminated the entire city once the stadium

probe",9,10,17,-0.254,-0.5297,-0.387,0.1017,-0.5032,-0.0923,-0.1925,-0.1407,0.037,-0.1829,-0.1002,0.0519,-0.0484,-0.1776,0.0422,True,False,False,nan,nan,23,model_internal_ready,primed,primed,primed,boundary,primed,primed,boundary,boundary,boundary
FacebookAI_roberta-large,encoder,match,match_gp_12,The arson investigator reconstructed the match that the home side won in extra time.,1,0,1_to_0,won,probe,"The arson investigator reconstructed the

probe","The arson investigator reconstructed the match

probe","The arson investigator reconstructed the match that the home side won

probe",9,10,15,-0.2766,-0.7643,-0.3235,0.3177,-0.6798,-0.1005,-0.2778,-0.1176,0.1155,-0.2471,-0.1773,0.1602,-0.0171,-0.233,0.1295,True,False,False,nan,nan,23,model_internal_ready,primed,primed,primed,primed,primed,primed,boundary,boundary,boundary
FacebookAI_roberta-large,encoder,match,match_gp_13,"With the final score still disputed, the referee examined the match until its head flared orange.",0,1,0_to_1,flared,probe,"With the final score still disputed, the referee examined the

probe","With the final score still disputed, the referee examined the match

probe","With the final score still disputed, the referee examined the match until its head flared

probe",15,16,20,0.3207,0.3002,0.8144,0.6741,1.2789,0.1166,0.1091,0.296,0.245,0.4648,-0.0074,0.1869,0.1794,0.051,-0.1688,False,True,False,nan,nan,23,model_internal_ready,correct,correct,correct,correct,correct,correct,boundary,boundary,boundary
FacebookAI_roberta-large,encoder,match,match_gp_14,"After gathering dry kindling, they waited for the match, which went into extra time.",1,0,1_to_0,time,probe,"After gathering dry kindling, they waited for the

probe","After gathering dry kindling, they waited for the match

probe","After gathering dry kindling, they waited for the match, which went into extra time

probe",14,15,21,-0.8288,-1.0012,-0.5455,0.3903,0.1859,-0.3012,-0.3639,-0.1983,0.1418,0.0676,-0.0626,0.1656,0.103,-0.3401,-0.2658,True,False,False,nan,nan,23,model_internal_ready,primed,primed,primed,primed,primed,primed,primed,primed,boundary
FacebookAI_roberta-large,encoder,pitch,pitch_gp_01,"The investors checked the pitch, which had just been freshly mown.",1,0,1_to_0,mown,probe,"The investors checked the

probe","The investors checked the pitch

probe","The investors checked the pitch, which had just been freshly mown

probe",8,9,17,1.0714,-2.4152,1.8601,1.7338,3.6889,0.154,-0.3473,0.2675,0.2493,0.5304,-0.5013,0.6147,0.1134,0.0182,-0.263,True,True,True,nan,nan,21,model_internal_ready,correct,primed,correct,correct,primed,correct,boundary,primed,boundary
FacebookAI_roberta-large,encoder,pitch,pitch_gp_02,"She walked the investors through the pitch, careful not to scuff the fresh touchlines.",1,0,1_to_0,touchlines,probe,"She walked the investors through the

probe","She walked the investors through the pitch

probe","She walked the investors through the pitch, careful not to scuff the fresh touchlines

probe",10,11,21,1.0551,-2.9979,1.2624,0.9584,2.8344,0.1517,-0.4311,0.1815,0.1378,0.4076,-0.5828,0.6126,0.0298,0.0437,-0.226,True,True,True,nan,nan,21,model_internal_ready,correct,primed,correct,correct,primed,correct,boundary,primed,boundary
FacebookAI_roberta-large,encoder,pitch,pitch_gp_03,He reviewed the pitch and asked the groundskeeper to repaint the lines.,1,0,1_to_0,lines,probe,"He reviewed the

probe","He reviewed the pitch

probe","He reviewed the pitch and asked the groundskeeper to repaint the lines

probe",7,8,18,2.4554,1.5011,2.9478,0.5592,3.3133,0.3531,0.2158,0.4239,0.0804,0.4764,-0.1372,0.208,0.0708,0.3435,-0.0525,False,True,False,nan,nan,21,model_internal_ready,correct,correct,correct,correct,correct,correct,correct,boundary,correct
FacebookAI_roberta-large,encoder,pitch,pitch_gp_04,The investors rejected the pitch because the rain had left it waterlogged.,1,0,1_to_0,waterlogged,probe,"The investors rejected the

probe","The investors rejected the pitch

probe","The investors rejected the pitch because the rain had left it waterlogged

probe",8,9,18,1.5519,-0.1993,2.2742,2.0275,4.2957,0.2231,-0.0287,0.327,0.2915,0.6177,-0.2518,0.3557,0.1039,0.0355,-0.2907,True,True,True,nan,nan,21,model_internal_ready,correct,primed,correct,correct,boundary,correct,boundary,boundary,correct
FacebookAI_roberta-large,encoder,pitch,pitch_gp_05,"The investors asked to see the pitch, so the groundskeeper led them onto it.",1,0,1_to_0,groundskeeper,probe,"The investors asked to see the

probe","The investors asked to see the pitch

probe","The investors asked to see the pitch, so the groundskeeper

probe",10,11,16,1.0635,-1.5365,1.0941,3.0541,1.9244,0.1529,-0.2209,0.1573,0.4391,0.2767,-0.3738,0.3782,0.0044,-0.2818,-0.1194,True,True,True,nan,nan,21,model_internal_ready,correct,primed,correct,correct,primed,correct,boundary,boundary,boundary
FacebookAI_roberta-large,encoder,pitch,pitch_gp_06,The board reviewed the pitch until a groundskeeper asked them to keep off the grass.,1,0,1_to_0,grass,probe,"The board reviewed the

probe","The board reviewed the pitch

probe","The board reviewed the pitch until a groundskeeper asked them to keep off the grass

probe",8,9,20,2.0438,1.3797,3.6999,2.3363,4.1454,0.2939,0.1984,0.532,0.3359,0.5961,-0.0955,0.3336,0.2381,0.1961,-0.0641,False,True,False,nan,nan,21,model_internal_ready,correct,correct,correct,correct,correct,correct,boundary,boundary,correct
FacebookAI_roberta-large,encoder,pitch,pitch_gp_07,"Her slides were ready, but the pitch was still too wet for kickoff.",1,0,1_to_0,wet,probe,"Her slides were ready, but the

probe","Her slides were ready, but the pitch

probe","Her slides were ready, but the pitch was still too wet

probe",11,12,16,0.3966,-1.0881,0.2346,-0.0198,1.9592,0.057,-0.1565,0.0337,-0.0028,0.2817,-0.2135,0.1902,-0.0233,0.0366,-0.248,True,True,True,nan,nan,21,model_internal_ready,correct,primed,correct,boundary,primed,boundary,boundary,boundary,boundary
FacebookAI_roberta-large,encoder,pitch,pitch_gp_08,The pitch was poorly kept; the slides hadn't been updated.,0,1,0_to_1,slides,probe,"The

probe","The pitch

probe","The pitch was poorly kept; the slides

probe",5,6,12,-1.7526,-0.6814,-0.7896,-1.8398,-0.1677,-0.252,-0.098,-0.1135,-0.2645,-0.0241,0.154,-0.0156,0.1385,0.151,-0.0894,True,False,False,nan,nan,21,model_internal_ready,primed,primed,primed,primed,boundary,primed,boundary,boundary,boundary
FacebookAI_roberta-large,encoder,pitch,pitch_gp_09,The groundskeeper criticised the pitch because its market analysis lacked evidence.,0,1,0_to_1,market,probe,"The groundskeeper criticised the

probe","The groundskeeper criticised the pitch

probe","The groundskeeper criticised the pitch because its market

probe",9,10,13,-2.7772,-2.4425,-0.7104,-2.1414,0.7615,-0.3993,-0.3512,-0.1021,-0.3079,0.1095,0.0481,0.2491,0.2972,0.2058,-0.2116,True,False,False,nan,nan,21,model_internal_ready,primed,primed,primed,primed,primed,primed,primed,primed,boundary
FacebookAI_roberta-large,encoder,pitch,pitch_gp_10,The football coach discussed the pitch until the board asked about projected profits.,0,1,0_to_1,profits,probe,"The football coach discussed the

probe","The football coach discussed the pitch

probe","The football coach discussed the pitch until the board asked about projected profits

probe",9,10,17,-2.762,-2.2172,-3.3132,-2.4919,-0.0884,-0.3971,-0.3188,-0.4764,-0.3583,-0.0127,0.0783,-0.1576,-0.0793,-0.1181,-0.4637,True,False,False,nan,nan,21,model_internal_ready,primed,primed,primed,primed,primed,primed,primed,primed,primed
FacebookAI_roberta-large,encoder,pitch,pitch_gp_11,"With the goalposts still being repaired, he was puzzled by the state of the pitch, which the entrepreneur had based on outdated figures.",0,1,0_to_1,entrepreneur,probe,"With the goalposts still being repaired, he was puzzled by the state of the

probe","With the goalposts still being repaired, he was puzzled by the state of the pitch

probe","With the goalposts still being repaired, he was puzzled by the state of the pitch, which the entrepreneur

probe",20,21,25,-1.6841,-2.9534,-1.2833,1.2682,-0.702,-0.2421,-0.4247,-0.1845,0.1823,-0.1009,-0.1825,0.2401,0.0576,-0.3669,-0.0836,True,False,False,nan,nan,21,model_internal_ready,primed,primed,primed,primed,primed,primed,boundary,primed,boundary
FacebookAI_roberta-large,encoder,pitch,pitch_gp_12,The team captain revised the pitch before the investors arrived for the presentation.,0,1,0_to_1,investors,probe,"The team captain revised the

probe","The team captain revised the pitch

probe","The team captain revised the pitch before the investors

probe",9,10,13,-1.9218,-2.3092,-1.1992,-1.8284,1.4387,-0.2763,-0.332,-0.1724,-0.2629,0.2069,-0.0557,0.1596,0.1039,0.0905,-0.3793,True,False,False,nan,nan,21,model_internal_ready,primed,primed,primed,primed,primed,primed,boundary,primed,boundary
FacebookAI_roberta-large,encoder,pitch,pitch_gp_13,"The sports reporter analysed the pitch, which promised rapid growth in subscriber revenue.",0,1,0_to_1,revenue,probe,"The sports reporter analysed the

probe","The sports reporter analysed the pitch

probe","The sports reporter analysed the pitch, which promised rapid growth in subscriber revenue

probe",9,10,18,-2.869,-1.029,-1.3843,-1.0807,3.3307,-0.4125,-0.148,-0.199,-0.1554,0.4789,0.2646,-0.0511,0.2135,-0.0437,-0.678,True,False,False,nan,nan,21,model_internal_ready,primed,primed,primed,primed,primed,primed,primed,boundary,boundary
FacebookAI_roberta-large,encoder,pitch,pitch_gp_14,"While the players warmed up on their pitch, the investors were already waiting.",0,1,0_to_1,investors,probe,"While the players warmed up on their

probe","While the players warmed up on their pitch

probe","While the players warmed up on their pitch, the investors

probe",11,12,15,1.1168,-0.2885,-0.6198,-1.8327,0.0413,0.1606,-0.0415,-0.0891,-0.2635,0.0059,-0.2021,-0.0476,-0.2497,0.1744,-0.0951,True,False,False,nan,nan,21,model_internal_ready,correct,primed,primed,correct,boundary,boundary,boundary,boundary,boundary
FacebookAI_xlm-roberta-large,encoder,bank,bank_gp_01,She finished her loan application and walked to the bank to sit by the river.,1,0,1_to_0,river,probe,"She finished her loan application and walked to the

probe","She finished her loan application and walked to the bank

probe","She finished her loan application and walked to the bank to sit by the river

probe",11,12,17,0.6457,0.5824,2.5882,1.3116,2.4837,0.1361,0.1228,0.5456,0.2765,0.5236,-0.0134,0.4229,0.4095,0.2691,0.022,False,True,False,nan,nan,23,model_internal_ready,correct,correct,correct,correct,correct,correct,boundary,boundary,correct
FacebookAI_xlm-roberta-large,encoder,bank,bank_gp_02,The branch manager waited at the bank until a fish took the bait.,1,0,1_to_0,fish,probe,"The branch manager waited at the

probe","The branch manager waited at the bank

probe","The branch manager waited at the bank until a fish

probe",10,11,14,0.5028,0.4569,0.8784,1.2771,1.5815,0.106,0.0963,0.1852,0.2692,0.3334,-0.0097,0.0889,0.0792,-0.084,-0.1482,False,True,False,nan,nan,23,model_internal_ready,correct,correct,correct,correct,boundary,correct,boundary,boundary,boundary
FacebookAI_xlm-roberta-large,encoder,bank,bank_gp_03,He discussed his mortgage at the bank until a passing boat drenched him.,1,0,1_to_0,boat,probe,"He discussed his mortgage at the

probe","He discussed his mortgage at the bank

probe","He discussed his mortgage at the bank until a passing boat

probe",9,10,15,0.5014,0.3977,1.3215,0.2823,0.7767,0.1057,0.0838,0.2786,0.0595,0.1637,-0.0219,0.1947,0.1729,0.2191,0.1148,False,True,False,nan,nan,23,model_internal_ready,correct,correct,correct,correct,boundary,correct,boundary,boundary,boundary
FacebookAI_xlm-roberta-large,encoder,bank,bank_gp_04,The loan officer met her at the bank and helped her into the kayak.,1,0,1_to_0,kayak,probe,"The loan officer met her at the

probe","The loan officer met her at the bank

probe","The loan officer met her at the bank and helped her into the kayak

probe",9,10,16,1.3713,0.487,0.289,1.2898,1.9732,0.2891,0.1027,0.0609,0.2719,0.416,-0.1864,-0.0417,-0.2282,-0.211,-0.355,False,True,False,nan,nan,23,model_internal_ready,correct,correct,correct,correct,correct,boundary,boundary,boundary,boundary
FacebookAI_xlm-roberta-large,encoder,bank,bank_gp_05,He took his overdraft papers to the bank and threw them angrily into the river.,1,0,1_to_0,river,probe,"He took his overdraft papers to the

probe","He took his overdraft papers to the bank

probe","He took his overdraft papers to the bank and threw them angrily into the river

probe",12,13,23,0.3406,-0.0612,1.6278,1.3116,2.2781,0.0718,-0.0129,0.3432,0.2765,0.4802,-0.0847,0.3561,0.2714,0.0667,-0.1371,True,True,True,nan,nan,23,model_internal_ready,correct,primed,correct,boundary,boundary,correct,boundary,boundary,correct
FacebookAI_xlm-roberta-large,encoder,bank,bank_gp_06,Her account adviser met her at the bank and stripped down to his swimming trunks.,1,0,1_to_0,swimming,probe,"Her account adviser met her at the

probe","Her account adviser met her at the bank

probe","Her account adviser met her at the bank and stripped down to his swimming

probe",10,11,18,1.4213,0.2903,1.6095,1.3354,1.3612,0.2996,0.0612,0.3393,0.2815,0.287,-0.2384,0.2781,0.0397,0.0578,0.0523,False,True,False,nan,nan,23,model_internal_ready,correct,correct,correct,correct,boundary,correct,boundary,boundary,correct
FacebookAI_xlm-roberta-large,encoder,bank,bank_gp_07,The mortgage broker suggested they meet at the bank and paddle into the sunset together.,1,0,1_to_0,paddle,probe,"The mortgage broker suggested they meet at the

probe","The mortgage broker suggested they meet at the bank

probe","The mortgage broker suggested they meet at the bank and paddle

probe",11,12,15,0.3118,0.0004,0.8174,1.3533,2.1513,0.0657,0.0001,0.1723,0.2853,0.4535,-0.0656,0.1722,0.1066,-0.113,-0.2812,False,True,False,nan,nan,23,model_internal_ready,correct,correct,correct,boundary,boundary,correct,boundary,boundary,boundary
FacebookAI_xlm-roberta-large,encoder,bank,bank_gp_08,"After checking the river level, she waited at the bank until the teller called her inside.",0,1,0_to_1,teller,probe,"After checking the river level, she waited at the

probe","After checking the river level, she waited at the bank

probe","After checking the river level, she waited at the bank until the teller

probe",13,14,18,-1.8573,-1.4809,-0.0896,-1.3267,0.0466,-0.3915,-0.3122,-0.0189,-0.2797,0.0098,0.0794,0.2933,0.3726,0.2608,-0.0287,True,False,False,nan,nan,23,model_internal_ready,primed,primed,primed,primed,primed,boundary,primed,primed,boundary
FacebookAI_xlm-roberta-large,encoder,bank,bank_gp_09,"After packing away his fishing rod, he sat by the bank, until the loan officer waved him inside.",0,1,0_to_1,loan,probe,"After packing away his fishing rod, he sat by the

probe","After packing away his fishing rod, he sat by the bank

probe","After packing away his fishing rod, he sat by the bank, until the loan

probe",15,16,20,-2.0672,-1.7111,0.2849,0.8538,0.2239,-0.4358,-0.3607,0.0601,0.18,0.0472,0.0751,0.4208,0.4958,-0.1199,0.0129,True,True,True,nan,nan,23,model_internal_ready,primed,primed,correct,primed,primed,boundary,primed,primed,boundary
FacebookAI_xlm-roberta-large,encoder,bank,bank_gp_10,The canoe guide pointed toward the bank as the cashier locked the front doors.,0,1,0_to_1,cashier,probe,"The canoe guide pointed toward the

probe","The canoe guide pointed toward the bank

probe","The canoe guide pointed toward the bank as the cashier

probe",11,12,16,-1.8514,-1.5461,-0.3698,-1.2729,0.0921,-0.3903,-0.3259,-0.078,-0.2683,0.0194,0.0644,0.248,0.3123,0.1904,-0.0974,True,False,False,nan,nan,23,model_internal_ready,primed,primed,primed,primed,primed,boundary,primed,primed,boundary
FacebookAI_xlm-roberta-large,encoder,bank,bank_gp_11,"Following the river path, they stopped at the bank to open a business account.",0,1,0_to_1,account,probe,"Following the river path, they stopped at the

probe","Following the river path, they stopped at the bank

probe","Following the river path, they stopped at the bank to open a business account

probe",12,13,18,-1.1548,-1.2287,-0.0003,-1.268,0.0852,-0.2434,-0.259,-0.0001,-0.2673,0.018,-0.0156,0.259,0.2434,0.2672,-0.018,True,False,False,nan,nan,23,model_internal_ready,primed,primed,primed,primed,primed,boundary,boundary,boundary,boundary
FacebookAI_xlm-roberta-large,encoder,bank,bank_gp_12,The flood inspector photographed the bank before its cash machine was replaced.,0,1,0_to_1,cash,probe,"The flood inspector photographed the

probe","The flood inspector photographed the bank

probe","The flood inspector photographed the bank before its cash

probe",8,9,12,-1.2945,-0.5364,-1.3669,-1.2828,-1.3792,-0.2729,-0.1131,-0.2882,-0.2704,-0.2907,0.1598,-0.1751,-0.0153,-0.0177,0.0026,True,False,False,nan,nan,23,model_internal_ready,primed,primed,primed,primed,primed,primed,boundary,boundary,boundary
FacebookAI_xlm-roberta-large,encoder,bank,bank_gp_13,The kayaker returned to the bank because the mortgage adviser had left a message.,0,1,0_to_1,mortgage,probe,"The kayaker returned to the

probe","The kayaker returned to the bank

probe","The kayaker returned to the bank because the mortgage

probe",8,9,12,-1.0038,-0.1247,-0.2416,0.7251,-0.2468,-0.2116,-0.0263,-0.0509,0.1528,-0.052,0.1853,-0.0246,0.1607,-0.2038,0.0011,True,False,False,nan,nan,23,model_internal_ready,primed,primed,primed,primed,boundary,boundary,boundary,boundary,boundary
FacebookAI_xlm-roberta-large,encoder,bank,bank_gp_14,"After rowing practice, she returned to the bank because the vault alarm had sounded.",0,1,0_to_1,vault,probe,"After rowing practice, she returned to the

probe","After rowing practice, she returned to the bank

probe","After rowing practice, she returned to the bank because the vault

probe",11,12,16,-1.4763,-0.2136,-0.6709,-1.2622,-0.9365,-0.3112,-0.045,-0.1414,-0.2661,-0.1974,0.2662,-0.0964,0.1698,0.1246,0.056,True,False,False,nan,nan,23,model_internal_ready,primed,primed,primed,primed,boundary,primed,primed,boundary,boundary
FacebookAI_xlm-roberta-large,encoder,bark,bark_gp_01,"The dog warden investigated the bark, which was peeling from the old elm.",0,1,0_to_1,elm,probe,"The dog warden investigated the

probe","The dog warden investigated the bark

probe","The dog warden investigated the bark, which was peeling from the old elm

probe",9,11,20,0.3237,0.8161,1.5122,0.0466,1.391,0.1,0.2522,0.4674,0.0144,0.4299,0.1522,0.2151,0.3673,0.453,0.0375,False,True,False,nan,nan,21,model_internal_ready,correct,correct,correct,correct,correct,correct,boundary,boundary,correct
FacebookAI_xlm-roberta-large,encoder,bark,bark_gp_02,The dog trainer studied the bark until she found beetles crawling underneath it.,0,1,0_to_1,beetles,probe,"The dog trainer studied the

probe","The dog trainer studied the bark

probe","The dog trainer studied the bark until she found beetles

probe",8,10,16,0.701,1.2203,0.6069,0.065,0.5364,0.2167,0.3772,0.1876,0.0201,0.1658,0.1605,-0.1896,-0.0291,0.1675,0.0218,False,True,False,nan,nan,21,model_internal_ready,correct,correct,correct,correct,correct,correct,boundary,correct,boundary
FacebookAI_xlm-roberta-large,encoder,bark,bark_gp_03,The dog warden recorded the bark before the forester stripped it from the tree.,0,1,0_to_1,tree,probe,"The dog warden recorded the

probe","The dog warden recorded the bark

probe","The dog warden recorded the bark before the forester stripped it from the tree

probe",9,11,21,0.2582,0.7711,1.55,0.0519,1.5781,0.0798,0.2383,0.4791,0.016,0.4877,0.1585,0.2407,0.3993,0.463,-0.0087,False,True,False,nan,nan,21,model_internal_ready,correct,correct,correct,boundary,correct,correct,boundary,boundary,correct
FacebookAI_xlm-roberta-large,encoder,bark,bark_gp_04,The neighbour complained about the bark until the wind tore it from the birch.,0,1,0_to_1,birch,probe,"The neighbour complained about the

probe","The neighbour complained about the bark

probe","The neighbour complained about the bark until the wind tore it from the birch

probe",10,12,22,0.2637,0.8496,1.5927,0.0593,1.7766,0.0815,0.2626,0.4923,0.0183,0.5491,0.1811,0.2297,0.4107,0.4739,-0.0568,False,True,False,nan,nan,21,model_internal_ready,correct,correct,correct,boundary,correct,correct,boundary,boundary,correct
FacebookAI_xlm-roberta-large,encoder,bark,bark_gp_05,"Beside the dog kennel, the children noticed the bark, which their father peeled from the elm.",0,1,0_to_1,elm,probe,"Beside the dog kennel, the children noticed the

probe","Beside the dog kennel, the children noticed the bark

probe","Beside the dog kennel, the children noticed the bark, which their father peeled from the elm

probe",13,15,26,0.8273,1.1521,1.5336,0.0466,1.3897,0.2557,0.3561,0.474,0.0144,0.4295,0.1004,0.1179,0.2183,0.4596,0.0445,False,True,False,nan,nan,21,model_internal_ready,correct,correct,correct,correct,correct,correct,boundary,correct,correct
FacebookAI_xlm-roberta-large,encoder,bark,bark_gp_06,"She complained to the neighbours about the bark, which an arborist later cut from the dying sycamore.",0,1,0_to_1,sycamore,probe,"She complained to the neighbours about the

probe","She complained to the neighbours about the bark

probe","She complained to the neighbours about the bark, which an arborist later cut from the dying sycamore

probe",13,15,29,0.3041,0.8034,0.987,0.0525,1.0877,0.094,0.2483,0.305,0.0162,0.3362,0.1543,0.0567,0.2111,0.2888,-0.0311,False,True,False,nan,nan,21,model_internal_ready,correct,correct,correct,boundary,correct,correct,boundary,boundary,correct
FacebookAI_xlm-roberta-large,encoder,bark,bark_gp_07,"After examining the damaged oak, she recorded the bark when the terrier began growling.",1,0,1_to_0,terrier,probe,"After examining the damaged oak, she recorded the

probe","After examining the damaged oak, she recorded the bark

probe","After examining the damaged oak, she recorded the bark when the terrier

probe",15,17,21,-0.2338,-0.9184,-0.8117,-0.0535,-1.0006,-0.0723,-0.2839,-0.2509,-0.0165,-0.3093,-0.2116,0.033,-0.1786,-0.2343,0.0584,True,False,False,nan,nan,21,model_internal_ready,primed,primed,primed,boundary,primed,primed,boundary,boundary,boundary
FacebookAI_xlm-roberta-large,encoder,bark,bark_gp_08,The arborist complained about the bark until the spaniel was taken indoors.,1,0,1_to_0,spaniel,probe,"The arborist complained about the

probe","The arborist complained about the bark

probe","The arborist complained about the bark until the spaniel

probe",9,11,15,-0.2494,-0.8263,-0.053,-0.061,0.0823,-0.0771,-0.2554,-0.0164,-0.0188,0.0254,-0.1783,0.239,0.0607,0.0024,-0.0418,True,False,False,nan,nan,21,model_internal_ready,primed,primed,primed,boundary,primed,boundary,boundary,boundary,boundary
FacebookAI_xlm-roberta-large,encoder,bark,bark_gp_09,"While cataloguing trees, the researcher analysed the bark that the puppy produced during the test.",1,0,1_to_0,puppy,probe,"While cataloguing trees, the researcher analysed the

probe","While cataloguing trees, the researcher analysed the bark

probe","While cataloguing trees, the researcher analysed the bark that the puppy

probe",15,17,20,-0.8591,-1.3795,-0.5922,-0.0555,-0.044,-0.2655,-0.4264,-0.183,-0.0171,-0.0136,-0.1609,0.2433,0.0825,-0.1659,-0.1694,True,False,False,nan,nan,21,model_internal_ready,primed,primed,primed,primed,primed,primed,boundary,primed,boundary
FacebookAI_xlm-roberta-large,encoder,bark,bark_gp_10,The lumberjack recognised the bark as soon as the dog made the noise again.,1,0,1_to_0,dog,probe,"The lumberjack recognised the

probe","The lumberjack recognised the bark

probe","The lumberjack recognised the bark as soon as the dog

probe",10,12,17,-0.1448,-1.2311,-0.1342,-0.0506,-0.471,-0.0448,-0.3805,-0.0415,-0.0156,-0.1456,-0.3358,0.339,0.0033,-0.0258,0.1041,True,False,False,nan,nan,21,model_internal_ready,primed,primed,primed,boundary,primed,boundary,boundary,primed,boundary
FacebookAI_xlm-roberta-large,encoder,bark,bark_gp_11,"Beside the timber yard, they discussed the bark until a terrier repeated it from behind the gate.",1,0,1_to_0,terrier,probe,"Beside the timber yard, they discussed the

probe","Beside the timber yard, they discussed the bark

probe","Beside the timber yard, they discussed the bark until a terrier

probe",13,15,19,-0.2218,-1.2337,-1.0416,-0.0535,-0.8821,-0.0686,-0.3813,-0.3219,-0.0165,-0.2726,-0.3127,0.0594,-0.2534,-0.3054,-0.0493,True,False,False,nan,nan,21,model_internal_ready,primed,primed,primed,boundary,primed,primed,boundary,primed,primed
FacebookAI_xlm-roberta-large,encoder,bark,bark_gp_12,The botanist tried to identify the bark before the hound made the sound a second time.,1,0,1_to_0,hound,probe,"The botanist tried to identify the

probe","The botanist tried to identify the bark

probe","The botanist tried to identify the bark before the hound

probe",9,11,15,-0.5635,-1.2044,-0.7139,-0.0759,-0.3858,-0.1742,-0.3722,-0.2206,-0.0235,-0.1192,-0.1981,0.1516,-0.0465,-0.1972,-0.1014,True,False,False,nan,nan,21,model_internal_ready,primed,primed,primed,primed,primed,primed,boundary,primed,boundary
FacebookAI_xlm-roberta-large,encoder,bark,bark_gp_13,"After the terrier woke the neighbours, she noticed the bark, where sap was seeping from the trunk.",0,1,0_to_1,sap,probe,"After the terrier woke the neighbours, she noticed the

probe","After the terrier woke the neighbours, she noticed the bark

probe","After the terrier woke the neighbours, she noticed the bark, where sap

probe",17,19,22,0.6884,1.0441,0.7242,0.0334,0.9112,0.2128,0.3227,0.2238,0.0103,0.2816,0.11,-0.0989,0.0111,0.2135,-0.0578,False,True,False,nan,nan,21,model_internal_ready,correct,correct,correct,correct,correct,correct,boundary,correct,boundary
FacebookAI_xlm-roberta-large,encoder,bark,bark_gp_14,"After inspecting the split trunk, she noted the bark that echoed across the empty yard.",1,0,1_to_0,echoed,probe,"After inspecting the split trunk, she noted the

probe","After inspecting the split trunk, she noted the bark

probe","After inspecting the split trunk, she noted the bark that echoed

probe",13,15,19,-0.4596,-1.3155,-0.2138,-0.0459,-0.1369,-0.142,-0.4066,-0.0661,-0.0142,-0.0423,-0.2645,0.3405,0.076,-0.0519,-0.0238,True,False,False,nan,nan,21,model_internal_ready,primed,primed,primed,primed,primed,boundary,boundary,primed,boundary
FacebookAI_xlm-roberta-large,encoder,bat,bat_gp_01,"He handed her the bat, which spread its wings and flew away.",0,1,0_to_1,wings,probe,"He handed her the

probe","He handed her the bat

probe","He handed her the bat, which spread its wings

probe",7,8,14,-2.014,-2.0133,0.0366,-1.7713,-2.0383,-0.6735,-0.6732,0.0122,-0.5923,-0.6816,0.0002,0.6855,0.6857,0.6046,0.6938,True,True,True,nan,nan,21,model_internal_ready,primed,primed,correct,primed,primed,boundary,primed,primed,boundary
FacebookAI_xlm-roberta-large,encoder,bat,bat_gp_02,"After practice, he carried the bat into the shed, where it hung upside down from a rafter.",0,1,0_to_1,rafter,probe,"After practice, he carried the

probe","After practice, he carried the bat

probe","After practice, he carried the bat into the shed, where it hung upside down from a rafter

probe",8,9,24,-2.0224,0.0749,0.392,-1.6177,0.3032,-0.6763,0.025,0.1311,-0.541,0.1014,0.7013,0.106,0.8074,0.672,0.0297,False,True,False,nan,nan,21,model_internal_ready,primed,correct,correct,primed,boundary,correct,primed,boundary,boundary
FacebookAI_xlm-roberta-large,encoder,bat,bat_gp_03,"She reached for the bat beside the wicket, but it shrieked and flew away.",0,1,0_to_1,shrieked,probe,"She reached for the

probe","She reached for the bat

probe","She reached for the bat beside the wicket, but it shrieked

probe",6,7,19,-2.0047,-2.0134,0.1319,-1.5306,0.133,-0.6704,-0.6733,0.0441,-0.5118,0.0445,-0.0029,0.7174,0.7145,0.5559,-0.0004,True,True,True,nan,nan,21,model_internal_ready,primed,primed,correct,primed,primed,boundary,primed,primed,boundary
FacebookAI_xlm-roberta-large,encoder,bat,bat_gp_04,"The umpire inspected the bat, which bit his finger and flew over the boundary.",0,1,0_to_1,flew,probe,"The umpire inspected the

probe","The umpire inspected the bat

probe","The umpire inspected the bat, which bit his finger and flew

probe",8,9,17,-2.0094,-0.1232,0.0638,-1.7046,0.1466,-0.6719,-0.0412,0.0213,-0.57,0.049,0.6308,0.0625,0.6933,0.5913,-0.0277,True,True,True,nan,nan,21,model_internal_ready,primed,primed,correct,primed,boundary,boundary,primed,boundary,boundary
FacebookAI_xlm-roberta-large,encoder,bat,bat_gp_05,"The player reached into the kit bag for the bat, which unfurled its wings and clung to his sleeve.",0,1,0_to_1,wings,probe,"The player reached into the kit bag for the

probe","The player reached into the kit bag for the bat

probe","The player reached into the kit bag for the bat, which unfurled its wings

probe",11,12,20,0.0388,0.0046,-2.0402,-1.7734,-2.0337,0.013,0.0015,-0.6822,-0.593,-0.6801,-0.0114,-0.6838,-0.6952,-0.0892,-0.0022,False,False,False,nan,nan,21,model_internal_ready,correct,correct,primed,boundary,boundary,primed,boundary,boundary,primed
FacebookAI_xlm-roberta-large,encoder,bat,bat_gp_06,"She locked the bat in the equipment room, but by morning it was sleeping upside down from the ceiling.",0,1,0_to_1,sleeping,probe,"She locked the

probe","She locked the bat

probe","She locked the bat in the equipment room, but by morning it was sleeping

probe",6,7,18,-2.026,-2.0127,0.7164,-1.7863,0.7449,-0.6775,-0.6731,0.2396,-0.5973,0.2491,0.0044,0.9126,0.917,0.8369,-0.0095,True,True,True,nan,nan,21,model_internal_ready,primed,primed,correct,primed,primed,correct,primed,primed,boundary
FacebookAI_xlm-roberta-large,encoder,bat,bat_gp_07,"The boy tucked the bat under his arm, but it wriggled free and flew into the rafters.",0,1,0_to_1,rafters,probe,"The boy tucked the

probe","The boy tucked the bat

probe","The boy tucked the bat under his arm, but it wriggled free and flew into the rafters

probe",7,8,25,-2.0265,-2.0022,0.5851,-1.6943,0.7253,-0.6777,-0.6695,0.1957,-0.5666,0.2425,0.0081,0.8652,0.8734,0.7622,-0.0469,True,True,True,nan,nan,21,model_internal_ready,primed,primed,correct,primed,primed,correct,primed,primed,boundary
FacebookAI_xlm-roberta-large,encoder,bat,bat_gp_08,"After monitoring the cave all night, she carried the bat until the batter asked for it back.",1,0,1_to_0,batter,probe,"After monitoring the cave all night, she carried the

probe","After monitoring the cave all night, she carried the bat

probe","After monitoring the cave all night, she carried the bat until the batter

probe",12,13,17,0.174,0.2618,-0.01,1.5896,0.0146,0.0582,0.0875,-0.0034,0.5316,0.0049,0.0293,-0.0909,-0.0615,-0.5349,-0.0082,False,False,False,nan,nan,21,model_internal_ready,correct,correct,primed,boundary,boundary,boundary,boundary,boundary,boundary
FacebookAI_xlm-roberta-large,encoder,bat,bat_gp_09,The wildlife officer inspected the bat before the umpire ruled it illegal.,1,0,1_to_0,umpire,probe,"The wildlife officer inspected the

probe","The wildlife officer inspected the bat

probe","The wildlife officer inspected the bat before the umpire

probe",9,10,14,0.0594,0.157,0.3775,1.639,0.2933,0.0199,0.0525,0.1262,0.5481,0.0981,0.0327,0.0737,0.1064,-0.4218,0.0282,False,True,False,nan,nan,21,model_internal_ready,correct,correct,correct,boundary,boundary,correct,boundary,boundary,boundary
FacebookAI_xlm-roberta-large,encoder,bat,bat_gp_10,The zoologist photographed the bat that the batsman had cracked during practice.,1,0,1_to_0,batsman,probe,"The zoologist photographed the

probe","The zoologist photographed the bat

probe","The zoologist photographed the bat that the batsman

probe",8,9,13,-0.3143,-0.0272,-0.1153,1.6889,-0.0197,-0.1051,-0.0091,-0.0386,0.5648,-0.0066,0.096,-0.0295,0.0665,-0.6033,-0.032,True,False,False,nan,nan,21,model_internal_ready,primed,primed,primed,primed,boundary,boundary,boundary,boundary,boundary
FacebookAI_xlm-roberta-large,encoder,bat,bat_gp_11,The cave guide returned the bat to the coach's equipment bag.,1,0,1_to_0,coach,probe,"The cave guide returned the

probe","The cave guide returned the bat

probe","The cave guide returned the bat to the coach

probe",7,8,11,0.2035,0.2652,0.0418,1.7313,-0.0146,0.068,0.0887,0.014,0.5789,-0.0049,0.0206,-0.0747,-0.0541,-0.565,0.0188,False,True,False,nan,nan,21,model_internal_ready,correct,correct,correct,boundary,boundary,boundary,boundary,boundary,boundary
FacebookAI_xlm-roberta-large,encoder,bat,bat_gp_12,"At dusk, the ranger spotted the bat lying beside the wicket.",1,0,1_to_0,wicket,probe,"At dusk, the ranger spotted the

probe","At dusk, the ranger spotted the bat

probe","At dusk, the ranger spotted the bat lying beside the wicket

probe",11,12,20,-0.2159,-0.096,-0.5743,1.8198,-0.4946,-0.0722,-0.0321,-0.192,0.6086,-0.1654,0.0401,-0.1599,-0.1198,-0.8006,-0.0266,True,False,False,nan,nan,21,model_internal_ready,primed,primed,primed,boundary,boundary,primed,boundary,boundary,boundary
FacebookAI_xlm-roberta-large,encoder,bat,bat_gp_13,The conservationist tagged the bat before the slugger took it to home plate.,1,0,1_to_0,slugger,probe,"The conservationist tagged the

probe","The conservationist tagged the bat

probe","The conservationist tagged the bat before the slugger

probe",8,9,13,0.2891,0.2014,2.0119,1.7466,2.0144,0.0967,0.0674,0.6728,0.5841,0.6736,-0.0293,0.6054,0.5761,0.0887,-0.0008,False,True,False,nan,nan,21,model_internal_ready,correct,correct,correct,boundary,boundary,correct,boundary,boundary,correct
FacebookAI_xlm-roberta-large,encoder,bat,bat_gp_14,The cave researcher found the bat before the pitcher asked to use it during warm-up.,1,0,1_to_0,pitcher,probe,"The cave researcher found the

probe","The cave researcher found the bat

probe","The cave researcher found the bat before the pitcher

probe",8,9,13,-0.4916,0.1289,-0.0614,1.8029,0.0582,-0.1644,0.0431,-0.0205,0.6029,0.0195,0.2075,-0.0636,0.1439,-0.6234,-0.04,False,False,False,nan,nan,21,model_internal_ready,primed,correct,primed,primed,boundary,boundary,boundary,boundary,boundary
FacebookAI_xlm-roberta-large,encoder,crane,crane_gp_01,The site manager watched the crane step into the reeds.,1,0,1_to_0,reeds,probe,"The site manager watched the

probe","The site manager watched the crane

probe","The site manager watched the crane step into the reeds

probe",7,9,13,-0.4848,-0.793,-0.5562,-0.457,-0.558,-0.1394,-0.228,-0.1599,-0.1314,-0.1604,-0.0886,0.0681,-0.0205,-0.0285,0.0005,True,False,False,nan,nan,21,model_internal_ready,primed,primed,primed,primed,primed,primed,boundary,boundary,boundary
FacebookAI_xlm-roberta-large,encoder,crane,crane_gp_02,The operator waited beside the crane until it spread its wings and flew over the scaffolding.,1,0,1_to_0,wings,probe,"The operator waited beside the

probe","The operator waited beside the crane

probe","The operator waited beside the crane until it spread its wings

probe",9,11,17,-0.7746,-0.5947,-0.6494,-0.482,-0.372,-0.2227,-0.171,-0.1867,-0.1386,-0.107,0.0517,-0.0157,0.036,-0.0481,-0.0797,True,False,False,nan,nan,21,model_internal_ready,primed,primed,primed,primed,primed,primed,boundary,boundary,boundary
FacebookAI_xlm-roberta-large,encoder,crane,crane_gp_03,"The foreman pointed to the crane, which dipped its beak into the drainage ditch.",1,0,1_to_0,beak,probe,"The foreman pointed to the

probe","The foreman pointed to the crane

probe","The foreman pointed to the crane, which dipped its beak

probe",9,11,18,-0.6652,-0.5875,-0.6148,-0.5187,-0.6043,-0.1913,-0.1689,-0.1768,-0.1491,-0.1737,0.0223,-0.0078,0.0145,-0.0276,-0.003,True,False,False,nan,nan,21,model_internal_ready,primed,primed,primed,primed,primed,primed,boundary,boundary,boundary
FacebookAI_xlm-roberta-large,encoder,crane,crane_gp_04,"The safety inspector examined the crane, which tucked its head beneath one wing.",1,0,1_to_0,wing,probe,"The safety inspector examined the

probe","The safety inspector examined the crane

probe","The safety inspector examined the crane, which tucked its head beneath one wing

probe",8,10,21,-0.5639,-0.6199,-0.6838,-0.462,-0.6688,-0.1621,-0.1782,-0.1966,-0.1328,-0.1923,-0.0161,-0.0184,-0.0345,-0.0638,-0.0043,True,False,False,nan,nan,21,model_internal_ready,primed,primed,primed,primed,primed,primed,boundary,boundary,boundary
FacebookAI_xlm-roberta-large,encoder,crane,crane_gp_05,"The steelworkers watched the crane arrive, fold its legs, and begin to preen.",1,0,1_to_0,preen,probe,"The steelworkers watched the

probe","The steelworkers watched the crane

probe","The steelworkers watched the crane arrive, fold its legs, and begin to preen

probe",8,10,23,-0.6683,-0.5538,-1.0709,-0.5282,-0.9208,-0.1921,-0.1592,-0.3079,-0.1519,-0.2647,0.0329,-0.1486,-0.1158,-0.156,-0.0431,True,False,False,nan,nan,21,model_internal_ready,primed,primed,primed,primed,primed,primed,boundary,boundary,primed
FacebookAI_xlm-roberta-large,encoder,crane,crane_gp_06,"The contractor followed the crane to the drainage ditch, where it speared a fish.",1,0,1_to_0,fish,probe,"The contractor followed the

probe","The contractor followed the crane

probe","The contractor followed the crane to the drainage ditch, where it speared a fish

probe",7,9,24,-0.5217,-0.5207,-0.6631,-0.4351,-0.5991,-0.15,-0.1497,-0.1906,-0.1251,-0.1723,0.0003,-0.0409,-0.0406,-0.0655,-0.0184,True,False,False,nan,nan,21,model_internal_ready,primed,primed,primed,primed,primed,primed,boundary,boundary,boundary
FacebookAI_xlm-roberta-large,encoder,crane,crane_gp_07,The ornithologist watched the crane until the operator lifted a steel girder.,0,1,0_to_1,operator,probe,"The ornithologist watched the

probe","The ornithologist watched the crane

probe","The ornithologist watched the crane until the operator

probe",9,11,14,0.5478,0.7761,0.5848,0.4619,0.6813,0.1575,0.2231,0.1681,0.1328,0.1959,0.0656,-0.055,0.0106,0.0353,-0.0278,False,True,False,nan,nan,21,model_internal_ready,correct,correct,correct,correct,correct,correct,boundary,boundary,boundary
FacebookAI_xlm-roberta-large,encoder,crane,crane_gp_08,The birdwatcher pointed to the crane as it raised a pallet above the roof.,0,1,0_to_1,pallet,probe,"The birdwatcher pointed to the

probe","The birdwatcher pointed to the crane

probe","The birdwatcher pointed to the crane as it raised a pallet

probe",11,13,19,0.8634,0.8501,1.0087,0.4864,1.159,0.2482,0.2444,0.29,0.1399,0.3332,-0.0038,0.0456,0.0418,0.1502,-0.0432,False,True,False,nan,nan,21,model_internal_ready,correct,correct,correct,correct,correct,correct,boundary,boundary,boundary
FacebookAI_xlm-roberta-large,encoder,crane,crane_gp_09,"The ornithologists tracked the crane to the site, where it hoisted concrete panels.",0,1,0_to_1,hoisted,probe,"The ornithologists tracked the

probe","The ornithologists tracked the crane

probe","The ornithologists tracked the crane to the site, where it hoisted

probe",11,13,21,0.4494,0.6348,0.8232,0.4756,0.8433,0.1292,0.1825,0.2367,0.1367,0.2425,0.0533,0.0542,0.1075,0.1,-0.0058,False,True,False,nan,nan,21,model_internal_ready,correct,correct,correct,correct,correct,correct,boundary,boundary,boundary
FacebookAI_xlm-roberta-large,encoder,crane,crane_gp_10,The wildlife photographer examined the crane while the foreman attached a load to its hook.,0,1,0_to_1,hook,probe,"The wildlife photographer examined the

probe","The wildlife photographer examined the crane

probe","The wildlife photographer examined the crane while the foreman attached a load to its hook

probe",10,12,22,0.4581,0.7258,0.7305,0.4946,1.0427,0.1317,0.2087,0.21,0.1422,0.2998,0.077,0.0014,0.0783,0.0678,-0.0898,False,True,False,nan,nan,21,model_internal_ready,correct,correct,correct,correct,correct,correct,boundary,boundary,boundary
FacebookAI_xlm-roberta-large,encoder,crane,crane_gp_11,The ecologist reported the crane whose hydraulic boom had jammed above the road.,0,1,0_to_1,hydraulic,probe,"The ecologist reported the

probe","The ecologist reported the crane

probe","The ecologist reported the crane whose hydraulic

probe",7,9,12,0.5499,0.5649,0.5057,0.5489,0.5203,0.1581,0.1624,0.1454,0.1578,0.1496,0.0043,-0.017,-0.0127,-0.0124,-0.0042,False,True,False,nan,nan,21,model_internal_ready,correct,correct,correct,correct,correct,correct,boundary,boundary,boundary
FacebookAI_xlm-roberta-large,encoder,crane,crane_gp_12,The ranger photographed the crane before the construction crew dismantled it.,0,1,0_to_1,construction,probe,"The ranger photographed the

probe","The ranger photographed the crane

probe","The ranger photographed the crane before the construction

probe",7,9,12,0.5759,0.5779,0.9275,-0.5425,0.7973,0.1656,0.1661,0.2667,-0.156,0.2292,0.0006,0.1005,0.1011,0.4226,0.0374,False,True,False,nan,nan,21,model_internal_ready,correct,correct,correct,correct,correct,correct,boundary,boundary,boundary
FacebookAI_xlm-roberta-large,encoder,crane,crane_gp_13,"After counting the nesting birds, the ranger photographed the crane as its cable lifted a generator.",0,1,0_to_1,cable,probe,"After counting the nesting birds, the ranger photographed the

probe","After counting the nesting birds, the ranger photographed the crane

probe","After counting the nesting birds, the ranger photographed the crane as its cable

probe",16,18,21,0.7745,0.7928,0.528,0.4612,0.4449,0.2227,0.2279,0.1518,0.1326,0.1279,0.0053,-0.0761,-0.0709,0.0192,0.0239,False,True,False,nan,nan,21,model_internal_ready,correct,correct,correct,correct,correct,correct,boundary,boundary,boundary
FacebookAI_xlm-roberta-large,encoder,crane,crane_gp_14,"After inspecting the construction equipment, the engineer watched the crane as it swallowed a frog.",1,0,1_to_0,swallowed,probe,"After inspecting the construction equipment, the engineer watched the

probe","After inspecting the construction equipment, the engineer watched the crane

probe","After inspecting the construction equipment, the engineer watched the crane as it swallowed

probe",13,15,20,-0.6106,-0.8598,-0.9398,-0.5202,-0.779,-0.1756,-0.2472,-0.2702,-0.1496,-0.224,-0.0716,-0.023,-0.0947,-0.1206,-0.0462,True,False,False,nan,nan,21,model_internal_ready,primed,primed,primed,primed,primed,primed,boundary,boundary,boundary
FacebookAI_xlm-roberta-large,encoder,spring,spring_gp_01,"They waited all winter for the spring, which finally bubbled from the rocks.",0,1,0_to_1,bubbled,probe,"They waited all winter for the

probe","They waited all winter for the spring

probe","They waited all winter for the spring, which finally bubbled

probe",9,10,16,0.4248,0.083,-0.5962,1.6949,-0.0542,0.1137,0.0222,-0.1596,0.4538,-0.0145,-0.0915,-0.1818,-0.2733,-0.6134,-0.1451,False,False,False,nan,nan,13,model_internal_ready,correct,correct,primed,correct,boundary,primed,boundary,boundary,boundary
FacebookAI_xlm-roberta-large,encoder,spring,spring_gp_02,"After the harsh winter, the villagers celebrated the spring until it ran dry.",0,1,0_to_1,dry,probe,"After the harsh winter, the villagers celebrated the

probe","After the harsh winter, the villagers celebrated the spring

probe","After the harsh winter, the villagers celebrated the spring until it ran dry

probe",14,15,19,0.2285,-0.219,0.5088,1.4885,0.6974,0.0612,-0.0586,0.1362,0.3985,0.1867,-0.1198,0.1948,0.075,-0.2623,-0.0505,True,True,True,nan,nan,13,model_internal_ready,correct,primed,correct,boundary,boundary,correct,boundary,boundary,boundary
FacebookAI_xlm-roberta-large,encoder,spring,spring_gp_03,The valley welcomed the spring until it swept away the pasture fence.,0,1,0_to_1,swept,probe,"The valley welcomed the

probe","The valley welcomed the spring

probe","The valley welcomed the spring until it swept

probe",8,9,13,-0.0115,-0.2563,-0.9787,1.5464,-0.549,-0.0031,-0.0686,-0.262,0.414,-0.147,-0.0655,-0.1934,-0.2589,-0.6761,-0.115,True,False,False,nan,nan,13,model_internal_ready,primed,primed,primed,boundary,boundary,primed,boundary,boundary,boundary
FacebookAI_xlm-roberta-large,encoder,spring,spring_gp_04,"The children hurried outside to see the spring, then knelt to drink from it.",0,1,0_to_1,drink,probe,"The children hurried outside to see the

probe","The children hurried outside to see the spring

probe","The children hurried outside to see the spring, then knelt to drink

probe",10,11,17,0.2501,-0.1858,0.2016,1.5566,0.4558,0.0669,-0.0497,0.054,0.4168,0.122,-0.1167,0.1037,-0.013,-0.3628,-0.068,True,True,True,nan,nan,13,model_internal_ready,correct,primed,correct,boundary,boundary,boundary,boundary,boundary,boundary
FacebookAI_xlm-roberta-large,encoder,spring,spring_gp_05,"After months without water, they prayed for the spring, which arrived with blossoms and longer days.",1,0,1_to_0,blossoms,probe,"After months without water, they prayed for the

probe","After months without water, they prayed for the spring

probe","After months without water, they prayed for the spring, which arrived with blossoms

probe",13,14,22,-0.4153,-0.1712,-0.5412,0.7809,-0.4847,-0.1112,-0.0458,-0.1449,0.2091,-0.1298,0.0654,-0.0991,-0.0337,-0.354,-0.0151,True,False,False,nan,nan,13,model_internal_ready,primed,primed,primed,primed,boundary,primed,boundary,boundary,boundary
FacebookAI_xlm-roberta-large,encoder,spring,spring_gp_06,"The estate expected the spring in March, but the surveyor found it bubbling beneath the old wall.",0,1,0_to_1,bubbling,probe,"The estate expected the

probe","The estate expected the spring

probe","The estate expected the spring in March, but the surveyor found it bubbling

probe",6,7,19,2.2323,2.2562,0.8735,1.6605,0.8337,0.5977,0.6041,0.2339,0.4446,0.2232,0.0064,-0.3702,-0.3638,-0.2107,0.0106,False,True,False,nan,nan,13,model_internal_ready,correct,correct,correct,correct,correct,correct,correct,correct,boundary
FacebookAI_xlm-roberta-large,encoder,spring,spring_gp_07,"After testing the village well, they waited for the spring, when the orchards would bloom.",1,0,1_to_0,orchards,probe,"After testing the village well, they waited for the

probe","After testing the village well, they waited for the spring

probe","After testing the village well, they waited for the spring, when the orchards

probe",13,14,20,-0.3244,-0.3043,-1.0885,-1.6415,-0.9488,-0.0869,-0.0815,-0.2914,-0.4395,-0.254,0.0054,-0.21,-0.2046,0.1481,-0.0374,True,False,False,nan,nan,13,model_internal_ready,primed,primed,primed,boundary,boundary,primed,boundary,boundary,boundary
FacebookAI_xlm-roberta-large,encoder,spring,spring_gp_08,The hydrologist predicted the spring would bring warmer days to the valley.,1,0,1_to_0,warmer,probe,"The hydrologist predicted the

probe","The hydrologist predicted the spring

probe","The hydrologist predicted the spring would bring warmer

probe",8,9,13,-0.4846,-0.1925,0.333,-1.6052,0.4896,-0.1297,-0.0516,0.0892,-0.4298,0.1311,0.0782,0.1407,0.2189,0.5189,-0.0419,True,True,True,nan,nan,13,model_internal_ready,primed,primed,correct,primed,boundary,boundary,boundary,boundary,boundary
FacebookAI_xlm-roberta-large,encoder,spring,spring_gp_09,"During the drought survey, she wrote about the spring that began with late snowstorms.",1,0,1_to_0,snowstorms,probe,"During the drought survey, she wrote about the

probe","During the drought survey, she wrote about the spring

probe","During the drought survey, she wrote about the spring that began with late snowstorms

probe",12,13,20,-0.2595,-0.0276,-0.6583,0.9063,-0.6433,-0.0695,-0.0074,-0.1762,0.2426,-0.1722,0.0621,-0.1688,-0.1068,-0.4189,-0.004,True,False,False,nan,nan,13,model_internal_ready,primed,primed,primed,boundary,boundary,primed,boundary,boundary,boundary
FacebookAI_xlm-roberta-large,encoder,spring,spring_gp_10,"After mapping the underground water, they prepared for the spring by ordering seeds.",1,0,1_to_0,seeds,probe,"After mapping the underground water, they prepared for the

probe","After mapping the underground water, they prepared for the spring

probe","After mapping the underground water, they prepared for the spring by ordering seeds

probe",14,15,21,-0.6203,-0.4909,-0.8236,0.7544,-0.6619,-0.1661,-0.1314,-0.2205,0.202,-0.1772,0.0346,-0.0891,-0.0544,-0.4225,-0.0433,True,False,False,nan,nan,13,model_internal_ready,primed,primed,primed,primed,primed,primed,boundary,boundary,boundary
FacebookAI_xlm-roberta-large,encoder,spring,spring_gp_11,"After celebrating the end of winter, the villagers welcomed the spring, which supplied their drinking water throughout the drought.",0,1,0_to_1,water,probe,"After celebrating the end of winter, the villagers welcomed the

probe","After celebrating the end of winter, the villagers welcomed the spring

probe","After celebrating the end of winter, the villagers welcomed the spring, which supplied their drinking water

probe",16,17,25,0.6523,0.4515,0.7824,1.4778,1.0229,0.1746,0.1209,0.2095,0.3957,0.2739,-0.0538,0.0886,0.0348,-0.1862,-0.0644,False,True,False,nan,nan,13,model_internal_ready,correct,correct,correct,correct,correct,correct,boundary,boundary,boundary
FacebookAI_xlm-roberta-large,encoder,spring,spring_gp_12,"After pruning the orchard, she wrote about the spring that fed a stream below the ridge.",0,1,0_to_1,stream,probe,"After pruning the orchard, she wrote about the

probe","After pruning the orchard, she wrote about the spring

probe","After pruning the orchard, she wrote about the spring that fed a stream

probe",14,15,19,0.3228,0.0644,0.8346,1.5592,0.7797,0.0864,0.0172,0.2235,0.4175,0.2088,-0.0692,0.2062,0.137,-0.194,0.0147,False,True,False,nan,nan,13,model_internal_ready,correct,correct,correct,boundary,boundary,correct,boundary,boundary,boundary
FacebookAI_xlm-roberta-large,encoder,spring,spring_gp_13,"After inspecting the dried-up well, the hydrologist described the spring that arrived unusually early that year.",1,0,1_to_0,arrived,probe,"After inspecting the dried-up well, the hydrologist described the

probe","After inspecting the dried-up well, the hydrologist described the spring

probe","After inspecting the dried-up well, the hydrologist described the spring that arrived

probe",17,18,20,-0.972,-1.0276,-0.7529,-1.4197,-0.5321,-0.2602,-0.2751,-0.2016,-0.3801,-0.1425,-0.0149,0.0735,0.0586,0.1785,-0.0591,True,False,False,nan,nan,13,model_internal_ready,primed,primed,primed,primed,primed,primed,boundary,boundary,boundary
FacebookAI_xlm-roberta-large,encoder,spring,spring_gp_14,"After surveying the aquifer, the engineer described the spring that followed the coldest winter on record.",1,0,1_to_0,winter,probe,"After surveying the aquifer, the engineer described the

probe","After surveying the aquifer, the engineer described the spring

probe","After surveying the aquifer, the engineer described the spring that followed the coldest winter

probe",13,14,20,-0.5112,-0.4418,-1.0297,-1.4497,-1.0248,-0.1369,-0.1183,-0.2757,-0.3881,-0.2744,0.0186,-0.1574,-0.1388,0.1124,-0.0013,True,False,False,nan,nan,13,model_internal_ready,primed,primed,primed,primed,primed,primed,boundary,boundary,boundary
FacebookAI_xlm-roberta-large,encoder,match,match_gp_01,"The referee held up the match, then struck it against the box.",0,1,0_to_1,struck,probe,"The referee held up the

probe","The referee held up the match

probe","The referee held up the match, then struck

probe",8,9,13,1.0146,0.2441,0.6317,1.1809,0.644,0.3024,0.0728,0.1883,0.352,0.192,-0.2297,0.1155,-0.1141,-0.1637,-0.0037,False,True,False,nan,nan,20,model_internal_ready,correct,correct,correct,correct,boundary,correct,correct,boundary,boundary
FacebookAI_xlm-roberta-large,encoder,match,match_gp_02,"The boxer threw the match, which landed in the dry grass and started a fire.",0,1,0_to_1,fire,probe,"The boxer threw the

probe","The boxer threw the match

probe","The boxer threw the match, which landed in the dry grass and started a fire

probe",8,9,22,1.2742,0.4129,0.8793,1.1958,0.9546,0.3798,0.1231,0.2621,0.3565,0.2845,-0.2567,0.139,-0.1177,-0.0944,-0.0224,False,True,False,nan,nan,20,model_internal_ready,correct,correct,correct,correct,correct,correct,correct,boundary,boundary
FacebookAI_xlm-roberta-large,encoder,match,match_gp_03,"The captain cursed the match, then struck it against the box.",0,1,0_to_1,struck,probe,"The captain cursed the

probe","The captain cursed the match

probe","The captain cursed the match, then struck

probe",8,9,13,1.1797,0.2153,0.6186,1.1809,0.4872,0.3517,0.0642,0.1844,0.352,0.1452,-0.2875,0.1202,-0.1673,-0.1676,0.0392,False,True,False,nan,nan,20,model_internal_ready,correct,correct,correct,correct,boundary,correct,correct,boundary,boundary
FacebookAI_xlm-roberta-large,encoder,match,match_gp_04,The crowd watched the match until it burned out.,0,1,0_to_1,burned,probe,"The crowd watched the

probe","The crowd watched the match

probe","The crowd watched the match until it burned

probe",6,7,11,1.2664,0.1138,0.3557,1.2152,0.3106,0.3775,0.0339,0.106,0.3622,0.0926,-0.3436,0.0721,-0.2714,-0.2562,0.0134,False,True,False,nan,nan,20,model_internal_ready,correct,correct,correct,correct,boundary,correct,correct,boundary,boundary
FacebookAI_xlm-roberta-large,encoder,match,match_gp_05,"The whole town waited for the match, which the mayor struck to light the bonfire.",0,1,0_to_1,bonfire,probe,"The whole town waited for the

probe","The whole town waited for the match

probe","The whole town waited for the match, which the mayor struck to light the bonfire

probe",9,10,21,0.9249,0.151,0.5366,1.1219,0.7125,0.2757,0.045,0.16,0.3344,0.2124,-0.2307,0.1149,-0.1157,-0.1745,-0.0524,False,True,False,nan,nan,20,model_internal_ready,correct,correct,correct,correct,boundary,correct,boundary,boundary,boundary
FacebookAI_xlm-roberta-large,encoder,match,match_gp_06,"Before kickoff, the referee checked the match and put it into his pocket.",0,1,0_to_1,pocket,probe,"Before kickoff, the referee checked the

probe","Before kickoff, the referee checked the match

probe","Before kickoff, the referee checked the match and put it into his pocket

probe",12,13,19,0.7385,-0.0526,1.0793,1.1532,1.0636,0.2201,-0.0157,0.3217,0.3437,0.317,-0.2358,0.3374,0.1016,-0.022,0.0047,True,True,True,nan,nan,20,model_internal_ready,correct,primed,correct,correct,boundary,correct,boundary,boundary,correct
FacebookAI_xlm-roberta-large,encoder,match,match_gp_07,"After inspecting the burned shed, the marshal discussed the match until the referee showed the replay.",1,0,1_to_0,referee,probe,"After inspecting the burned shed, the marshal discussed the

probe","After inspecting the burned shed, the marshal discussed the match

probe","After inspecting the burned shed, the marshal discussed the match until the referee

probe",17,18,22,-0.8714,-0.6237,-0.809,-1.1493,-0.9124,-0.2597,-0.1859,-0.2411,-0.3426,-0.272,0.0738,-0.0552,0.0186,0.1015,0.0308,True,False,False,nan,nan,20,model_internal_ready,primed,primed,primed,primed,primed,primed,boundary,boundary,boundary
FacebookAI_xlm-roberta-large,encoder,match,match_gp_08,"Beside the dying campfire, they were looking for the match, which was streamed by all the major TV services.",1,0,1_to_0,streamed,probe,"Beside the dying campfire, they were looking for the

probe","Beside the dying campfire, they were looking for the match

probe","Beside the dying campfire, they were looking for the match, which was streamed

probe",15,16,21,-1.0632,-0.8161,-0.0982,-1.1911,-0.0447,-0.3169,-0.2433,-0.0293,-0.355,-0.0133,0.0736,0.214,0.2876,0.3258,-0.0159,True,False,False,nan,nan,20,model_internal_ready,primed,primed,primed,primed,primed,boundary,primed,boundary,boundary
FacebookAI_xlm-roberta-large,encoder,match,match_gp_09,The candle maker described the match that ended in a penalty shootout.,1,0,1_to_0,penalty,probe,"The candle maker described the

probe","The candle maker described the match

probe","The candle maker described the match that ended in a penalty

probe",9,10,15,-1.2605,-1.2839,-1.2942,-1.0728,-1.2756,-0.3757,-0.3827,-0.3858,-0.3198,-0.3802,-0.007,-0.0031,-0.0101,-0.066,-0.0056,True,False,False,nan,nan,20,model_internal_ready,primed,primed,primed,primed,primed,primed,primed,primed,primed
FacebookAI_xlm-roberta-large,encoder,match,match_gp_10,"Although she was soaked, the match had remained dry, and the home side won in extra time.",1,0,1_to_0,side,probe,"Although she was soaked, the

probe","Although she was soaked, the match

probe","Although she was soaked, the match had remained dry, and the home side

probe",10,11,20,-0.9595,-0.6516,-0.6037,-1.1491,-0.4333,-0.286,-0.1942,-0.1799,-0.3425,-0.1292,0.0918,0.0143,0.1061,0.1626,-0.0508,True,False,False,nan,nan,20,model_internal_ready,primed,primed,primed,primed,primed,primed,boundary,boundary,boundary
FacebookAI_xlm-roberta-large,encoder,match,match_gp_11,"In the dark, the match illuminated the entire city once the stadium lights came on.",1,0,1_to_0,stadium,probe,"In the dark, the

probe","In the dark, the match

probe","In the dark, the match illuminated the entire city once the stadium

probe",7,8,16,-1.2777,-0.9355,-0.6186,-1.1495,-0.4379,-0.3809,-0.2788,-0.1844,-0.3426,-0.1305,0.102,0.0944,0.1965,0.1582,-0.0539,True,False,False,nan,nan,20,model_internal_ready,primed,primed,primed,primed,primed,primed,primed,boundary,boundary
FacebookAI_xlm-roberta-large,encoder,match,match_gp_12,The arson investigator reconstructed the match that the home side won in extra time.,1,0,1_to_0,won,probe,"The arson investigator reconstructed the

probe","The arson investigator reconstructed the match

probe","The arson investigator reconstructed the match that the home side won

probe",10,11,16,-0.8528,-0.7772,-0.1772,-1.1245,-0.0433,-0.2542,-0.2317,-0.0528,-0.3352,-0.0129,0.0225,0.1788,0.2014,0.2824,-0.0399,True,False,False,nan,nan,20,model_internal_ready,primed,primed,primed,primed,primed,boundary,boundary,boundary,boundary
FacebookAI_xlm-roberta-large,encoder,match,match_gp_13,"With the final score still disputed, the referee examined the match until its head flared orange.",0,1,0_to_1,flared,probe,"With the final score still disputed, the referee examined the

probe","With the final score still disputed, the referee examined the match

probe","With the final score still disputed, the referee examined the match until its head flared

probe",16,17,23,0.8837,0.2744,0.4903,1.1887,0.7921,0.2634,0.0818,0.1461,0.3543,0.2361,-0.1816,0.0643,-0.1173,-0.2082,-0.09,False,True,False,nan,nan,20,model_internal_ready,correct,correct,correct,correct,boundary,correct,boundary,boundary,boundary
FacebookAI_xlm-roberta-large,encoder,match,match_gp_14,"After gathering dry kindling, they waited for the match, which went into extra time.",1,0,1_to_0,time,probe,"After gathering dry kindling, they waited for the

probe","After gathering dry kindling, they waited for the match

probe","After gathering dry kindling, they waited for the match, which went into extra time

probe",15,16,22,-0.9782,-0.6854,-0.2839,-1.1289,0.3933,-0.2916,-0.2043,-0.0846,-0.3365,0.1172,0.0873,0.1197,0.207,0.2519,-0.2019,True,False,False,nan,nan,20,model_internal_ready,primed,primed,primed,primed,primed,boundary,boundary,boundary,boundary
FacebookAI_xlm-roberta-large,encoder,pitch,pitch_gp_01,"The investors checked the pitch, which had just been freshly mown.",1,0,1_to_0,mown,probe,"The investors checked the

probe","The investors checked the pitch

probe","The investors checked the pitch, which had just been freshly mown

probe",8,9,18,0.3417,-0.4221,-1.1344,2.4549,-1.0473,0.0795,-0.0982,-0.2638,0.5709,-0.2436,-0.1776,-0.1656,-0.3433,-0.8347,-0.0203,True,False,False,nan,nan,22,model_internal_ready,correct,primed,primed,boundary,boundary,primed,boundary,boundary,boundary
FacebookAI_xlm-roberta-large,encoder,pitch,pitch_gp_02,"She walked the investors through the pitch, careful not to scuff the fresh touchlines.",1,0,1_to_0,touchlines,probe,"She walked the investors through the

probe","She walked the investors through the pitch

probe","She walked the investors through the pitch, careful not to scuff the fresh touchlines

probe",9,10,21,0.7477,0.6345,-0.3717,2.5978,-0.5328,0.1739,0.1476,-0.0865,0.6042,-0.1239,-0.0263,-0.234,-0.2603,-0.6906,0.0375,False,False,False,nan,nan,22,model_internal_ready,correct,correct,primed,correct,correct,boundary,boundary,boundary,boundary
FacebookAI_xlm-roberta-large,encoder,pitch,pitch_gp_03,He reviewed the pitch and asked the groundskeeper to repaint the lines.,1,0,1_to_0,lines,probe,"He reviewed the

probe","He reviewed the pitch

probe","He reviewed the pitch and asked the groundskeeper to repaint the lines

probe",6,7,18,2.924,-0.2235,0.1436,2.5906,-0.0613,0.68,-0.052,0.0334,0.6025,-0.0143,-0.732,0.0854,-0.6466,-0.5691,0.0476,True,True,True,nan,nan,22,model_internal_ready,correct,primed,correct,correct,boundary,boundary,correct,boundary,boundary
FacebookAI_xlm-roberta-large,encoder,pitch,pitch_gp_04,The investors rejected the pitch because the rain had left it waterlogged.,1,0,1_to_0,waterlogged,probe,"The investors rejected the

probe","The investors rejected the pitch

probe","The investors rejected the pitch because the rain had left it waterlogged

probe",9,10,19,3.0325,3.049,-1.5776,2.6013,-1.1594,0.7052,0.7091,-0.3669,0.605,-0.2696,0.0039,-1.076,-1.0721,-0.9719,-0.0973,False,False,False,nan,nan,22,model_internal_ready,correct,correct,primed,correct,correct,primed,correct,correct,primed
FacebookAI_xlm-roberta-large,encoder,pitch,pitch_gp_05,"The investors asked to see the pitch, so the groundskeeper led them onto it.",1,0,1_to_0,groundskeeper,probe,"The investors asked to see the

probe","The investors asked to see the pitch

probe","The investors asked to see the pitch, so the groundskeeper

probe",9,10,16,0.5734,-0.1896,0.2441,-0.0578,-0.3268,0.1334,-0.0441,0.0568,-0.0134,-0.076,-0.1774,0.1009,-0.0766,0.0702,0.1328,True,True,True,nan,nan,22,model_internal_ready,correct,primed,correct,correct,boundary,boundary,boundary,boundary,boundary
FacebookAI_xlm-roberta-large,encoder,pitch,pitch_gp_06,The board reviewed the pitch until a groundskeeper asked them to keep off the grass.,1,0,1_to_0,grass,probe,"The board reviewed the

probe","The board reviewed the pitch

probe","The board reviewed the pitch until a groundskeeper asked them to keep off the grass

probe",7,8,21,0.0748,-0.3778,0.6898,2.6333,0.504,0.0174,-0.0879,0.1604,0.6124,0.1172,-0.1052,0.2483,0.143,-0.452,0.0432,True,True,True,nan,nan,22,model_internal_ready,correct,primed,correct,boundary,boundary,correct,boundary,boundary,boundary
FacebookAI_xlm-roberta-large,encoder,pitch,pitch_gp_07,"Her slides were ready, but the pitch was still too wet for kickoff.",1,0,1_to_0,wet,probe,"Her slides were ready, but the

probe","Her slides were ready, but the pitch

probe","Her slides were ready, but the pitch was still too wet

probe",10,11,15,0.672,0.6478,-0.6866,2.6598,-0.7668,0.1563,0.1506,-0.1597,0.6186,-0.1783,-0.0056,-0.3103,-0.316,-0.7782,0.0187,False,False,False,nan,nan,22,model_internal_ready,correct,correct,primed,correct,correct,primed,boundary,boundary,boundary
FacebookAI_xlm-roberta-large,encoder,pitch,pitch_gp_08,The pitch was poorly kept; the slides hadn't been updated.,0,1,0_to_1,slides,probe,"The

probe","The pitch

probe","The pitch was poorly kept; the slides

probe",3,4,12,-2.7595,-2.8805,0.6279,-2.6105,0.0455,-0.6418,-0.6699,0.146,-0.6071,0.0106,-0.0281,0.8159,0.7878,0.7531,0.1354,True,True,True,nan,nan,22,model_internal_ready,primed,primed,correct,primed,primed,correct,primed,primed,boundary
FacebookAI_xlm-roberta-large,encoder,pitch,pitch_gp_09,The groundskeeper criticised the pitch because its market analysis lacked evidence.,0,1,0_to_1,market,probe,"The groundskeeper criticised the

probe","The groundskeeper criticised the pitch

probe","The groundskeeper criticised the pitch because its market

probe",9,10,13,-0.9061,-1.4474,0.826,-2.4583,0.8816,-0.2107,-0.3366,0.1921,-0.5717,0.205,-0.1259,0.5287,0.4028,0.7638,-0.0129,True,True,True,nan,nan,22,model_internal_ready,primed,primed,correct,primed,primed,correct,boundary,primed,boundary
FacebookAI_xlm-roberta-large,encoder,pitch,pitch_gp_10,The football coach discussed the pitch until the board asked about projected profits.,0,1,0_to_1,profits,probe,"The football coach discussed the

probe","The football coach discussed the pitch

probe","The football coach discussed the pitch until the board asked about projected profits

probe",8,9,18,-0.5028,-0.8222,1.438,-2.535,1.827,-0.1169,-0.1912,0.3344,-0.5895,0.4249,-0.0743,0.5256,0.4513,0.924,-0.0905,True,True,True,nan,nan,22,model_internal_ready,primed,primed,correct,primed,primed,correct,boundary,boundary,correct
FacebookAI_xlm-roberta-large,encoder,pitch,pitch_gp_11,"With the goalposts still being repaired, he was puzzled by the state of the pitch, which the entrepreneur had based on outdated figures.",0,1,0_to_1,entrepreneur,probe,"With the goalposts still being repaired, he was puzzled by the state of the

probe","With the goalposts still being repaired, he was puzzled by the state of the pitch

probe","With the goalposts still being repaired, he was puzzled by the state of the pitch, which the entrepreneur

probe",21,22,27,-1.0743,-0.7079,0.8939,-2.7318,1.238,-0.2498,-0.1646,0.2079,-0.6353,0.2879,0.0852,0.3725,0.4577,0.8432,-0.08,True,True,True,nan,nan,22,model_internal_ready,primed,primed,correct,primed,primed,correct,boundary,boundary,boundary
FacebookAI_xlm-roberta-large,encoder,pitch,pitch_gp_12,The team captain revised the pitch before the investors arrived for the presentation.,0,1,0_to_1,investors,probe,"The team captain revised the

probe","The team captain revised the pitch

probe","The team captain revised the pitch before the investors

probe",9,10,14,-2.9218,-0.5825,-0.9584,0.2843,-0.5468,-0.6795,-0.1355,-0.2229,0.0661,-0.1272,0.544,-0.0874,0.4566,-0.289,-0.0957,True,False,False,nan,nan,22,model_internal_ready,primed,primed,primed,primed,primed,primed,primed,boundary,boundary
FacebookAI_xlm-roberta-large,encoder,pitch,pitch_gp_13,"The sports reporter analysed the pitch, which promised rapid growth in subscriber revenue.",0,1,0_to_1,revenue,probe,"The sports reporter analysed the

probe","The sports reporter analysed the pitch

probe","The sports reporter analysed the pitch, which promised rapid growth in subscriber revenue

probe",8,9,20,-0.2964,-0.4902,1.79,0.0431,1.8921,-0.0689,-0.114,0.4163,0.01,0.44,-0.0451,0.5303,0.4852,0.4063,-0.0237,True,True,True,nan,nan,22,model_internal_ready,primed,primed,correct,boundary,primed,correct,boundary,boundary,correct
FacebookAI_xlm-roberta-large,encoder,pitch,pitch_gp_14,"While the players warmed up on their pitch, the investors were already waiting.",0,1,0_to_1,investors,probe,"While the players warmed up on their

probe","While the players warmed up on their pitch

probe","While the players warmed up on their pitch, the investors

probe",10,11,15,-2.9334,-0.0259,0.1135,0.2583,0.1423,-0.6822,-0.006,0.0264,0.0601,0.0331,0.6762,0.0324,0.7086,-0.0337,-0.0067,True,True,True,nan,nan,22,model_internal_ready,primed,primed,correct,primed,boundary,boundary,primed,boundary,boundary
Qwen_Qwen2.5-3B,decoder,bank,bank_gp_01,She finished her loan application and walked to the bank to sit by the river.,1,0,1_to_0,river,probe,"She finished her loan application and walked to the

probe","She finished her loan application and walked to the bank

probe","She finished her loan application and walked to the bank to sit by the river

probe",11,12,17,-0.4249,-0.6383,0.1116,0.8073,0.7027,-0.0855,-0.1284,0.0224,0.1624,0.1414,-0.0429,0.1509,0.1079,-0.14,-0.1189,True,True,True,nan,nan,7,model_internal_ready,primed,primed,correct,boundary,primed,boundary,boundary,boundary,boundary
Qwen_Qwen2.5-3B,decoder,bank,bank_gp_02,The branch manager waited at the bank until a fish took the bait.,1,0,1_to_0,fish,probe,"The branch manager waited at the

probe","The branch manager waited at the bank

probe","The branch manager waited at the bank until a fish

probe",8,9,12,-0.3195,-0.2719,0.4169,1.0403,0.8086,-0.0643,-0.0547,0.0839,0.2093,0.1627,0.0096,0.1386,0.1481,-0.1254,-0.0788,True,True,True,nan,nan,7,model_internal_ready,primed,primed,correct,boundary,boundary,boundary,boundary,boundary,boundary
Qwen_Qwen2.5-3B,decoder,bank,bank_gp_03,He discussed his mortgage at the bank until a passing boat drenched him.,1,0,1_to_0,boat,probe,"He discussed his mortgage at the

probe","He discussed his mortgage at the bank

probe","He discussed his mortgage at the bank until a passing boat

probe",8,9,13,-0.3946,-0.0106,0.3479,1.5223,0.9913,-0.0794,-0.0021,0.07,0.3063,0.1994,0.0772,0.0721,0.1494,-0.2363,-0.1295,True,True,True,nan,nan,7,model_internal_ready,primed,primed,correct,boundary,boundary,boundary,boundary,boundary,boundary
Qwen_Qwen2.5-3B,decoder,bank,bank_gp_04,The loan officer met her at the bank and helped her into the kayak.,1,0,1_to_0,kayak,probe,"The loan officer met her at the

probe","The loan officer met her at the bank

probe","The loan officer met her at the bank and helped her into the kayak

probe",9,10,16,-0.6919,-0.615,-0.0566,0.5182,0.9301,-0.1392,-0.1237,-0.0114,0.1043,0.1871,0.0155,0.1123,0.1278,-0.1156,-0.1985,True,False,False,nan,nan,7,model_internal_ready,primed,primed,primed,primed,primed,boundary,boundary,boundary,boundary
Qwen_Qwen2.5-3B,decoder,bank,bank_gp_05,He took his overdraft papers to the bank and threw them angrily into the river.,1,0,1_to_0,river,probe,"He took his overdraft papers to the

probe","He took his overdraft papers to the bank

probe","He took his overdraft papers to the bank and threw them angrily into the river

probe",10,11,18,0.0322,0.6334,0.5797,0.8115,0.9442,0.0065,0.1274,0.1166,0.1633,0.1899,0.1209,-0.0108,0.1101,-0.0466,-0.0733,False,True,False,nan,nan,7,model_internal_ready,correct,correct,correct,boundary,correct,correct,boundary,boundary,boundary
Qwen_Qwen2.5-3B,decoder,bank,bank_gp_06,Her account adviser met her at the bank and stripped down to his swimming trunks.,1,0,1_to_0,swimming,probe,"Her account adviser met her at the

probe","Her account adviser met her at the bank

probe","Her account adviser met her at the bank and stripped down to his swimming

probe",9,10,16,-0.3276,0.2887,-0.0112,1.5964,0.145,-0.0659,0.0581,-0.0023,0.3212,0.0292,0.124,-0.0603,0.0636,-0.3234,-0.0314,False,False,False,nan,nan,7,model_internal_ready,primed,correct,primed,boundary,boundary,boundary,boundary,boundary,boundary
Qwen_Qwen2.5-3B,decoder,bank,bank_gp_07,The mortgage broker suggested they meet at the bank and paddle into the sunset together.,1,0,1_to_0,paddle,probe,"The mortgage broker suggested they meet at the

probe","The mortgage broker suggested they meet at the bank

probe","The mortgage broker suggested they meet at the bank and paddle

probe",10,11,13,-0.7036,-0.3403,0.6513,0.6597,1.3811,-0.1415,-0.0685,0.131,0.1327,0.2779,0.0731,0.1995,0.2726,-0.0017,-0.1468,True,True,True,nan,nan,7,model_internal_ready,primed,primed,correct,primed,boundary,correct,boundary,boundary,boundary
Qwen_Qwen2.5-3B,decoder,bank,bank_gp_08,"After checking the river level, she waited at the bank until the teller called her inside.",0,1,0_to_1,teller,probe,"After checking the river level, she waited at the

probe","After checking the river level, she waited at the bank

probe","After checking the river level, she waited at the bank until the teller

probe",12,13,17,-0.2208,-0.322,-0.3381,-0.7404,0.2625,-0.0444,-0.0648,-0.068,-0.149,0.0528,-0.0204,-0.0032,-0.0236,0.0809,-0.1208,True,False,False,nan,nan,7,model_internal_ready,primed,primed,primed,boundary,boundary,boundary,boundary,boundary,boundary
Qwen_Qwen2.5-3B,decoder,bank,bank_gp_09,"After packing away his fishing rod, he sat by the bank, until the loan officer waved him inside.",0,1,0_to_1,loan,probe,"After packing away his fishing rod, he sat by the

probe","After packing away his fishing rod, he sat by the bank

probe","After packing away his fishing rod, he sat by the bank, until the loan

probe",13,14,18,-0.4066,-0.3935,0.7696,0.0286,1.0806,-0.0818,-0.0792,0.1548,0.0057,0.2174,0.0026,0.234,0.2366,0.1491,-0.0626,True,True,True,nan,nan,7,model_internal_ready,primed,primed,correct,boundary,boundary,correct,boundary,boundary,boundary
Qwen_Qwen2.5-3B,decoder,bank,bank_gp_10,The canoe guide pointed toward the bank as the cashier locked the front doors.,0,1,0_to_1,cashier,probe,"The canoe guide pointed toward the

probe","The canoe guide pointed toward the bank

probe","The canoe guide pointed toward the bank as the cashier

probe",8,9,12,-0.928,-1.6973,-0.8622,0.2377,-0.1299,-0.1867,-0.3415,-0.1735,0.0478,-0.0261,-0.1548,0.168,0.0132,-0.2213,-0.1473,True,False,False,nan,nan,7,model_internal_ready,primed,primed,primed,primed,primed,primed,boundary,primed,boundary
Qwen_Qwen2.5-3B,decoder,bank,bank_gp_11,"Following the river path, they stopped at the bank to open a business account.",0,1,0_to_1,account,probe,"Following the river path, they stopped at the

probe","Following the river path, they stopped at the bank

probe","Following the river path, they stopped at the bank to open a business account

probe",11,12,17,-0.5806,-0.8687,0.3154,0.5584,0.6471,-0.1168,-0.1748,0.0635,0.1123,0.1302,-0.058,0.2382,0.1803,-0.0489,-0.0667,True,True,True,nan,nan,7,model_internal_ready,primed,primed,correct,primed,primed,boundary,boundary,boundary,boundary
Qwen_Qwen2.5-3B,decoder,bank,bank_gp_12,The flood inspector photographed the bank before its cash machine was replaced.,0,1,0_to_1,cash,probe,"The flood inspector photographed the

probe","The flood inspector photographed the bank

probe","The flood inspector photographed the bank before its cash

probe",7,8,11,-0.5703,-0.9311,-0.1719,0.5002,0.6968,-0.1147,-0.1873,-0.0346,0.1006,0.1402,-0.0726,0.1527,0.0802,-0.1352,-0.1748,True,False,False,nan,nan,7,model_internal_ready,primed,primed,primed,primed,primed,boundary,boundary,boundary,boundary
Qwen_Qwen2.5-3B,decoder,bank,bank_gp_13,The kayaker returned to the bank because the mortgage adviser had left a message.,0,1,0_to_1,mortgage,probe,"The kayaker returned to the

probe","The kayaker returned to the bank

probe","The kayaker returned to the bank because the mortgage

probe",8,9,12,-0.5379,-1.1244,0.8681,-0.0205,1.2822,-0.1082,-0.2262,0.1746,-0.0041,0.2579,-0.118,0.4008,0.2829,0.1788,-0.0833,True,True,True,nan,nan,7,model_internal_ready,primed,primed,correct,primed,primed,correct,boundary,boundary,boundary
Qwen_Qwen2.5-3B,decoder,bank,bank_gp_14,"After rowing practice, she returned to the bank because the vault alarm had sounded.",0,1,0_to_1,vault,probe,"After rowing practice, she returned to the

probe","After rowing practice, she returned to the bank

probe","After rowing practice, she returned to the bank because the vault

probe",11,12,15,-0.0645,-0.1532,-0.1986,0.2089,0.2278,-0.013,-0.0308,-0.04,0.042,0.0458,-0.0179,-0.0091,-0.027,-0.082,-0.0858,True,False,False,nan,nan,7,model_internal_ready,primed,primed,primed,boundary,boundary,boundary,boundary,boundary,boundary
Qwen_Qwen2.5-3B,decoder,bark,bark_gp_01,"The dog warden investigated the bark, which was peeling from the old elm.",0,1,0_to_1,elm,probe,"The dog warden investigated the

probe","The dog warden investigated the bark

probe","The dog warden investigated the bark, which was peeling from the old elm

probe",8,9,18,0.6089,1.5969,2.205,1.1635,3.5834,0.0585,0.1534,0.2118,0.1118,0.3443,0.0949,0.0584,0.1534,0.1001,-0.1324,False,True,False,nan,nan,14,model_internal_ready,correct,correct,correct,boundary,correct,correct,boundary,boundary,boundary
Qwen_Qwen2.5-3B,decoder,bark,bark_gp_02,The dog trainer studied the bark until she found beetles crawling underneath it.,0,1,0_to_1,beetles,probe,"The dog trainer studied the

probe","The dog trainer studied the bark

probe","The dog trainer studied the bark until she found beetles

probe",7,8,13,1.2085,1.9892,2.5608,3.4341,3.8813,0.1161,0.1911,0.246,0.3299,0.3729,0.075,0.0549,0.1299,-0.0839,-0.1269,False,True,False,nan,nan,14,model_internal_ready,correct,correct,correct,correct,correct,correct,boundary,boundary,boundary
Qwen_Qwen2.5-3B,decoder,bark,bark_gp_03,The dog warden recorded the bark before the forester stripped it from the tree.,0,1,0_to_1,tree,probe,"The dog warden recorded the

probe","The dog warden recorded the bark

probe","The dog warden recorded the bark before the forester stripped it from the tree

probe",8,9,18,0.8938,1.1434,0.6003,0.4686,4.2129,0.0859,0.1099,0.0577,0.045,0.4048,0.024,-0.0522,-0.0282,0.0126,-0.3471,False,True,False,nan,nan,14,model_internal_ready,correct,correct,correct,boundary,correct,boundary,boundary,boundary,boundary
Qwen_Qwen2.5-3B,decoder,bark,bark_gp_04,The neighbour complained about the bark until the wind tore it from the birch.,0,1,0_to_1,birch,probe,"The neighbour complained about the

probe","The neighbour complained about the bark

probe","The neighbour complained about the bark until the wind tore it from the birch

probe",7,8,17,-0.1146,0.2764,2.405,2.2602,2.8693,-0.011,0.0266,0.2311,0.2172,0.2757,0.0376,0.2045,0.2421,0.0139,-0.0446,False,True,False,nan,nan,14,model_internal_ready,primed,correct,correct,boundary,boundary,correct,boundary,boundary,boundary
Qwen_Qwen2.5-3B,decoder,bark,bark_gp_05,"Beside the dog kennel, the children noticed the bark, which their father peeled from the elm.",0,1,0_to_1,elm,probe,"Beside the dog kennel, the children noticed the

probe","Beside the dog kennel, the children noticed the bark

probe","Beside the dog kennel, the children noticed the bark, which their father peeled from the elm

probe",13,14,22,2.24,1.8123,2.4512,1.1635,2.1091,0.2152,0.1741,0.2355,0.1118,0.2026,-0.0411,0.0614,0.0203,0.1237,0.0329,False,True,False,nan,nan,14,model_internal_ready,correct,correct,correct,correct,correct,correct,boundary,boundary,boundary
Qwen_Qwen2.5-3B,decoder,bark,bark_gp_06,"She complained to the neighbours about the bark, which an arborist later cut from the dying sycamore.",0,1,0_to_1,sycamore,probe,"She complained to the neighbours about the

probe","She complained to the neighbours about the bark

probe","She complained to the neighbours about the bark, which an arborist later cut from the dying sycamore

probe",9,10,25,-0.4833,0.7077,2.5973,1.7061,2.8011,-0.0464,0.068,0.2495,0.1639,0.2691,0.1144,0.1815,0.296,0.0856,-0.0196,False,True,False,nan,nan,14,model_internal_ready,primed,correct,correct,boundary,boundary,correct,boundary,boundary,boundary
Qwen_Qwen2.5-3B,decoder,bark,bark_gp_07,"After examining the damaged oak, she recorded the bark when the terrier began growling.",1,0,1_to_0,terrier,probe,"After examining the damaged oak, she recorded the

probe","After examining the damaged oak, she recorded the bark

probe","After examining the damaged oak, she recorded the bark when the terrier

probe",11,12,16,-3.0567,-3.7847,-3.0127,-0.7603,-1.2258,-0.2937,-0.3636,-0.2894,-0.073,-0.1178,-0.0699,0.0742,0.0042,-0.2164,-0.1717,True,False,False,nan,nan,14,model_internal_ready,primed,primed,primed,primed,primed,primed,boundary,primed,boundary
Qwen_Qwen2.5-3B,decoder,bark,bark_gp_08,The arborist complained about the bark until the spaniel was taken indoors.,1,0,1_to_0,spaniel,probe,"The arborist complained about the

probe","The arborist complained about the bark

probe","The arborist complained about the bark until the spaniel

probe",9,10,14,-1.6005,-3.7047,-1.9636,-0.8545,-0.4238,-0.1538,-0.3559,-0.1887,-0.0821,-0.0407,-0.2022,0.1673,-0.0349,-0.1066,-0.1479,True,False,False,nan,nan,14,model_internal_ready,primed,primed,primed,primed,primed,primed,boundary,primed,boundary
Qwen_Qwen2.5-3B,decoder,bark,bark_gp_09,"While cataloguing trees, the researcher analysed the bark that the puppy produced during the test.",1,0,1_to_0,puppy,probe,"While cataloguing trees, the researcher analysed the

probe","While cataloguing trees, the researcher analysed the bark

probe","While cataloguing trees, the researcher analysed the bark that the puppy

probe",11,12,15,-2.9721,-3.6089,-2.9756,-0.6613,-1.3374,-0.2856,-0.3467,-0.2859,-0.0635,-0.1285,-0.0612,0.0609,-0.0003,-0.2223,-0.1574,True,False,False,nan,nan,14,model_internal_ready,primed,primed,primed,primed,primed,primed,boundary,primed,boundary
Qwen_Qwen2.5-3B,decoder,bark,bark_gp_10,The lumberjack recognised the bark as soon as the dog made the noise again.,1,0,1_to_0,dog,probe,"The lumberjack recognised the

probe","The lumberjack recognised the bark

probe","The lumberjack recognised the bark as soon as the dog

probe",7,8,13,-1.2828,-2.2881,-0.4756,-0.8882,-0.5215,-0.1232,-0.2198,-0.0457,-0.0853,-0.0501,-0.0966,0.1741,0.0775,0.0396,0.0044,True,False,False,nan,nan,14,model_internal_ready,primed,primed,primed,primed,primed,boundary,boundary,boundary,boundary
Qwen_Qwen2.5-3B,decoder,bark,bark_gp_11,"Beside the timber yard, they discussed the bark until a terrier repeated it from behind the gate.",1,0,1_to_0,terrier,probe,"Beside the timber yard, they discussed the

probe","Beside the timber yard, they discussed the bark

probe","Beside the timber yard, they discussed the bark until a terrier

probe",11,12,16,-0.7826,-3.0115,-1.2702,-0.7787,-0.8735,-0.0752,-0.2893,-0.122,-0.0748,-0.0839,-0.2141,0.1673,-0.0468,-0.0472,-0.0381,True,False,False,nan,nan,14,model_internal_ready,primed,primed,primed,boundary,primed,primed,boundary,boundary,boundary
Qwen_Qwen2.5-3B,decoder,bark,bark_gp_12,The botanist tried to identify the bark before the hound made the sound a second time.,1,0,1_to_0,hound,probe,"The botanist tried to identify the

probe","The botanist tried to identify the bark

probe","The botanist tried to identify the bark before the hound

probe",10,11,15,-2.9506,-4.0031,-1.9436,0.1859,-1.5844,-0.2835,-0.3846,-0.1867,0.0179,-0.1522,-0.1011,0.1979,0.0968,-0.2046,-0.0345,True,False,False,nan,nan,14,model_internal_ready,primed,primed,primed,primed,primed,primed,boundary,primed,boundary
Qwen_Qwen2.5-3B,decoder,bark,bark_gp_13,"After the terrier woke the neighbours, she noticed the bark, where sap was seeping from the trunk.",0,1,0_to_1,sap,probe,"After the terrier woke the neighbours, she noticed the

probe","After the terrier woke the neighbours, she noticed the bark

probe","After the terrier woke the neighbours, she noticed the bark, where sap

probe",13,14,17,0.9025,1.3591,2.5294,0.7805,3.3878,0.0867,0.1306,0.243,0.075,0.3255,0.0439,0.1124,0.1563,0.168,-0.0825,False,True,False,nan,nan,14,model_internal_ready,correct,correct,correct,boundary,correct,correct,boundary,boundary,boundary
Qwen_Qwen2.5-3B,decoder,bark,bark_gp_14,"After inspecting the split trunk, she noted the bark that echoed across the empty yard.",1,0,1_to_0,echoed,probe,"After inspecting the split trunk, she noted the

probe","After inspecting the split trunk, she noted the bark

probe","After inspecting the split trunk, she noted the bark that echoed

probe",12,13,15,-2.4835,-3.3956,-2.9966,-0.3227,-1.0431,-0.2386,-0.3262,-0.2879,-0.031,-0.1002,-0.0876,0.0383,-0.0493,-0.2569,-0.1877,True,False,False,nan,nan,14,model_internal_ready,primed,primed,primed,primed,primed,primed,boundary,primed,boundary
Qwen_Qwen2.5-3B,decoder,bat,bat_gp_01,"He handed her the bat, which spread its wings and flew away.",0,1,0_to_1,wings,probe,"He handed her the

probe","He handed her the bat

probe","He handed her the bat, which spread its wings

probe",6,7,12,3.9162,7.4529,10.178,22.561,11.5509,0.0885,0.1684,0.2299,0.5097,0.261,0.0799,0.0616,0.1415,-0.2798,-0.031,False,True,False,nan,nan,32,model_internal_ready,correct,correct,correct,boundary,correct,correct,boundary,boundary,boundary
Qwen_Qwen2.5-3B,decoder,bat,bat_gp_02,"After practice, he carried the bat into the shed, where it hung upside down from a rafter.",0,1,0_to_1,rafter,probe,"After practice, he carried the

probe","After practice, he carried the bat

probe","After practice, he carried the bat into the shed, where it hung upside down from a rafter

probe",8,9,22,9.7966,11.8007,3.5624,14.5456,15.1368,0.2213,0.2666,0.0805,0.3286,0.342,0.0453,-0.1861,-0.1408,-0.2481,-0.2615,False,True,False,nan,nan,32,model_internal_ready,correct,correct,correct,correct,correct,boundary,boundary,boundary,boundary
Qwen_Qwen2.5-3B,decoder,bat,bat_gp_03,"She reached for the bat beside the wicket, but it shrieked and flew away.",0,1,0_to_1,shrieked,probe,"She reached for the

probe","She reached for the bat

probe","She reached for the bat beside the wicket, but it shrieked

probe",6,7,17,8.2707,9.3114,4.4371,13.0735,7.5871,0.1869,0.2104,0.1002,0.2954,0.1714,0.0235,-0.1101,-0.0866,-0.1951,-0.0712,False,True,False,nan,nan,32,model_internal_ready,correct,correct,correct,correct,correct,correct,boundary,boundary,boundary
Qwen_Qwen2.5-3B,decoder,bat,bat_gp_04,"The umpire inspected the bat, which bit his finger and flew over the boundary.",0,1,0_to_1,flew,probe,"The umpire inspected the

probe","The umpire inspected the bat

probe","The umpire inspected the bat, which bit his finger and flew

probe",7,8,15,7.825,-3.1905,3.4798,16.4868,20.6401,0.1768,-0.0721,0.0786,0.3725,0.4663,-0.2489,0.1507,-0.0982,-0.2939,-0.3877,True,True,True,nan,nan,32,model_internal_ready,correct,primed,correct,correct,boundary,boundary,boundary,boundary,boundary
Qwen_Qwen2.5-3B,decoder,bat,bat_gp_05,"The player reached into the kit bag for the bat, which unfurled its wings and clung to his sleeve.",0,1,0_to_1,wings,probe,"The player reached into the kit bag for the

probe","The player reached into the kit bag for the bat

probe","The player reached into the kit bag for the bat, which unfurled its wings

probe",11,12,19,6.7145,6.7193,6.8825,22.6089,14.1607,0.1517,0.1518,0.1555,0.5108,0.3199,0.0001,0.0037,0.0038,-0.3553,-0.1644,False,True,False,nan,nan,32,model_internal_ready,correct,correct,correct,correct,correct,correct,boundary,boundary,boundary
Qwen_Qwen2.5-3B,decoder,bat,bat_gp_06,"She locked the bat in the equipment room, but by morning it was sleeping upside down from the ceiling.",0,1,0_to_1,sleeping,probe,"She locked the

probe","She locked the bat

probe","She locked the bat in the equipment room, but by morning it was sleeping

probe",5,6,17,8.2402,20.4206,12.2314,16.7922,19.2309,0.1862,0.4614,0.2763,0.3794,0.4345,0.2752,-0.185,0.0902,-0.103,-0.1581,False,True,False,nan,nan,32,model_internal_ready,correct,correct,correct,correct,correct,correct,boundary,correct,boundary
Qwen_Qwen2.5-3B,decoder,bat,bat_gp_07,"The boy tucked the bat under his arm, but it wriggled free and flew into the rafters.",0,1,0_to_1,rafters,probe,"The boy tucked the

probe","The boy tucked the bat

probe","The boy tucked the bat under his arm, but it wriggled free and flew into the rafters

probe",6,7,23,4.745,8.0177,-1.1711,17.8605,14.7294,0.1072,0.1811,-0.0265,0.4035,0.3328,0.0739,-0.2076,-0.1337,-0.43,-0.3592,False,False,False,nan,nan,32,model_internal_ready,correct,correct,primed,correct,correct,boundary,boundary,boundary,boundary
Qwen_Qwen2.5-3B,decoder,bat,bat_gp_08,"After monitoring the cave all night, she carried the bat until the batter asked for it back.",1,0,1_to_0,batter,probe,"After monitoring the cave all night, she carried the

probe","After monitoring the cave all night, she carried the bat

probe","After monitoring the cave all night, she carried the bat until the batter

probe",12,13,16,-8.2549,-13.2189,-13.9671,-14.3981,-12.3838,-0.1865,-0.2986,-0.3156,-0.3253,-0.2798,-0.1121,-0.0169,-0.1291,0.0097,-0.0358,True,False,False,nan,nan,32,model_internal_ready,primed,primed,primed,primed,primed,primed,boundary,boundary,primed
Qwen_Qwen2.5-3B,decoder,bat,bat_gp_09,The wildlife officer inspected the bat before the umpire ruled it illegal.,1,0,1_to_0,umpire,probe,"The wildlife officer inspected the

probe","The wildlife officer inspected the bat

probe","The wildlife officer inspected the bat before the umpire

probe",7,8,12,-16.3355,-23.2269,-1.5482,-12.3727,1.1917,-0.3691,-0.5248,-0.035,-0.2795,0.0269,-0.1557,0.4898,0.3341,0.2446,-0.0619,True,False,False,nan,nan,32,model_internal_ready,primed,primed,primed,primed,primed,boundary,primed,primed,boundary
Qwen_Qwen2.5-3B,decoder,bat,bat_gp_10,The zoologist photographed the bat that the batsman had cracked during practice.,1,0,1_to_0,batsman,probe,"The zoologist photographed the

probe","The zoologist photographed the bat

probe","The zoologist photographed the bat that the batsman

probe",7,8,12,-20.5447,-22.2468,-3.6907,-10.835,8.7019,-0.4642,-0.5026,-0.0834,-0.2448,0.1966,-0.0385,0.4192,0.3808,0.1614,-0.28,True,False,False,nan,nan,32,model_internal_ready,primed,primed,primed,primed,primed,boundary,primed,primed,boundary
Qwen_Qwen2.5-3B,decoder,bat,bat_gp_11,The cave guide returned the bat to the coach's equipment bag.,1,0,1_to_0,coach,probe,"The cave guide returned the

probe","The cave guide returned the bat

probe","The cave guide returned the bat to the coach

probe",7,8,11,-7.0542,-15.9693,-24.0411,-5.9416,8.4768,-0.1594,-0.3608,-0.5431,-0.1342,0.1915,-0.2014,-0.1824,-0.3838,-0.4089,-0.7347,True,False,False,nan,nan,32,model_internal_ready,primed,primed,primed,primed,primed,primed,boundary,primed,primed
Qwen_Qwen2.5-3B,decoder,bat,bat_gp_12,"At dusk, the ranger spotted the bat lying beside the wicket.",1,0,1_to_0,wicket,probe,"At dusk, the ranger spotted the

probe","At dusk, the ranger spotted the bat

probe","At dusk, the ranger spotted the bat lying beside the wicket

probe",9,10,15,-12.8391,-21.3991,-15.0149,-11.8116,-9.6328,-0.2901,-0.4835,-0.3392,-0.2669,-0.2176,-0.1934,0.1442,-0.0492,-0.0724,-0.1216,True,False,False,nan,nan,32,model_internal_ready,primed,primed,primed,primed,primed,primed,boundary,primed,primed
Qwen_Qwen2.5-3B,decoder,bat,bat_gp_13,The conservationist tagged the bat before the slugger took it to home plate.,1,0,1_to_0,slugger,probe,"The conservationist tagged the

probe","The conservationist tagged the bat

probe","The conservationist tagged the bat before the slugger

probe",7,8,12,-19.8447,-25.2759,-15.1015,-10.0307,-9.4301,-0.4483,-0.571,-0.3412,-0.2266,-0.213,-0.1227,0.2299,0.1072,-0.1146,-0.1281,True,False,False,nan,nan,32,model_internal_ready,primed,primed,primed,primed,primed,primed,primed,primed,primed
Qwen_Qwen2.5-3B,decoder,bat,bat_gp_14,The cave researcher found the bat before the pitcher asked to use it during warm-up.,1,0,1_to_0,pitcher,probe,"The cave researcher found the

probe","The cave researcher found the bat

probe","The cave researcher found the bat before the pitcher

probe",7,8,11,-14.5344,-25.2696,-21.0697,-10.8011,-9.8915,-0.3284,-0.5709,-0.476,-0.244,-0.2235,-0.2425,0.0949,-0.1476,-0.232,-0.2525,True,False,False,nan,nan,32,model_internal_ready,primed,primed,primed,primed,primed,primed,primed,primed,primed
Qwen_Qwen2.5-3B,decoder,crane,crane_gp_01,The site manager watched the crane step into the reeds.,1,0,1_to_0,reeds,probe,"The site manager watched the

probe","The site manager watched the crane

probe","The site manager watched the crane step into the reeds

probe",7,8,13,-5.5033,-6.5644,1.4537,6.1935,7.1923,-0.1469,-0.1752,0.0388,0.1653,0.192,-0.0283,0.214,0.1857,-0.1265,-0.1532,True,True,True,nan,nan,32,model_internal_ready,primed,primed,correct,primed,primed,boundary,boundary,boundary,boundary
Qwen_Qwen2.5-3B,decoder,crane,crane_gp_02,The operator waited beside the crane until it spread its wings and flew over the scaffolding.,1,0,1_to_0,wings,probe,"The operator waited beside the

probe","The operator waited beside the crane

probe","The operator waited beside the crane until it spread its wings

probe",7,8,13,-4.7182,-5.5336,-10.5168,4.7315,4.7991,-0.1259,-0.1477,-0.2807,0.1263,0.1281,-0.0218,-0.133,-0.1548,-0.407,-0.4088,True,False,False,nan,nan,32,model_internal_ready,primed,primed,primed,primed,primed,primed,boundary,boundary,boundary
Qwen_Qwen2.5-3B,decoder,crane,crane_gp_03,"The foreman pointed to the crane, which dipped its beak into the drainage ditch.",1,0,1_to_0,beak,probe,"The foreman pointed to the

probe","The foreman pointed to the crane

probe","The foreman pointed to the crane, which dipped its beak

probe",8,9,15,-6.5774,-4.166,-0.8992,11.7229,1.4045,-0.1755,-0.1112,-0.024,0.3129,0.0375,0.0644,0.0872,0.1515,-0.3369,-0.0615,True,False,False,nan,nan,32,model_internal_ready,primed,primed,primed,primed,primed,boundary,boundary,boundary,boundary
Qwen_Qwen2.5-3B,decoder,crane,crane_gp_04,"The safety inspector examined the crane, which tucked its head beneath one wing.",1,0,1_to_0,wing,probe,"The safety inspector examined the

probe","The safety inspector examined the crane

probe","The safety inspector examined the crane, which tucked its head beneath one wing

probe",7,8,16,-5.2589,-7.03,-8.1369,6.7762,-0.8919,-0.1404,-0.1876,-0.2172,0.1809,-0.0238,-0.0473,-0.0295,-0.0768,-0.398,-0.1934,True,False,False,nan,nan,32,model_internal_ready,primed,primed,primed,primed,primed,primed,boundary,boundary,boundary
Qwen_Qwen2.5-3B,decoder,crane,crane_gp_05,"The steelworkers watched the crane arrive, fold its legs, and begin to preen.",1,0,1_to_0,preen,probe,"The steelworkers watched the

probe","The steelworkers watched the crane

probe","The steelworkers watched the crane arrive, fold its legs, and begin to preen

probe",7,8,19,-8.6431,-6.2861,0.064,8.5868,4.8767,-0.2307,-0.1678,0.0017,0.2292,0.1302,0.0629,0.1695,0.2324,-0.2275,-0.1284,True,True,True,nan,nan,32,model_internal_ready,primed,primed,correct,primed,primed,boundary,boundary,boundary,boundary
Qwen_Qwen2.5-3B,decoder,crane,crane_gp_06,"The contractor followed the crane to the drainage ditch, where it speared a fish.",1,0,1_to_0,fish,probe,"The contractor followed the

probe","The contractor followed the crane

probe","The contractor followed the crane to the drainage ditch, where it speared a fish

probe",6,7,18,-5.7706,-5.88,0.8746,10.5671,4.8918,-0.154,-0.1569,0.0233,0.282,0.1306,-0.0029,0.1803,0.1774,-0.2587,-0.1072,True,True,True,nan,nan,32,model_internal_ready,primed,primed,correct,primed,primed,boundary,boundary,boundary,boundary
Qwen_Qwen2.5-3B,decoder,crane,crane_gp_07,The ornithologist watched the crane until the operator lifted a steel girder.,0,1,0_to_1,operator,probe,"The ornithologist watched the

probe","The ornithologist watched the crane

probe","The ornithologist watched the crane until the operator

probe",8,9,12,-5.4275,-1.789,-4.4673,-5.588,2.0194,-0.1449,-0.0477,-0.1192,-0.1491,0.0539,0.0971,-0.0715,0.0256,0.0299,-0.1731,True,False,False,nan,nan,32,model_internal_ready,primed,primed,primed,primed,boundary,primed,boundary,boundary,boundary
Qwen_Qwen2.5-3B,decoder,crane,crane_gp_08,The birdwatcher pointed to the crane as it raised a pallet above the roof.,0,1,0_to_1,pallet,probe,"The birdwatcher pointed to the

probe","The birdwatcher pointed to the crane

probe","The birdwatcher pointed to the crane as it raised a pallet

probe",9,10,15,-0.8462,-7.589,-1.8192,-4.8811,-1.2529,-0.0226,-0.2025,-0.0486,-0.1303,-0.0334,-0.18,0.154,-0.026,0.0817,-0.0151,True,False,False,nan,nan,32,model_internal_ready,primed,primed,primed,boundary,primed,boundary,boundary,boundary,boundary
Qwen_Qwen2.5-3B,decoder,crane,crane_gp_09,"The ornithologists tracked the crane to the site, where it hoisted concrete panels.",0,1,0_to_1,hoisted,probe,"The ornithologists tracked the

probe","The ornithologists tracked the crane

probe","The ornithologists tracked the crane to the site, where it hoisted

probe",8,9,17,-4.4057,-10.3129,-2.6601,-5.4131,8.8059,-0.1176,-0.2752,-0.071,-0.1445,0.235,-0.1577,0.2042,0.0466,0.0735,-0.306,True,False,False,nan,nan,32,model_internal_ready,primed,primed,primed,primed,primed,boundary,boundary,boundary,boundary
Qwen_Qwen2.5-3B,decoder,crane,crane_gp_10,The wildlife photographer examined the crane while the foreman attached a load to its hook.,0,1,0_to_1,hook,probe,"The wildlife photographer examined the

probe","The wildlife photographer examined the crane

probe","The wildlife photographer examined the crane while the foreman attached a load to its hook

probe",7,8,18,-1.0367,-6.3828,2.3656,-4.7274,5.8376,-0.0277,-0.1704,0.0631,-0.1262,0.1558,-0.1427,0.2335,0.0908,0.1893,-0.0927,True,True,True,nan,nan,32,model_internal_ready,primed,primed,correct,boundary,primed,boundary,boundary,boundary,boundary
Qwen_Qwen2.5-3B,decoder,crane,crane_gp_11,The ecologist reported the crane whose hydraulic boom had jammed above the road.,0,1,0_to_1,hydraulic,probe,"The ecologist reported the

probe","The ecologist reported the crane

probe","The ecologist reported the crane whose hydraulic

probe",7,8,10,-0.4883,-8.8808,3.5104,-0.7699,10.2106,-0.013,-0.237,0.0937,-0.0205,0.2725,-0.224,0.3307,0.1067,0.1142,-0.1788,True,True,True,nan,nan,32,model_internal_ready,primed,primed,correct,boundary,primed,boundary,boundary,boundary,boundary
Qwen_Qwen2.5-3B,decoder,crane,crane_gp_12,The ranger photographed the crane before the construction crew dismantled it.,0,1,0_to_1,construction,probe,"The ranger photographed the

probe","The ranger photographed the crane

probe","The ranger photographed the crane before the construction

probe",6,7,10,4.9326,-3.8376,5.8886,-5.2758,10.9339,0.1316,-0.1024,0.1572,-0.1408,0.2918,-0.2341,0.2596,0.0255,0.298,-0.1347,True,True,True,nan,nan,32,model_internal_ready,correct,primed,correct,correct,primed,correct,boundary,boundary,boundary
Qwen_Qwen2.5-3B,decoder,crane,crane_gp_13,"After counting the nesting birds, the ranger photographed the crane as its cable lifted a generator.",0,1,0_to_1,cable,probe,"After counting the nesting birds, the ranger photographed the

probe","After counting the nesting birds, the ranger photographed the crane

probe","After counting the nesting birds, the ranger photographed the crane as its cable

probe",12,13,16,-5.4513,-8.5393,4.4269,-3.1412,10.9492,-0.1455,-0.2279,0.1181,-0.0838,0.2922,-0.0824,0.3461,0.2636,0.202,-0.1741,True,True,True,nan,nan,32,model_internal_ready,primed,primed,correct,primed,primed,correct,boundary,boundary,boundary
Qwen_Qwen2.5-3B,decoder,crane,crane_gp_14,"After inspecting the construction equipment, the engineer watched the crane as it swallowed a frog.",1,0,1_to_0,swallowed,probe,"After inspecting the construction equipment, the engineer watched the

probe","After inspecting the construction equipment, the engineer watched the crane

probe","After inspecting the construction equipment, the engineer watched the crane as it swallowed

probe",13,14,17,-8.4045,-12.8554,-6.2841,8.5342,8.1431,-0.2243,-0.3431,-0.1677,0.2278,0.2173,-0.1188,0.1754,0.0566,-0.3955,-0.3851,True,False,False,nan,nan,32,model_internal_ready,primed,primed,primed,primed,primed,primed,boundary,primed,boundary
Qwen_Qwen2.5-3B,decoder,spring,spring_gp_01,"They waited all winter for the spring, which finally bubbled from the rocks.",0,1,0_to_1,bubbled,probe,"They waited all winter for the

probe","They waited all winter for the spring

probe","They waited all winter for the spring, which finally bubbled

probe",8,9,14,10.7139,11.742,9.462,-2.1134,10.5139,0.26,0.2849,0.2296,-0.0513,0.2551,0.0249,-0.0553,-0.0304,0.2809,-0.0255,False,True,False,nan,nan,32,model_internal_ready,correct,correct,correct,correct,correct,correct,boundary,boundary,boundary
Qwen_Qwen2.5-3B,decoder,spring,spring_gp_02,"After the harsh winter, the villagers celebrated the spring until it ran dry.",0,1,0_to_1,dry,probe,"After the harsh winter, the villagers celebrated the

probe","After the harsh winter, the villagers celebrated the spring

probe","After the harsh winter, the villagers celebrated the spring until it ran dry

probe",11,12,16,-3.4049,-5.4247,0.6518,2.3998,8.9121,-0.0826,-0.1316,0.0158,0.0582,0.2162,-0.049,0.1474,0.0984,-0.0424,-0.2004,True,True,True,nan,nan,32,model_internal_ready,primed,primed,correct,boundary,primed,boundary,boundary,boundary,boundary
Qwen_Qwen2.5-3B,decoder,spring,spring_gp_03,The valley welcomed the spring until it swept away the pasture fence.,0,1,0_to_1,swept,probe,"The valley welcomed the

probe","The valley welcomed the spring

probe","The valley welcomed the spring until it swept

probe",6,7,10,9.764,7.6128,13.5796,1.1669,16.7534,0.2369,0.1847,0.3295,0.0283,0.4065,-0.0522,0.1448,0.0926,0.3012,-0.077,False,True,False,nan,nan,32,model_internal_ready,correct,correct,correct,correct,correct,correct,boundary,boundary,correct
Qwen_Qwen2.5-3B,decoder,spring,spring_gp_04,"The children hurried outside to see the spring, then knelt to drink from it.",0,1,0_to_1,drink,probe,"The children hurried outside to see the

probe","The children hurried outside to see the spring

probe","The children hurried outside to see the spring, then knelt to drink

probe",9,10,16,11.1832,-2.1771,-0.1009,-1.5561,-1.4964,0.2714,-0.0528,-0.0024,-0.0378,-0.0363,-0.3242,0.0504,-0.2738,0.0353,0.0339,True,False,False,nan,nan,32,model_internal_ready,correct,primed,primed,correct,boundary,boundary,boundary,boundary,boundary
Qwen_Qwen2.5-3B,decoder,spring,spring_gp_05,"After months without water, they prayed for the spring, which arrived with blossoms and longer days.",1,0,1_to_0,blossoms,probe,"After months without water, they prayed for the

probe","After months without water, they prayed for the spring

probe","After months without water, they prayed for the spring, which arrived with blossoms

probe",11,12,18,-12.7287,-17.568,-13.1542,2.385,-3.4195,-0.3089,-0.4263,-0.3192,0.0579,-0.083,-0.1174,0.1071,-0.0103,-0.377,-0.2362,True,False,False,nan,nan,32,model_internal_ready,primed,primed,primed,primed,primed,primed,primed,primed,primed
Qwen_Qwen2.5-3B,decoder,spring,spring_gp_06,"The estate expected the spring in March, but the surveyor found it bubbling beneath the old wall.",0,1,0_to_1,bubbling,probe,"The estate expected the

probe","The estate expected the spring

probe","The estate expected the spring in March, but the surveyor found it bubbling

probe",6,7,18,7.0787,7.5153,23.5999,1.4881,13.2943,0.1718,0.1824,0.5726,0.0361,0.3226,0.0106,0.3903,0.4009,0.5365,0.2501,False,True,False,nan,nan,32,model_internal_ready,correct,correct,correct,correct,correct,correct,boundary,boundary,correct
Qwen_Qwen2.5-3B,decoder,spring,spring_gp_07,"After testing the village well, they waited for the spring, when the orchards would bloom.",1,0,1_to_0,orchards,probe,"After testing the village well, they waited for the

probe","After testing the village well, they waited for the spring

probe","After testing the village well, they waited for the spring, when the orchards

probe",12,13,18,-15.6775,-17.0364,2.0796,0.6479,10.8503,-0.3804,-0.4134,0.0505,0.0157,0.2633,-0.033,0.4638,0.4309,0.0347,-0.2128,True,True,True,nan,nan,32,model_internal_ready,primed,primed,correct,primed,primed,boundary,primed,primed,boundary
Qwen_Qwen2.5-3B,decoder,spring,spring_gp_08,The hydrologist predicted the spring would bring warmer days to the valley.,1,0,1_to_0,warmer,probe,"The hydrologist predicted the

probe","The hydrologist predicted the spring

probe","The hydrologist predicted the spring would bring warmer

probe",8,9,12,-15.6265,-11.854,-15.7076,-0.3201,-9.6918,-0.3792,-0.2876,-0.3811,-0.0078,-0.2352,0.0915,-0.0935,-0.002,-0.3734,-0.146,True,False,False,nan,nan,32,model_internal_ready,primed,primed,primed,primed,primed,primed,primed,boundary,primed
Qwen_Qwen2.5-3B,decoder,spring,spring_gp_09,"During the drought survey, she wrote about the spring that began with late snowstorms.",1,0,1_to_0,snowstorms,probe,"During the drought survey, she wrote about the

probe","During the drought survey, she wrote about the spring

probe","During the drought survey, she wrote about the spring that began with late snowstorms

probe",11,12,18,-18.0708,-15.832,-10.5291,-5.8224,1.6776,-0.4385,-0.3841,-0.2555,-0.1413,0.0407,0.0543,0.1287,0.183,-0.1142,-0.2962,True,False,False,nan,nan,32,model_internal_ready,primed,primed,primed,primed,primed,primed,primed,primed,boundary
Qwen_Qwen2.5-3B,decoder,spring,spring_gp_10,"After mapping the underground water, they prepared for the spring by ordering seeds.",1,0,1_to_0,seeds,probe,"After mapping the underground water, they prepared for the

probe","After mapping the underground water, they prepared for the spring

probe","After mapping the underground water, they prepared for the spring by ordering seeds

probe",12,13,16,-17.4767,-19.1502,-13.1264,0.027,5.3714,-0.4241,-0.4647,-0.3185,0.0007,0.1303,-0.0406,0.1462,0.1056,-0.3192,-0.4488,True,False,False,nan,nan,32,model_internal_ready,primed,primed,primed,primed,primed,primed,primed,primed,primed
Qwen_Qwen2.5-3B,decoder,spring,spring_gp_11,"After celebrating the end of winter, the villagers welcomed the spring, which supplied their drinking water throughout the drought.",0,1,0_to_1,water,probe,"After celebrating the end of winter, the villagers welcomed the

probe","After celebrating the end of winter, the villagers welcomed the spring

probe","After celebrating the end of winter, the villagers welcomed the spring, which supplied their drinking water

probe",13,14,20,1.2858,-4.4789,17.0,10.4398,14.4278,0.0312,-0.1087,0.4125,0.2533,0.3501,-0.1399,0.5212,0.3813,0.1592,0.0624,True,True,True,nan,nan,32,model_internal_ready,correct,primed,correct,boundary,primed,correct,boundary,boundary,correct
Qwen_Qwen2.5-3B,decoder,spring,spring_gp_12,"After pruning the orchard, she wrote about the spring that fed a stream below the ridge.",0,1,0_to_1,stream,probe,"After pruning the orchard, she wrote about the

probe","After pruning the orchard, she wrote about the spring

probe","After pruning the orchard, she wrote about the spring that fed a stream

probe",12,13,17,1.4954,-0.33,2.4149,-4.0978,13.6186,0.0363,-0.008,0.0586,-0.0994,0.3304,-0.0443,0.0666,0.0223,0.158,-0.2718,True,True,True,nan,nan,32,model_internal_ready,correct,primed,correct,boundary,boundary,boundary,boundary,boundary,boundary
Qwen_Qwen2.5-3B,decoder,spring,spring_gp_13,"After inspecting the dried-up well, the hydrologist described the spring that arrived unusually early that year.",1,0,1_to_0,arrived,probe,"After inspecting the dried-up well, the hydrologist described the

probe","After inspecting the dried-up well, the hydrologist described the spring

probe","After inspecting the dried-up well, the hydrologist described the spring that arrived

probe",16,17,19,-17.6026,-14.5329,-12.6948,-1.0724,1.207,-0.4271,-0.3526,-0.308,-0.026,0.0293,0.0745,0.0446,0.1191,-0.282,-0.3373,True,False,False,nan,nan,32,model_internal_ready,primed,primed,primed,primed,primed,primed,primed,primed,primed
Qwen_Qwen2.5-3B,decoder,spring,spring_gp_14,"After surveying the aquifer, the engineer described the spring that followed the coldest winter on record.",1,0,1_to_0,winter,probe,"After surveying the aquifer, the engineer described the

probe","After surveying the aquifer, the engineer described the spring

probe","After surveying the aquifer, the engineer described the spring that followed the coldest winter

probe",13,14,20,-18.1078,-17.7204,-17.1564,-1.9366,3.3849,-0.4394,-0.43,-0.4163,-0.047,0.0821,0.0094,0.0137,0.0231,-0.3693,-0.4984,True,False,False,nan,nan,32,model_internal_ready,primed,primed,primed,primed,primed,primed,primed,primed,primed
Qwen_Qwen2.5-3B,decoder,match,match_gp_01,"The referee held up the match, then struck it against the box.",0,1,0_to_1,struck,probe,"The referee held up the

probe","The referee held up the match

probe","The referee held up the match, then struck

probe",7,8,11,-2.2316,-7.4063,-5.0047,4.3631,6.3821,-0.131,-0.4347,-0.2938,0.2561,0.3746,-0.3037,0.141,-0.1628,-0.5498,-0.6683,True,False,False,nan,nan,15,model_internal_ready,primed,primed,primed,primed,primed,primed,boundary,primed,boundary
Qwen_Qwen2.5-3B,decoder,match,match_gp_02,"The boxer threw the match, which landed in the dry grass and started a fire.",0,1,0_to_1,fire,probe,"The boxer threw the

probe","The boxer threw the match

probe","The boxer threw the match, which landed in the dry grass and started a fire

probe",6,7,18,1.7295,-5.9763,-3.9722,3.0029,1.5519,0.1015,-0.3508,-0.2331,0.1763,0.0911,-0.4523,0.1176,-0.3347,-0.4094,-0.3242,True,False,False,nan,nan,15,model_internal_ready,correct,primed,primed,correct,primed,primed,boundary,primed,boundary
Qwen_Qwen2.5-3B,decoder,match,match_gp_03,"The captain cursed the match, then struck it against the box.",0,1,0_to_1,struck,probe,"The captain cursed the

probe","The captain cursed the match

probe","The captain cursed the match, then struck

probe",6,7,10,2.0611,-7.2649,-3.4991,4.3631,2.3085,0.121,-0.4264,-0.2054,0.2561,0.1355,-0.5474,0.221,-0.3264,-0.4615,-0.3409,True,False,False,nan,nan,15,model_internal_ready,correct,primed,primed,correct,primed,primed,boundary,primed,boundary
Qwen_Qwen2.5-3B,decoder,match,match_gp_04,The crowd watched the match until it burned out.,0,1,0_to_1,burned,probe,"The crowd watched the

probe","The crowd watched the match

probe","The crowd watched the match until it burned

probe",6,7,10,-2.9635,-7.9348,-8.3934,4.4329,-6.9924,-0.1739,-0.4657,-0.4927,0.2602,-0.4104,-0.2918,-0.0269,-0.3187,-0.7528,-0.0822,True,False,False,nan,nan,15,model_internal_ready,primed,primed,primed,primed,primed,primed,boundary,primed,primed
Qwen_Qwen2.5-3B,decoder,match,match_gp_05,"The whole town waited for the match, which the mayor struck to light the bonfire.",0,1,0_to_1,bonfire,probe,"The whole town waited for the

probe","The whole town waited for the match

probe","The whole town waited for the match, which the mayor struck to light the bonfire

probe",8,9,19,-3.464,-8.2684,-4.7373,2.263,-0.3148,-0.2033,-0.4853,-0.2781,0.1328,-0.0185,-0.282,0.2073,-0.0747,-0.4109,-0.2596,True,False,False,nan,nan,15,model_internal_ready,primed,primed,primed,primed,primed,primed,boundary,primed,boundary
Qwen_Qwen2.5-3B,decoder,match,match_gp_06,"Before kickoff, the referee checked the match and put it into his pocket.",0,1,0_to_1,pocket,probe,"Before kickoff, the referee checked the

probe","Before kickoff, the referee checked the match

probe","Before kickoff, the referee checked the match and put it into his pocket

probe",9,10,16,1.224,-3.0262,-4.5441,4.2297,6.1964,0.0718,-0.1776,-0.2667,0.2483,0.3637,-0.2495,-0.0891,-0.3386,-0.515,-0.6304,True,False,False,nan,nan,15,model_internal_ready,correct,primed,primed,boundary,primed,primed,boundary,boundary,boundary
Qwen_Qwen2.5-3B,decoder,match,match_gp_07,"After inspecting the burned shed, the marshal discussed the match until the referee showed the replay.",1,0,1_to_0,referee,probe,"After inspecting the burned shed, the marshal discussed the

probe","After inspecting the burned shed, the marshal discussed the match

probe","After inspecting the burned shed, the marshal discussed the match until the referee

probe",13,14,17,1.3118,-2.2911,0.7027,-0.4643,3.73,0.077,-0.1345,0.0412,-0.0273,0.2189,-0.2115,0.1757,-0.0358,0.0685,-0.1777,True,True,True,nan,nan,15,model_internal_ready,correct,primed,correct,boundary,primed,boundary,boundary,boundary,boundary
Qwen_Qwen2.5-3B,decoder,match,match_gp_08,"Beside the dying campfire, they were looking for the match, which was streamed by all the major TV services.",1,0,1_to_0,streamed,probe,"Beside the dying campfire, they were looking for the

probe","Beside the dying campfire, they were looking for the match

probe","Beside the dying campfire, they were looking for the match, which was streamed

probe",14,15,19,-2.3826,-3.9941,1.3806,-0.3837,7.362,-0.1398,-0.2344,0.081,-0.0225,0.4321,-0.0946,0.3155,0.2209,0.1036,-0.3511,True,True,True,nan,nan,15,model_internal_ready,primed,primed,correct,primed,primed,boundary,boundary,boundary,boundary
Qwen_Qwen2.5-3B,decoder,match,match_gp_09,The candle maker described the match that ended in a penalty shootout.,1,0,1_to_0,penalty,probe,"The candle maker described the

probe","The candle maker described the match

probe","The candle maker described the match that ended in a penalty

probe",7,8,13,-3.66,-2.6499,5.3403,-0.6153,6.1697,-0.2148,-0.1555,0.3134,-0.0361,0.3621,0.0593,0.469,0.5283,0.3496,-0.0487,True,True,True,nan,nan,15,model_internal_ready,primed,primed,correct,primed,primed,correct,boundary,boundary,correct
Qwen_Qwen2.5-3B,decoder,match,match_gp_10,"Although she was soaked, the match had remained dry, and the home side won in extra time.",1,0,1_to_0,side,probe,"Although she was soaked, the

probe","Although she was soaked, the match

probe","Although she was soaked, the match had remained dry, and the home side

probe",8,9,17,-0.624,2.1646,4.8325,-3.3961,4.6945,-0.0366,0.1271,0.2836,-0.1993,0.2755,0.1637,0.1566,0.3203,0.483,0.0081,False,True,False,nan,nan,15,model_internal_ready,primed,correct,correct,boundary,correct,correct,boundary,boundary,boundary
Qwen_Qwen2.5-3B,decoder,match,match_gp_11,"In the dark, the match illuminated the entire city once the stadium lights came on.",1,0,1_to_0,stadium,probe,"In the dark, the

probe","In the dark, the match

probe","In the dark, the match illuminated the entire city once the stadium

probe",7,8,15,-2.9544,-4.181,5.9994,-0.2713,6.4198,-0.1734,-0.2454,0.3521,-0.0159,0.3768,-0.072,0.5975,0.5255,0.3681,-0.0247,True,True,True,nan,nan,15,model_internal_ready,primed,primed,correct,primed,primed,correct,boundary,boundary,correct
Qwen_Qwen2.5-3B,decoder,match,match_gp_12,The arson investigator reconstructed the match that the home side won in extra time.,1,0,1_to_0,won,probe,"The arson investigator reconstructed the

probe","The arson investigator reconstructed the match

probe","The arson investigator reconstructed the match that the home side won

probe",7,8,13,-0.2176,0.868,5.2984,-1.6112,9.0317,-0.0128,0.0509,0.311,-0.0946,0.5301,0.0637,0.26,0.3238,0.4056,-0.2191,False,True,False,nan,nan,15,model_internal_ready,primed,correct,correct,boundary,boundary,correct,boundary,boundary,correct
Qwen_Qwen2.5-3B,decoder,match,match_gp_13,"With the final score still disputed, the referee examined the match until its head flared orange.",0,1,0_to_1,flared,probe,"With the final score still disputed, the referee examined the

probe","With the final score still disputed, the referee examined the match

probe","With the final score still disputed, the referee examined the match until its head flared

probe",13,14,19,-2.0923,-5.6821,-6.0674,3.4575,5.547,-0.1228,-0.3335,-0.3561,0.2029,0.3256,-0.2107,-0.0226,-0.2333,-0.5591,-0.6817,True,False,False,nan,nan,15,model_internal_ready,primed,primed,primed,primed,primed,primed,boundary,primed,primed
Qwen_Qwen2.5-3B,decoder,match,match_gp_14,"After gathering dry kindling, they waited for the match, which went into extra time.",1,0,1_to_0,time,probe,"After gathering dry kindling, they waited for the

probe","After gathering dry kindling, they waited for the match

probe","After gathering dry kindling, they waited for the match, which went into extra time

probe",12,13,19,-5.2993,-6.3152,6.4041,-0.9311,9.9975,-0.311,-0.3707,0.3759,-0.0546,0.5868,-0.0596,0.7466,0.6869,0.4305,-0.2109,True,True,True,nan,nan,15,model_internal_ready,primed,primed,correct,primed,primed,correct,primed,primed,correct
Qwen_Qwen2.5-3B,decoder,pitch,pitch_gp_01,"The investors checked the pitch, which had just been freshly mown.",1,0,1_to_0,mown,probe,"The investors checked the

probe","The investors checked the pitch

probe","The investors checked the pitch, which had just been freshly mown

probe",6,7,15,-2.9698,-0.7681,-3.9551,1.2802,3.0408,-0.2348,-0.0607,-0.3127,0.1012,0.2404,0.1741,-0.252,-0.0779,-0.4139,-0.5531,True,False,False,nan,nan,15,model_internal_ready,primed,primed,primed,primed,boundary,primed,boundary,boundary,primed
Qwen_Qwen2.5-3B,decoder,pitch,pitch_gp_02,"She walked the investors through the pitch, careful not to scuff the fresh touchlines.",1,0,1_to_0,touchlines,probe,"She walked the investors through the

probe","She walked the investors through the pitch

probe","She walked the investors through the pitch, careful not to scuff the fresh touchlines

probe",8,9,19,-3.277,-1.5905,-3.5057,2.1785,1.4837,-0.2591,-0.1258,-0.2772,0.1723,0.1173,0.1333,-0.1514,-0.0181,-0.4494,-0.3945,True,False,False,nan,nan,15,model_internal_ready,primed,primed,primed,primed,primed,primed,boundary,boundary,boundary
Qwen_Qwen2.5-3B,decoder,pitch,pitch_gp_03,He reviewed the pitch and asked the groundskeeper to repaint the lines.,1,0,1_to_0,lines,probe,"He reviewed the

probe","He reviewed the pitch

probe","He reviewed the pitch and asked the groundskeeper to repaint the lines

probe",5,6,15,-2.0073,0.2258,1.0891,0.9101,2.6911,-0.1587,0.0179,0.0861,0.072,0.2128,0.1766,0.0683,0.2448,0.0142,-0.1267,False,True,False,nan,nan,15,model_internal_ready,primed,correct,correct,primed,boundary,boundary,boundary,boundary,boundary
Qwen_Qwen2.5-3B,decoder,pitch,pitch_gp_04,The investors rejected the pitch because the rain had left it waterlogged.,1,0,1_to_0,waterlogged,probe,"The investors rejected the

probe","The investors rejected the pitch

probe","The investors rejected the pitch because the rain had left it waterlogged

probe",6,7,15,-3.0835,-5.796,-5.3961,1.8382,0.1509,-0.2438,-0.4583,-0.4267,0.1453,0.0119,-0.2145,0.0316,-0.1829,-0.572,-0.4386,True,False,False,nan,nan,15,model_internal_ready,primed,primed,primed,primed,primed,primed,boundary,primed,primed
Qwen_Qwen2.5-3B,decoder,pitch,pitch_gp_05,"The investors asked to see the pitch, so the groundskeeper led them onto it.",1,0,1_to_0,groundskeeper,probe,"The investors asked to see the

probe","The investors asked to see the pitch

probe","The investors asked to see the pitch, so the groundskeeper

probe",8,9,14,-3.3204,-2.6598,-1.4666,1.8472,0.6472,-0.2625,-0.2103,-0.116,0.1461,0.0512,0.0522,0.0943,0.1466,-0.262,-0.1671,True,False,False,nan,nan,15,model_internal_ready,primed,primed,primed,primed,primed,primed,boundary,boundary,boundary
Qwen_Qwen2.5-3B,decoder,pitch,pitch_gp_06,The board reviewed the pitch until a groundskeeper asked them to keep off the grass.,1,0,1_to_0,grass,probe,"The board reviewed the

probe","The board reviewed the pitch

probe","The board reviewed the pitch until a groundskeeper asked them to keep off the grass

probe",6,7,18,-3.4277,-1.2467,-2.6816,1.625,-0.53,-0.271,-0.0986,-0.212,0.1285,-0.0419,0.1724,-0.1135,0.059,-0.3405,-0.1701,True,False,False,nan,nan,15,model_internal_ready,primed,primed,primed,primed,boundary,primed,boundary,boundary,boundary
Qwen_Qwen2.5-3B,decoder,pitch,pitch_gp_07,"Her slides were ready, but the pitch was still too wet for kickoff.",1,0,1_to_0,wet,probe,"Her slides were ready, but the

probe","Her slides were ready, but the pitch

probe","Her slides were ready, but the pitch was still too wet

probe",9,10,14,0.9499,1.118,0.0152,1.8011,-1.843,0.0751,0.0884,0.0012,0.1424,-0.1457,0.0133,-0.0872,-0.0739,-0.1412,0.1469,False,True,False,nan,nan,15,model_internal_ready,correct,correct,correct,boundary,boundary,boundary,boundary,boundary,boundary
Qwen_Qwen2.5-3B,decoder,pitch,pitch_gp_08,The pitch was poorly kept; the slides hadn't been updated.,0,1,0_to_1,slides,probe,"The

probe","The pitch

probe","The pitch was poorly kept; the slides

probe",3,4,10,0.3471,-0.9528,-1.8589,-0.6003,-0.6318,0.0274,-0.0753,-0.147,-0.0475,-0.05,-0.1028,-0.0716,-0.1744,-0.0995,-0.097,True,False,False,nan,nan,15,model_internal_ready,correct,primed,primed,boundary,boundary,primed,boundary,boundary,boundary
Qwen_Qwen2.5-3B,decoder,pitch,pitch_gp_09,The groundskeeper criticised the pitch because its market analysis lacked evidence.,0,1,0_to_1,market,probe,"The groundskeeper criticised the

probe","The groundskeeper criticised the pitch

probe","The groundskeeper criticised the pitch because its market

probe",7,8,11,1.2246,1.2706,1.0558,3.054,1.8765,0.0968,0.1005,0.0835,0.2415,0.1484,0.0036,-0.017,-0.0133,-0.158,-0.0649,False,True,False,nan,nan,15,model_internal_ready,correct,correct,correct,boundary,correct,boundary,boundary,boundary,boundary
Qwen_Qwen2.5-3B,decoder,pitch,pitch_gp_10,The football coach discussed the pitch until the board asked about projected profits.,0,1,0_to_1,profits,probe,"The football coach discussed the

probe","The football coach discussed the pitch

probe","The football coach discussed the pitch until the board asked about projected profits

probe",7,8,15,0.4981,-3.3975,4.137,0.0563,6.6079,0.0394,-0.2686,0.3271,0.0045,0.5225,-0.308,0.5957,0.2877,0.3226,-0.1954,True,True,True,nan,nan,15,model_internal_ready,correct,primed,correct,boundary,primed,correct,boundary,boundary,correct
Qwen_Qwen2.5-3B,decoder,pitch,pitch_gp_11,"With the goalposts still being repaired, he was puzzled by the state of the pitch, which the entrepreneur had based on outdated figures.",0,1,0_to_1,entrepreneur,probe,"With the goalposts still being repaired, he was puzzled by the state of the

probe","With the goalposts still being repaired, he was puzzled by the state of the pitch

probe","With the goalposts still being repaired, he was puzzled by the state of the pitch, which the entrepreneur

probe",18,19,23,0.1432,-2.2189,2.3193,3.3591,3.5781,0.0113,-0.1754,0.1834,0.2656,0.2829,-0.1868,0.3588,0.1721,-0.0822,-0.0995,True,True,True,nan,nan,15,model_internal_ready,correct,primed,correct,boundary,primed,correct,boundary,boundary,boundary
Qwen_Qwen2.5-3B,decoder,pitch,pitch_gp_12,The team captain revised the pitch before the investors arrived for the presentation.,0,1,0_to_1,investors,probe,"The team captain revised the

probe","The team captain revised the pitch

probe","The team captain revised the pitch before the investors

probe",7,8,11,0.0906,-0.9466,3.9277,5.2563,4.8694,0.0072,-0.0748,0.3106,0.4156,0.385,-0.082,0.3854,0.3034,-0.105,-0.0745,True,True,True,nan,nan,15,model_internal_ready,correct,primed,correct,boundary,boundary,correct,boundary,boundary,correct
Qwen_Qwen2.5-3B,decoder,pitch,pitch_gp_13,"The sports reporter analysed the pitch, which promised rapid growth in subscriber revenue.",0,1,0_to_1,revenue,probe,"The sports reporter analysed the

probe","The sports reporter analysed the pitch

probe","The sports reporter analysed the pitch, which promised rapid growth in subscriber revenue

probe",7,8,16,1.5749,-1.7537,4.822,1.4377,5.7701,0.1245,-0.1387,0.3813,0.1137,0.4562,-0.2632,0.5199,0.2567,0.2676,-0.075,True,True,True,nan,nan,15,model_internal_ready,correct,primed,correct,correct,primed,correct,boundary,boundary,correct
Qwen_Qwen2.5-3B,decoder,pitch,pitch_gp_14,"While the players warmed up on their pitch, the investors were already waiting.",0,1,0_to_1,investors,probe,"While the players warmed up on their

probe","While the players warmed up on their pitch

probe","While the players warmed up on their pitch, the investors

probe",9,10,13,-1.427,-2.5156,3.4847,5.2558,3.8778,-0.1128,-0.1989,0.2755,0.4156,0.3066,-0.0861,0.4744,0.3884,-0.14,-0.0311,True,True,True,nan,nan,15,model_internal_ready,primed,primed,correct,primed,primed,correct,boundary,boundary,boundary
Qwen_Qwen2.5-7B,decoder,bank,bank_gp_01,She finished her loan application and walked to the bank to sit by the river.,1,0,1_to_0,river,probe,"She finished her loan application and walked to the

probe","She finished her loan application and walked to the bank

probe","She finished her loan application and walked to the bank to sit by the river

probe",11,12,17,5.7788,-24.8109,-16.2663,5.496,27.0729,0.0682,-0.2926,-0.1918,0.0648,0.3193,-0.3608,0.1008,-0.26,-0.2566,-0.5111,True,False,False,nan,nan,28,model_internal_ready,correct,primed,primed,boundary,primed,primed,boundary,boundary,boundary
Qwen_Qwen2.5-7B,decoder,bank,bank_gp_02,The branch manager waited at the bank until a fish took the bait.,1,0,1_to_0,fish,probe,"The branch manager waited at the

probe","The branch manager waited at the bank

probe","The branch manager waited at the bank until a fish

probe",8,9,12,3.1576,-4.7545,15.0909,11.0311,26.4239,0.0372,-0.0561,0.178,0.1301,0.3116,-0.0933,0.234,0.1407,0.0479,-0.1337,True,True,True,nan,nan,28,model_internal_ready,correct,primed,correct,boundary,boundary,correct,boundary,boundary,boundary
Qwen_Qwen2.5-7B,decoder,bank,bank_gp_03,He discussed his mortgage at the bank until a passing boat drenched him.,1,0,1_to_0,boat,probe,"He discussed his mortgage at the

probe","He discussed his mortgage at the bank

probe","He discussed his mortgage at the bank until a passing boat

probe",8,9,13,-10.3557,-41.6746,6.9459,22.4782,21.8958,-0.1221,-0.4915,0.0819,0.2651,0.2582,-0.3694,0.5734,0.204,-0.1832,-0.1763,True,True,True,nan,nan,28,model_internal_ready,primed,primed,correct,primed,primed,boundary,boundary,primed,boundary
Qwen_Qwen2.5-7B,decoder,bank,bank_gp_04,The loan officer met her at the bank and helped her into the kayak.,1,0,1_to_0,kayak,probe,"The loan officer met her at the

probe","The loan officer met her at the bank

probe","The loan officer met her at the bank and helped her into the kayak

probe",9,10,16,-0.5435,-11.8052,4.6286,16.6014,19.3344,-0.0064,-0.1392,0.0546,0.1958,0.228,-0.1328,0.1938,0.061,-0.1412,-0.1734,True,True,True,nan,nan,28,model_internal_ready,primed,primed,correct,boundary,primed,boundary,boundary,boundary,boundary
Qwen_Qwen2.5-7B,decoder,bank,bank_gp_05,He took his overdraft papers to the bank and threw them angrily into the river.,1,0,1_to_0,river,probe,"He took his overdraft papers to the

probe","He took his overdraft papers to the bank

probe","He took his overdraft papers to the bank and threw them angrily into the river

probe",10,11,18,-3.1667,-27.2304,-23.1008,5.496,6.9537,-0.0373,-0.3211,-0.2724,0.0648,0.082,-0.2838,0.0487,-0.2351,-0.3372,-0.3544,True,False,False,nan,nan,28,model_internal_ready,primed,primed,primed,boundary,primed,primed,boundary,primed,boundary
Qwen_Qwen2.5-7B,decoder,bank,bank_gp_06,Her account adviser met her at the bank and stripped down to his swimming trunks.,1,0,1_to_0,swimming,probe,"Her account adviser met her at the

probe","Her account adviser met her at the bank

probe","Her account adviser met her at the bank and stripped down to his swimming

probe",9,10,16,3.9403,-7.4255,5.8051,28.1174,15.211,0.0465,-0.0876,0.0685,0.3316,0.1794,-0.134,0.156,0.022,-0.2631,-0.1109,True,True,True,nan,nan,28,model_internal_ready,correct,primed,correct,boundary,boundary,boundary,boundary,boundary,boundary
Qwen_Qwen2.5-7B,decoder,bank,bank_gp_07,The mortgage broker suggested they meet at the bank and paddle into the sunset together.,1,0,1_to_0,paddle,probe,"The mortgage broker suggested they meet at the

probe","The mortgage broker suggested they meet at the bank

probe","The mortgage broker suggested they meet at the bank and paddle

probe",10,11,13,8.6942,-9.3152,18.5454,16.5169,35.3182,0.1025,-0.1099,0.2187,0.1948,0.4165,-0.2124,0.3286,0.1162,0.0239,-0.1978,True,True,True,nan,nan,28,model_internal_ready,correct,primed,correct,correct,primed,correct,boundary,boundary,boundary
Qwen_Qwen2.5-7B,decoder,bank,bank_gp_08,"After checking the river level, she waited at the bank until the teller called her inside.",0,1,0_to_1,teller,probe,"After checking the river level, she waited at the

probe","After checking the river level, she waited at the bank

probe","After checking the river level, she waited at the bank until the teller

probe",12,13,17,-15.7288,-22.1568,-17.6296,-10.2983,17.5443,-0.1855,-0.2613,-0.2079,-0.1215,0.2069,-0.0758,0.0534,-0.0224,-0.0865,-0.4148,True,False,False,nan,nan,28,model_internal_ready,primed,primed,primed,primed,primed,primed,boundary,boundary,boundary
Qwen_Qwen2.5-7B,decoder,bank,bank_gp_09,"After packing away his fishing rod, he sat by the bank, until the loan officer waved him inside.",0,1,0_to_1,loan,probe,"After packing away his fishing rod, he sat by the

probe","After packing away his fishing rod, he sat by the bank

probe","After packing away his fishing rod, he sat by the bank, until the loan

probe",13,14,18,-27.3809,-28.2982,-11.5464,2.8123,10.5644,-0.3229,-0.3337,-0.1362,0.0332,0.1246,-0.0108,0.1976,0.1867,-0.1693,-0.2608,True,False,False,nan,nan,28,model_internal_ready,primed,primed,primed,primed,primed,primed,primed,primed,boundary
Qwen_Qwen2.5-7B,decoder,bank,bank_gp_10,The canoe guide pointed toward the bank as the cashier locked the front doors.,0,1,0_to_1,cashier,probe,"The canoe guide pointed toward the

probe","The canoe guide pointed toward the bank

probe","The canoe guide pointed toward the bank as the cashier

probe",8,9,12,-37.3334,-31.6789,-14.9648,6.9175,19.7916,-0.4403,-0.3736,-0.1765,0.0816,0.2334,0.0667,0.1971,0.2638,-0.2581,-0.4099,True,False,False,nan,nan,28,model_internal_ready,primed,primed,primed,primed,primed,primed,primed,primed,boundary
Qwen_Qwen2.5-7B,decoder,bank,bank_gp_11,"Following the river path, they stopped at the bank to open a business account.",0,1,0_to_1,account,probe,"Following the river path, they stopped at the

probe","Following the river path, they stopped at the bank

probe","Following the river path, they stopped at the bank to open a business account

probe",11,12,17,-42.3913,-55.2665,-18.4871,-1.7287,20.8683,-0.4999,-0.6518,-0.218,-0.0204,0.2461,-0.1518,0.4337,0.2819,-0.1976,-0.4641,True,False,False,nan,nan,28,model_internal_ready,primed,primed,primed,primed,primed,primed,primed,primed,boundary
Qwen_Qwen2.5-7B,decoder,bank,bank_gp_12,The flood inspector photographed the bank before its cash machine was replaced.,0,1,0_to_1,cash,probe,"The flood inspector photographed the

probe","The flood inspector photographed the bank

probe","The flood inspector photographed the bank before its cash

probe",7,8,11,-35.9662,-34.9401,7.6572,3.3709,7.9419,-0.4242,-0.4121,0.0903,0.0398,0.0937,0.0121,0.5024,0.5145,0.0505,-0.0034,True,True,True,nan,nan,28,model_internal_ready,primed,primed,correct,primed,primed,boundary,primed,primed,boundary
Qwen_Qwen2.5-7B,decoder,bank,bank_gp_13,The kayaker returned to the bank because the mortgage adviser had left a message.,0,1,0_to_1,mortgage,probe,"The kayaker returned to the

probe","The kayaker returned to the bank

probe","The kayaker returned to the bank because the mortgage

probe",8,9,12,-39.7756,-39.7647,-11.2806,5.2509,-0.1569,-0.4691,-0.469,-0.133,0.0619,-0.0019,0.0001,0.3359,0.336,-0.195,-0.1312,True,False,False,nan,nan,28,model_internal_ready,primed,primed,primed,primed,primed,primed,primed,primed,boundary
Qwen_Qwen2.5-7B,decoder,bank,bank_gp_14,"After rowing practice, she returned to the bank because the vault alarm had sounded.",0,1,0_to_1,vault,probe,"After rowing practice, she returned to the

probe","After rowing practice, she returned to the bank

probe","After rowing practice, she returned to the bank because the vault

probe",11,12,15,-27.3369,-35.6624,-17.9638,4.132,-3.4109,-0.3224,-0.4206,-0.2119,0.0487,-0.0402,-0.0982,0.2087,0.1105,-0.2606,-0.1716,True,False,False,nan,nan,28,model_internal_ready,primed,primed,primed,primed,primed,primed,primed,primed,boundary
Qwen_Qwen2.5-7B,decoder,bark,bark_gp_01,"The dog warden investigated the bark, which was peeling from the old elm.",0,1,0_to_1,elm,probe,"The dog warden investigated the

probe","The dog warden investigated the bark

probe","The dog warden investigated the bark, which was peeling from the old elm

probe",8,9,18,-22.8216,-9.1686,15.6451,14.3585,23.7155,-0.3283,-0.1319,0.2251,0.2066,0.3412,0.1964,0.357,0.5534,0.0185,-0.1161,True,True,True,nan,nan,28,model_internal_ready,primed,primed,correct,primed,primed,correct,primed,boundary,boundary
Qwen_Qwen2.5-7B,decoder,bark,bark_gp_02,The dog trainer studied the bark until she found beetles crawling underneath it.,0,1,0_to_1,beetles,probe,"The dog trainer studied the

probe","The dog trainer studied the bark

probe","The dog trainer studied the bark until she found beetles

probe",7,8,13,5.877,-1.4232,8.1497,25.2949,26.0046,0.0845,-0.0205,0.1172,0.3639,0.3741,-0.105,0.1377,0.0327,-0.2467,-0.2569,True,True,True,nan,nan,28,model_internal_ready,correct,primed,correct,boundary,boundary,correct,boundary,boundary,boundary
Qwen_Qwen2.5-7B,decoder,bark,bark_gp_03,The dog warden recorded the bark before the forester stripped it from the tree.,0,1,0_to_1,tree,probe,"The dog warden recorded the

probe","The dog warden recorded the bark

probe","The dog warden recorded the bark before the forester stripped it from the tree

probe",8,9,18,-8.2559,-2.9207,10.8232,8.1795,27.1468,-0.1188,-0.042,0.1557,0.1177,0.3905,0.0768,0.1977,0.2745,0.038,-0.2348,True,True,True,nan,nan,28,model_internal_ready,primed,primed,correct,primed,boundary,correct,boundary,boundary,boundary
Qwen_Qwen2.5-7B,decoder,bark,bark_gp_04,The neighbour complained about the bark until the wind tore it from the birch.,0,1,0_to_1,birch,probe,"The neighbour complained about the

probe","The neighbour complained about the bark

probe","The neighbour complained about the bark until the wind tore it from the birch

probe",7,8,17,-15.2071,-3.6547,0.7658,18.5382,9.2741,-0.2188,-0.0526,0.011,0.2667,0.1334,0.1662,0.0636,0.2298,-0.2557,-0.1224,True,True,True,nan,nan,28,model_internal_ready,primed,primed,correct,primed,boundary,boundary,boundary,boundary,boundary
Qwen_Qwen2.5-7B,decoder,bark,bark_gp_05,"Beside the dog kennel, the children noticed the bark, which their father peeled from the elm.",0,1,0_to_1,elm,probe,"Beside the dog kennel, the children noticed the

probe","Beside the dog kennel, the children noticed the bark

probe","Beside the dog kennel, the children noticed the bark, which their father peeled from the elm

probe",13,14,22,9.663,-7.1188,14.1522,14.3585,18.3122,0.139,-0.1024,0.2036,0.2066,0.2634,-0.2414,0.306,0.0646,-0.003,-0.0598,True,True,True,nan,nan,28,model_internal_ready,correct,primed,correct,correct,primed,correct,boundary,boundary,boundary
Qwen_Qwen2.5-7B,decoder,bark,bark_gp_06,"She complained to the neighbours about the bark, which an arborist later cut from the dying sycamore.",0,1,0_to_1,sycamore,probe,"She complained to the neighbours about the

probe","She complained to the neighbours about the bark

probe","She complained to the neighbours about the bark, which an arborist later cut from the dying sycamore

probe",9,10,25,-21.5341,-8.8293,-7.5049,8.1617,9.8894,-0.3098,-0.127,-0.108,0.1174,0.1423,0.1828,0.0191,0.2018,-0.2254,-0.2502,True,False,False,nan,nan,28,model_internal_ready,primed,primed,primed,primed,primed,primed,primed,boundary,boundary
Qwen_Qwen2.5-7B,decoder,bark,bark_gp_07,"After examining the damaged oak, she recorded the bark when the terrier began growling.",1,0,1_to_0,terrier,probe,"After examining the damaged oak, she recorded the

probe","After examining the damaged oak, she recorded the bark

probe","After examining the damaged oak, she recorded the bark when the terrier

probe",11,12,16,-9.7605,-14.111,-9.8035,-10.0844,18.6738,-0.1404,-0.203,-0.141,-0.1451,0.2686,-0.0626,0.062,-0.0006,0.004,-0.4097,True,False,False,nan,nan,28,model_internal_ready,primed,primed,primed,primed,primed,primed,boundary,boundary,boundary
Qwen_Qwen2.5-7B,decoder,bark,bark_gp_08,The arborist complained about the bark until the spaniel was taken indoors.,1,0,1_to_0,spaniel,probe,"The arborist complained about the

probe","The arborist complained about the bark

probe","The arborist complained about the bark until the spaniel

probe",9,10,14,-0.4635,-12.0426,0.2639,-6.1169,10.2517,-0.0067,-0.1732,0.0038,-0.088,0.1475,-0.1666,0.177,0.0105,0.0918,-0.1437,True,True,True,nan,nan,28,model_internal_ready,primed,primed,correct,boundary,primed,boundary,boundary,boundary,boundary
Qwen_Qwen2.5-7B,decoder,bark,bark_gp_09,"While cataloguing trees, the researcher analysed the bark that the puppy produced during the test.",1,0,1_to_0,puppy,probe,"While cataloguing trees, the researcher analysed the

probe","While cataloguing trees, the researcher analysed the bark

probe","While cataloguing trees, the researcher analysed the bark that the puppy

probe",11,12,15,-21.8762,-24.966,-10.0218,-9.4692,3.8673,-0.3147,-0.3592,-0.1442,-0.1362,0.0556,-0.0445,0.215,0.1705,-0.0079,-0.1998,True,False,False,nan,nan,28,model_internal_ready,primed,primed,primed,primed,primed,primed,primed,primed,boundary
Qwen_Qwen2.5-7B,decoder,bark,bark_gp_10,The lumberjack recognised the bark as soon as the dog made the noise again.,1,0,1_to_0,dog,probe,"The lumberjack recognised the

probe","The lumberjack recognised the bark

probe","The lumberjack recognised the bark as soon as the dog

probe",7,8,13,-6.3299,-12.2806,-16.3765,-5.6169,27.0518,-0.0911,-0.1767,-0.2356,-0.0808,0.3892,-0.0856,-0.0589,-0.1445,-0.1548,-0.6248,True,False,False,nan,nan,28,model_internal_ready,primed,primed,primed,boundary,primed,primed,boundary,boundary,boundary
Qwen_Qwen2.5-7B,decoder,bark,bark_gp_11,"Beside the timber yard, they discussed the bark until a terrier repeated it from behind the gate.",1,0,1_to_0,terrier,probe,"Beside the timber yard, they discussed the

probe","Beside the timber yard, they discussed the bark

probe","Beside the timber yard, they discussed the bark until a terrier

probe",11,12,16,15.8366,0.8128,5.4126,-10.1552,11.801,0.2278,0.0117,0.0779,-0.1461,0.1698,-0.2161,0.0662,-0.15,0.224,-0.0919,False,True,False,nan,nan,28,model_internal_ready,correct,correct,correct,correct,boundary,boundary,boundary,boundary,boundary
Qwen_Qwen2.5-7B,decoder,bark,bark_gp_12,The botanist tried to identify the bark before the hound made the sound a second time.,1,0,1_to_0,hound,probe,"The botanist tried to identify the

probe","The botanist tried to identify the bark

probe","The botanist tried to identify the bark before the hound

probe",10,11,15,-22.9323,-27.6171,-18.9143,-12.802,0.7556,-0.3299,-0.3973,-0.2721,-0.1842,0.0109,-0.0674,0.1252,0.0578,-0.0879,-0.283,True,False,False,nan,nan,28,model_internal_ready,primed,primed,primed,primed,primed,primed,primed,primed,boundary
Qwen_Qwen2.5-7B,decoder,bark,bark_gp_13,"After the terrier woke the neighbours, she noticed the bark, where sap was seeping from the trunk.",0,1,0_to_1,sap,probe,"After the terrier woke the neighbours, she noticed the

probe","After the terrier woke the neighbours, she noticed the bark

probe","After the terrier woke the neighbours, she noticed the bark, where sap

probe",13,14,17,-2.9324,-19.6994,2.2781,10.8505,20.0903,-0.0422,-0.2834,0.0328,0.1561,0.289,-0.2412,0.3162,0.075,-0.1233,-0.2563,True,True,True,nan,nan,28,model_internal_ready,primed,primed,correct,boundary,primed,boundary,boundary,boundary,boundary
Qwen_Qwen2.5-7B,decoder,bark,bark_gp_14,"After inspecting the split trunk, she noted the bark that echoed across the empty yard.",1,0,1_to_0,echoed,probe,"After inspecting the split trunk, she noted the

probe","After inspecting the split trunk, she noted the bark

probe","After inspecting the split trunk, she noted the bark that echoed

probe",12,13,15,-7.6593,-19.9386,-18.4793,-8.3162,7.5058,-0.1102,-0.2868,-0.2658,-0.1196,0.108,-0.1767,0.021,-0.1557,-0.1462,-0.3738,True,False,False,nan,nan,28,model_internal_ready,primed,primed,primed,primed,primed,primed,boundary,boundary,boundary
Qwen_Qwen2.5-7B,decoder,bat,bat_gp_01,"He handed her the bat, which spread its wings and flew away.",0,1,0_to_1,wings,probe,"He handed her the

probe","He handed her the bat

probe","He handed her the bat, which spread its wings

probe",6,7,12,-21.793,14.2166,2.3978,49.7011,-13.5942,-0.2561,0.167,0.0282,0.584,-0.1597,0.4231,-0.1389,0.2842,-0.5558,0.1879,False,True,False,nan,nan,28,model_internal_ready,primed,correct,correct,primed,correct,boundary,boundary,boundary,boundary
Qwen_Qwen2.5-7B,decoder,bat,bat_gp_02,"After practice, he carried the bat into the shed, where it hung upside down from a rafter.",0,1,0_to_1,rafter,probe,"After practice, he carried the

probe","After practice, he carried the bat

probe","After practice, he carried the bat into the shed, where it hung upside down from a rafter

probe",8,9,22,-20.799,-10.696,-21.7484,41.3969,-21.5689,-0.2444,-0.1257,-0.2555,0.4864,-0.2534,0.1187,-0.1299,-0.0112,-0.7419,-0.0021,True,False,False,nan,nan,28,model_internal_ready,primed,primed,primed,primed,primed,primed,boundary,boundary,boundary
Qwen_Qwen2.5-7B,decoder,bat,bat_gp_03,"She reached for the bat beside the wicket, but it shrieked and flew away.",0,1,0_to_1,shrieked,probe,"She reached for the

probe","She reached for the bat

probe","She reached for the bat beside the wicket, but it shrieked

probe",6,7,17,-27.2515,8.9884,-20.829,38.7583,-24.8504,-0.3202,0.1056,-0.2447,0.4554,-0.292,0.4258,-0.3503,0.0755,-0.7001,0.0472,False,False,False,nan,nan,28,model_internal_ready,primed,correct,primed,primed,correct,primed,primed,boundary,boundary
Qwen_Qwen2.5-7B,decoder,bat,bat_gp_04,"The umpire inspected the bat, which bit his finger and flew over the boundary.",0,1,0_to_1,flew,probe,"The umpire inspected the

probe","The umpire inspected the bat

probe","The umpire inspected the bat, which bit his finger and flew

probe",7,8,15,-13.6474,-13.742,-35.3785,48.8684,16.0014,-0.1604,-0.1615,-0.4157,0.5742,0.188,-0.0011,-0.2542,-0.2553,-0.9899,-0.6037,True,False,False,nan,nan,28,model_internal_ready,primed,primed,primed,primed,primed,primed,boundary,boundary,primed
Qwen_Qwen2.5-7B,decoder,bat,bat_gp_05,"The player reached into the kit bag for the bat, which unfurled its wings and clung to his sleeve.",0,1,0_to_1,wings,probe,"The player reached into the kit bag for the

probe","The player reached into the kit bag for the bat

probe","The player reached into the kit bag for the bat, which unfurled its wings

probe",11,12,19,-23.9134,-25.2313,-16.2792,49.7755,-15.0178,-0.281,-0.2965,-0.1913,0.5848,-0.1765,-0.0155,0.1052,0.0897,-0.7761,-0.0148,True,False,False,nan,nan,28,model_internal_ready,primed,primed,primed,primed,primed,primed,boundary,boundary,boundary
Qwen_Qwen2.5-7B,decoder,bat,bat_gp_06,"She locked the bat in the equipment room, but by morning it was sleeping upside down from the ceiling.",0,1,0_to_1,sleeping,probe,"She locked the

probe","She locked the bat

probe","She locked the bat in the equipment room, but by morning it was sleeping

probe",5,6,17,0.4683,23.5855,-13.5081,43.7397,-21.7127,0.0055,0.2771,-0.1587,0.5139,-0.2551,0.2716,-0.4358,-0.1642,-0.6726,0.0964,False,False,False,nan,nan,28,model_internal_ready,correct,correct,primed,boundary,correct,primed,boundary,boundary,boundary
Qwen_Qwen2.5-7B,decoder,bat,bat_gp_07,"The boy tucked the bat under his arm, but it wriggled free and flew into the rafters.",0,1,0_to_1,rafters,probe,"The boy tucked the

probe","The boy tucked the bat

probe","The boy tucked the bat under his arm, but it wriggled free and flew into the rafters

probe",6,7,23,-17.5126,-13.9183,-37.2109,47.4429,-26.8329,-0.2058,-0.1635,-0.4372,0.5574,-0.3153,0.0422,-0.2737,-0.2314,-0.9946,-0.1219,True,False,False,nan,nan,28,model_internal_ready,primed,primed,primed,primed,primed,primed,boundary,boundary,primed
Qwen_Qwen2.5-7B,decoder,bat,bat_gp_08,"After monitoring the cave all night, she carried the bat until the batter asked for it back.",1,0,1_to_0,batter,probe,"After monitoring the cave all night, she carried the

probe","After monitoring the cave all night, she carried the bat

probe","After monitoring the cave all night, she carried the bat until the batter

probe",12,13,16,18.0326,10.64,28.4459,-39.5478,36.6758,0.2119,0.125,0.3342,-0.4647,0.4309,-0.0869,0.2092,0.1224,0.7989,-0.0967,False,True,False,nan,nan,28,model_internal_ready,correct,correct,correct,correct,correct,correct,boundary,boundary,correct
Qwen_Qwen2.5-7B,decoder,bat,bat_gp_09,The wildlife officer inspected the bat before the umpire ruled it illegal.,1,0,1_to_0,umpire,probe,"The wildlife officer inspected the

probe","The wildlife officer inspected the bat

probe","The wildlife officer inspected the bat before the umpire

probe",7,8,12,-26.3589,-34.0185,31.4525,-37.462,38.0945,-0.3097,-0.3997,0.3696,-0.4402,0.4476,-0.09,0.7693,0.6793,0.8097,-0.078,True,True,True,nan,nan,28,model_internal_ready,primed,primed,correct,primed,primed,correct,primed,primed,correct
Qwen_Qwen2.5-7B,decoder,bat,bat_gp_10,The zoologist photographed the bat that the batsman had cracked during practice.,1,0,1_to_0,batsman,probe,"The zoologist photographed the

probe","The zoologist photographed the bat

probe","The zoologist photographed the bat that the batsman

probe",7,8,12,-14.5629,-52.5058,9.3947,-40.8188,25.4463,-0.1711,-0.6169,0.1104,-0.4796,0.299,-0.4458,0.7273,0.2815,0.59,-0.1886,True,True,True,nan,nan,28,model_internal_ready,primed,primed,correct,primed,primed,correct,boundary,primed,boundary
Qwen_Qwen2.5-7B,decoder,bat,bat_gp_11,The cave guide returned the bat to the coach's equipment bag.,1,0,1_to_0,coach,probe,"The cave guide returned the

probe","The cave guide returned the bat

probe","The cave guide returned the bat to the coach

probe",7,8,11,21.532,-5.7951,-9.7707,-29.4135,27.9092,0.253,-0.0681,-0.1148,-0.3456,0.3279,-0.3211,-0.0467,-0.3678,0.2308,-0.4427,True,False,False,nan,nan,28,model_internal_ready,correct,primed,primed,correct,boundary,primed,boundary,boundary,boundary
Qwen_Qwen2.5-7B,decoder,bat,bat_gp_12,"At dusk, the ranger spotted the bat lying beside the wicket.",1,0,1_to_0,wicket,probe,"At dusk, the ranger spotted the

probe","At dusk, the ranger spotted the bat

probe","At dusk, the ranger spotted the bat lying beside the wicket

probe",9,10,15,0.8591,-52.6756,-38.039,-41.4703,12.6528,0.0101,-0.6189,-0.4469,-0.4873,0.1487,-0.629,0.172,-0.457,0.0403,-0.5956,True,False,False,nan,nan,28,model_internal_ready,correct,primed,primed,boundary,primed,primed,boundary,primed,primed
Qwen_Qwen2.5-7B,decoder,bat,bat_gp_13,The conservationist tagged the bat before the slugger took it to home plate.,1,0,1_to_0,slugger,probe,"The conservationist tagged the

probe","The conservationist tagged the bat

probe","The conservationist tagged the bat before the slugger

probe",7,8,12,-3.2894,-42.3752,11.3592,-33.4245,24.346,-0.0386,-0.4979,0.1335,-0.3927,0.2861,-0.4592,0.6314,0.1721,0.5262,-0.1526,True,True,True,nan,nan,28,model_internal_ready,primed,primed,correct,boundary,primed,correct,boundary,primed,boundary
Qwen_Qwen2.5-7B,decoder,bat,bat_gp_14,The cave researcher found the bat before the pitcher asked to use it during warm-up.,1,0,1_to_0,pitcher,probe,"The cave researcher found the

probe","The cave researcher found the bat

probe","The cave researcher found the bat before the pitcher

probe",7,8,11,-20.6209,-32.5531,3.0629,-45.531,4.2879,-0.2423,-0.3825,0.036,-0.535,0.0504,-0.1402,0.4185,0.2783,0.571,-0.0144,True,True,True,nan,nan,28,model_internal_ready,primed,primed,correct,primed,primed,boundary,boundary,primed,boundary
Qwen_Qwen2.5-7B,decoder,crane,crane_gp_01,The site manager watched the crane step into the reeds.,1,0,1_to_0,reeds,probe,"The site manager watched the

probe","The site manager watched the crane

probe","The site manager watched the crane step into the reeds

probe",7,8,13,-3.3611,-0.9426,5.25,7.851,7.4371,-0.0495,-0.0139,0.0773,0.1157,0.1096,0.0356,0.0912,0.1269,-0.0383,-0.0322,True,True,True,nan,nan,28,model_internal_ready,primed,primed,correct,boundary,boundary,boundary,boundary,boundary,boundary
Qwen_Qwen2.5-7B,decoder,crane,crane_gp_02,The operator waited beside the crane until it spread its wings and flew over the scaffolding.,1,0,1_to_0,wings,probe,"The operator waited beside the

probe","The operator waited beside the crane

probe","The operator waited beside the crane until it spread its wings

probe",7,8,13,-11.9628,-14.7656,-19.2156,1.8341,-2.0061,-0.1762,-0.2175,-0.2831,0.027,-0.0296,-0.0413,-0.0656,-0.1068,-0.3101,-0.2535,True,False,False,nan,nan,28,model_internal_ready,primed,primed,primed,primed,primed,primed,boundary,boundary,boundary
Qwen_Qwen2.5-7B,decoder,crane,crane_gp_03,"The foreman pointed to the crane, which dipped its beak into the drainage ditch.",1,0,1_to_0,beak,probe,"The foreman pointed to the

probe","The foreman pointed to the crane

probe","The foreman pointed to the crane, which dipped its beak

probe",8,9,15,-7.0318,-4.2895,-0.889,10.9631,12.3237,-0.1036,-0.0632,-0.0131,0.1615,0.1815,0.0404,0.0501,0.0905,-0.1746,-0.1946,True,False,False,nan,nan,28,model_internal_ready,primed,primed,primed,primed,boundary,boundary,boundary,boundary,boundary
Qwen_Qwen2.5-7B,decoder,crane,crane_gp_04,"The safety inspector examined the crane, which tucked its head beneath one wing.",1,0,1_to_0,wing,probe,"The safety inspector examined the

probe","The safety inspector examined the crane

probe","The safety inspector examined the crane, which tucked its head beneath one wing

probe",7,8,16,-9.101,-6.7681,-19.8116,-2.3139,2.7797,-0.1341,-0.0997,-0.2919,-0.0341,0.041,0.0344,-0.1922,-0.1578,-0.2578,-0.3328,True,False,False,nan,nan,28,model_internal_ready,primed,primed,primed,primed,boundary,primed,boundary,boundary,boundary
Qwen_Qwen2.5-7B,decoder,crane,crane_gp_05,"The steelworkers watched the crane arrive, fold its legs, and begin to preen.",1,0,1_to_0,preen,probe,"The steelworkers watched the

probe","The steelworkers watched the crane

probe","The steelworkers watched the crane arrive, fold its legs, and begin to preen

probe",7,8,19,-4.3373,-2.739,-5.6127,2.6561,1.0918,-0.0639,-0.0403,-0.0827,0.0391,0.0161,0.0235,-0.0423,-0.0188,-0.1218,-0.0988,True,False,False,nan,nan,28,model_internal_ready,primed,primed,primed,boundary,boundary,boundary,boundary,boundary,boundary
Qwen_Qwen2.5-7B,decoder,crane,crane_gp_06,"The contractor followed the crane to the drainage ditch, where it speared a fish.",1,0,1_to_0,fish,probe,"The contractor followed the

probe","The contractor followed the crane

probe","The contractor followed the crane to the drainage ditch, where it speared a fish

probe",6,7,18,-13.5056,-13.4497,12.2725,6.4804,11.41,-0.199,-0.1981,0.1808,0.0955,0.1681,0.0008,0.3789,0.3798,0.0853,0.0127,True,True,True,nan,nan,28,model_internal_ready,primed,primed,correct,primed,primed,correct,boundary,boundary,boundary
Qwen_Qwen2.5-7B,decoder,crane,crane_gp_07,The ornithologist watched the crane until the operator lifted a steel girder.,0,1,0_to_1,operator,probe,"The ornithologist watched the

probe","The ornithologist watched the crane

probe","The ornithologist watched the crane until the operator

probe",8,9,12,-24.4029,-13.2168,-4.8831,4.6864,11.4751,-0.3595,-0.1947,-0.0719,0.069,0.169,0.1648,0.1228,0.2876,-0.141,-0.241,True,False,False,nan,nan,28,model_internal_ready,primed,primed,primed,primed,primed,boundary,primed,boundary,boundary
Qwen_Qwen2.5-7B,decoder,crane,crane_gp_08,The birdwatcher pointed to the crane as it raised a pallet above the roof.,0,1,0_to_1,pallet,probe,"The birdwatcher pointed to the

probe","The birdwatcher pointed to the crane

probe","The birdwatcher pointed to the crane as it raised a pallet

probe",9,10,15,-18.4599,-13.4821,12.0251,3.1618,6.6576,-0.2719,-0.1986,0.1772,0.0466,0.0981,0.0733,0.3758,0.4491,0.1306,0.0791,True,True,True,nan,nan,28,model_internal_ready,primed,primed,correct,primed,primed,correct,boundary,boundary,boundary
Qwen_Qwen2.5-7B,decoder,crane,crane_gp_09,"The ornithologists tracked the crane to the site, where it hoisted concrete panels.",0,1,0_to_1,hoisted,probe,"The ornithologists tracked the

probe","The ornithologists tracked the crane

probe","The ornithologists tracked the crane to the site, where it hoisted

probe",8,9,17,-19.1062,-20.7438,-8.1279,2.7218,8.9445,-0.2815,-0.3056,-0.1197,0.0401,0.1318,-0.0241,0.1859,0.1617,-0.1598,-0.2515,True,False,False,nan,nan,28,model_internal_ready,primed,primed,primed,primed,primed,primed,boundary,primed,boundary
Qwen_Qwen2.5-7B,decoder,crane,crane_gp_10,The wildlife photographer examined the crane while the foreman attached a load to its hook.,0,1,0_to_1,hook,probe,"The wildlife photographer examined the

probe","The wildlife photographer examined the crane

probe","The wildlife photographer examined the crane while the foreman attached a load to its hook

probe",7,8,18,0.7768,-8.9439,16.6274,5.5275,15.8972,0.0114,-0.1318,0.245,0.0814,0.2342,-0.1432,0.3767,0.2335,0.1635,0.0108,True,True,True,nan,nan,28,model_internal_ready,correct,primed,correct,boundary,primed,correct,boundary,boundary,boundary
Qwen_Qwen2.5-7B,decoder,crane,crane_gp_11,The ecologist reported the crane whose hydraulic boom had jammed above the road.,0,1,0_to_1,hydraulic,probe,"The ecologist reported the

probe","The ecologist reported the crane

probe","The ecologist reported the crane whose hydraulic

probe",7,8,10,-3.1206,-23.9965,6.4172,9.6847,19.7313,-0.046,-0.3535,0.0945,0.1427,0.2907,-0.3075,0.448,0.1405,-0.0481,-0.1961,True,True,True,nan,nan,28,model_internal_ready,primed,primed,correct,boundary,primed,boundary,boundary,primed,boundary
Qwen_Qwen2.5-7B,decoder,crane,crane_gp_12,The ranger photographed the crane before the construction crew dismantled it.,0,1,0_to_1,construction,probe,"The ranger photographed the

probe","The ranger photographed the crane

probe","The ranger photographed the crane before the construction

probe",6,7,10,-1.9697,-20.8415,15.7623,2.736,13.2501,-0.029,-0.307,0.2322,0.0403,0.1952,-0.278,0.5392,0.2612,0.1919,0.037,True,True,True,nan,nan,28,model_internal_ready,primed,primed,correct,boundary,primed,correct,boundary,primed,boundary
Qwen_Qwen2.5-7B,decoder,crane,crane_gp_13,"After counting the nesting birds, the ranger photographed the crane as its cable lifted a generator.",0,1,0_to_1,cable,probe,"After counting the nesting birds, the ranger photographed the

probe","After counting the nesting birds, the ranger photographed the crane

probe","After counting the nesting birds, the ranger photographed the crane as its cable

probe",12,13,16,-23.6836,-28.534,-6.4485,5.1226,9.2973,-0.3489,-0.4204,-0.095,0.0755,0.137,-0.0715,0.3254,0.2539,-0.1705,-0.232,True,False,False,nan,nan,28,model_internal_ready,primed,primed,primed,primed,primed,boundary,primed,primed,boundary
Qwen_Qwen2.5-7B,decoder,crane,crane_gp_14,"After inspecting the construction equipment, the engineer watched the crane as it swallowed a frog.",1,0,1_to_0,swallowed,probe,"After inspecting the construction equipment, the engineer watched the

probe","After inspecting the construction equipment, the engineer watched the crane

probe","After inspecting the construction equipment, the engineer watched the crane as it swallowed

probe",13,14,17,-9.5178,0.0772,-8.8781,2.0346,10.325,-0.1402,0.0011,-0.1308,0.03,0.1521,0.1414,-0.1319,0.0094,-0.1608,-0.2829,False,False,False,nan,nan,28,model_internal_ready,primed,correct,primed,primed,boundary,primed,boundary,boundary,boundary
Qwen_Qwen2.5-7B,decoder,spring,spring_gp_01,"They waited all winter for the spring, which finally bubbled from the rocks.",0,1,0_to_1,bubbled,probe,"They waited all winter for the

probe","They waited all winter for the spring

probe","They waited all winter for the spring, which finally bubbled

probe",8,9,14,-0.0445,-0.298,-0.0214,-0.1,0.1701,-0.0178,-0.1196,-0.0086,-0.0401,0.0683,-0.1018,0.111,0.0093,0.0316,-0.0769,True,False,False,nan,nan,3,model_internal_ready,primed,primed,primed,boundary,primed,boundary,boundary,boundary,boundary
Qwen_Qwen2.5-7B,decoder,spring,spring_gp_02,"After the harsh winter, the villagers celebrated the spring until it ran dry.",0,1,0_to_1,dry,probe,"After the harsh winter, the villagers celebrated the

probe","After the harsh winter, the villagers celebrated the spring

probe","After the harsh winter, the villagers celebrated the spring until it ran dry

probe",11,12,16,-0.0859,-0.2839,0.0056,0.1287,0.0297,-0.0345,-0.1139,0.0023,0.0516,0.0119,-0.0795,0.1162,0.0367,-0.0494,-0.0097,True,True,True,nan,nan,3,model_internal_ready,primed,primed,correct,boundary,primed,boundary,boundary,boundary,boundary
Qwen_Qwen2.5-7B,decoder,spring,spring_gp_03,The valley welcomed the spring until it swept away the pasture fence.,0,1,0_to_1,swept,probe,"The valley welcomed the

probe","The valley welcomed the spring

probe","The valley welcomed the spring until it swept

probe",6,7,10,0.1113,-0.1386,0.1767,0.098,0.5021,0.0447,-0.0556,0.0709,0.0393,0.2015,-0.1003,0.1265,0.0262,0.0316,-0.1306,True,True,True,nan,nan,3,model_internal_ready,correct,primed,correct,boundary,boundary,boundary,boundary,boundary,boundary
Qwen_Qwen2.5-7B,decoder,spring,spring_gp_04,"The children hurried outside to see the spring, then knelt to drink from it.",0,1,0_to_1,drink,probe,"The children hurried outside to see the

probe","The children hurried outside to see the spring

probe","The children hurried outside to see the spring, then knelt to drink

probe",9,10,16,-0.1269,-0.3981,-0.3746,-0.0849,-0.1191,-0.0509,-0.1598,-0.1503,-0.0341,-0.0478,-0.1088,0.0094,-0.0994,-0.1163,-0.1025,True,False,False,nan,nan,3,model_internal_ready,primed,primed,primed,boundary,primed,primed,boundary,boundary,boundary
Qwen_Qwen2.5-7B,decoder,spring,spring_gp_05,"After months without water, they prayed for the spring, which arrived with blossoms and longer days.",1,0,1_to_0,blossoms,probe,"After months without water, they prayed for the

probe","After months without water, they prayed for the spring

probe","After months without water, they prayed for the spring, which arrived with blossoms

probe",11,12,18,-0.0413,0.2028,0.1561,0.2701,0.1945,-0.0166,0.0814,0.0626,0.1084,0.0781,0.098,-0.0187,0.0792,-0.0458,-0.0154,False,True,False,nan,nan,3,model_internal_ready,primed,correct,correct,boundary,boundary,boundary,boundary,boundary,boundary
Qwen_Qwen2.5-7B,decoder,spring,spring_gp_06,"The estate expected the spring in March, but the surveyor found it bubbling beneath the old wall.",0,1,0_to_1,bubbling,probe,"The estate expected the

probe","The estate expected the spring

probe","The estate expected the spring in March, but the surveyor found it bubbling

probe",6,7,18,0.214,0.051,0.3105,0.0697,0.5349,0.0859,0.0205,0.1246,0.028,0.2147,-0.0654,0.1042,0.0388,0.0967,-0.09,False,True,False,nan,nan,3,model_internal_ready,correct,correct,correct,boundary,boundary,correct,boundary,boundary,boundary
Qwen_Qwen2.5-7B,decoder,spring,spring_gp_07,"After testing the village well, they waited for the spring, when the orchards would bloom.",1,0,1_to_0,orchards,probe,"After testing the village well, they waited for the

probe","After testing the village well, they waited for the spring

probe","After testing the village well, they waited for the spring, when the orchards

probe",12,13,18,-0.1642,-0.055,-0.1966,-0.0564,-0.1034,-0.0659,-0.0221,-0.0789,-0.0226,-0.0415,0.0439,-0.0568,-0.013,-0.0562,-0.0374,True,False,False,nan,nan,3,model_internal_ready,primed,primed,primed,boundary,boundary,boundary,boundary,boundary,boundary
Qwen_Qwen2.5-7B,decoder,spring,spring_gp_08,The hydrologist predicted the spring would bring warmer days to the valley.,1,0,1_to_0,warmer,probe,"The hydrologist predicted the

probe","The hydrologist predicted the spring

probe","The hydrologist predicted the spring would bring warmer

probe",8,9,12,-0.5064,-0.483,-0.5016,-0.0238,-0.5757,-0.2032,-0.1938,-0.2013,-0.0096,-0.231,0.0094,-0.0074,0.0019,-0.1917,0.0297,True,False,False,nan,nan,3,model_internal_ready,primed,primed,primed,primed,primed,primed,boundary,boundary,boundary
Qwen_Qwen2.5-7B,decoder,spring,spring_gp_09,"During the drought survey, she wrote about the spring that began with late snowstorms.",1,0,1_to_0,snowstorms,probe,"During the drought survey, she wrote about the

probe","During the drought survey, she wrote about the spring

probe","During the drought survey, she wrote about the spring that began with late snowstorms

probe",11,12,18,-0.1555,-0.0437,-0.423,-0.16,-0.4814,-0.0624,-0.0175,-0.1698,-0.0642,-0.1932,0.0449,-0.1522,-0.1074,-0.1056,0.0234,True,False,False,nan,nan,3,model_internal_ready,primed,primed,primed,boundary,boundary,primed,boundary,boundary,boundary
Qwen_Qwen2.5-7B,decoder,spring,spring_gp_10,"After mapping the underground water, they prepared for the spring by ordering seeds.",1,0,1_to_0,seeds,probe,"After mapping the underground water, they prepared for the

probe","After mapping the underground water, they prepared for the spring

probe","After mapping the underground water, they prepared for the spring by ordering seeds

probe",12,13,16,-0.3468,-0.305,-0.3907,0.0946,-0.1027,-0.1392,-0.1224,-0.1568,0.0379,-0.0412,0.0168,-0.0344,-0.0176,-0.1948,-0.1156,True,False,False,nan,nan,3,model_internal_ready,primed,primed,primed,primed,primed,primed,boundary,boundary,boundary
Qwen_Qwen2.5-7B,decoder,spring,spring_gp_11,"After celebrating the end of winter, the villagers welcomed the spring, which supplied their drinking water throughout the drought.",0,1,0_to_1,water,probe,"After celebrating the end of winter, the villagers welcomed the

probe","After celebrating the end of winter, the villagers welcomed the spring

probe","After celebrating the end of winter, the villagers welcomed the spring, which supplied their drinking water

probe",13,14,20,-0.0982,-0.2825,0.0198,0.2021,0.1402,-0.0394,-0.1134,0.0079,0.0811,0.0563,-0.074,0.1213,0.0473,-0.0732,-0.0483,True,True,True,nan,nan,3,model_internal_ready,primed,primed,correct,boundary,primed,boundary,boundary,boundary,boundary
Qwen_Qwen2.5-7B,decoder,spring,spring_gp_12,"After pruning the orchard, she wrote about the spring that fed a stream below the ridge.",0,1,0_to_1,stream,probe,"After pruning the orchard, she wrote about the

probe","After pruning the orchard, she wrote about the spring

probe","After pruning the orchard, she wrote about the spring that fed a stream

probe",12,13,17,0.0859,-0.0806,0.3092,0.1752,0.5045,0.0345,-0.0323,0.1241,0.0703,0.2025,-0.0668,0.1564,0.0896,0.0538,-0.0784,True,True,True,nan,nan,3,model_internal_ready,correct,primed,correct,boundary,boundary,correct,boundary,boundary,boundary
Qwen_Qwen2.5-7B,decoder,spring,spring_gp_13,"After inspecting the dried-up well, the hydrologist described the spring that arrived unusually early that year.",1,0,1_to_0,arrived,probe,"After inspecting the dried-up well, the hydrologist described the

probe","After inspecting the dried-up well, the hydrologist described the spring

probe","After inspecting the dried-up well, the hydrologist described the spring that arrived

probe",16,17,19,-0.4143,-0.4144,-0.445,0.0291,-0.5687,-0.1663,-0.1663,-0.1786,0.0117,-0.2282,-0.0,-0.0123,-0.0123,-0.1903,0.0496,True,False,False,nan,nan,3,model_internal_ready,primed,primed,primed,primed,primed,primed,boundary,boundary,boundary
Qwen_Qwen2.5-7B,decoder,spring,spring_gp_14,"After surveying the aquifer, the engineer described the spring that followed the coldest winter on record.",1,0,1_to_0,winter,probe,"After surveying the aquifer, the engineer described the

probe","After surveying the aquifer, the engineer described the spring

probe","After surveying the aquifer, the engineer described the spring that followed the coldest winter

probe",13,14,20,-0.5095,-0.5057,-0.4557,0.0788,-0.5493,-0.2045,-0.2029,-0.1829,0.0316,-0.2204,0.0015,0.02,0.0216,-0.2145,0.0376,True,False,False,nan,nan,3,model_internal_ready,primed,primed,primed,primed,primed,primed,boundary,boundary,boundary
Qwen_Qwen2.5-7B,decoder,match,match_gp_01,"The referee held up the match, then struck it against the box.",0,1,0_to_1,struck,probe,"The referee held up the

probe","The referee held up the match

probe","The referee held up the match, then struck

probe",7,8,11,-9.1202,-28.8012,-14.3621,15.3199,21.0062,-0.1336,-0.4219,-0.2104,0.2244,0.3077,-0.2883,0.2115,-0.0768,-0.4348,-0.5181,True,False,False,nan,nan,28,model_internal_ready,primed,primed,primed,primed,primed,primed,boundary,primed,boundary
Qwen_Qwen2.5-7B,decoder,match,match_gp_02,"The boxer threw the match, which landed in the dry grass and started a fire.",0,1,0_to_1,fire,probe,"The boxer threw the

probe","The boxer threw the match

probe","The boxer threw the match, which landed in the dry grass and started a fire

probe",6,7,18,2.3924,-7.7543,-17.7702,15.4344,-6.3161,0.035,-0.1136,-0.2603,0.2261,-0.0925,-0.1486,-0.1467,-0.2954,-0.4864,-0.1678,True,False,False,nan,nan,28,model_internal_ready,correct,primed,primed,boundary,primed,primed,boundary,boundary,boundary
Qwen_Qwen2.5-7B,decoder,match,match_gp_03,"The captain cursed the match, then struck it against the box.",0,1,0_to_1,struck,probe,"The captain cursed the

probe","The captain cursed the match

probe","The captain cursed the match, then struck

probe",6,7,10,8.3733,-3.9849,-1.0223,15.3199,13.9746,0.1227,-0.0584,-0.015,0.2244,0.2047,-0.181,0.0434,-0.1376,-0.2394,-0.2197,True,False,False,nan,nan,28,model_internal_ready,correct,primed,primed,correct,boundary,boundary,boundary,boundary,boundary
Qwen_Qwen2.5-7B,decoder,match,match_gp_04,The crowd watched the match until it burned out.,0,1,0_to_1,burned,probe,"The crowd watched the

probe","The crowd watched the match

probe","The crowd watched the match until it burned

probe",6,7,10,-0.685,-21.2627,-10.4101,15.8746,-2.1366,-0.01,-0.3115,-0.1525,0.2325,-0.0313,-0.3014,0.159,-0.1425,-0.385,-0.1212,True,False,False,nan,nan,28,model_internal_ready,primed,primed,primed,boundary,primed,primed,boundary,primed,boundary
Qwen_Qwen2.5-7B,decoder,match,match_gp_05,"The whole town waited for the match, which the mayor struck to light the bonfire.",0,1,0_to_1,bonfire,probe,"The whole town waited for the

probe","The whole town waited for the match

probe","The whole town waited for the match, which the mayor struck to light the bonfire

probe",8,9,19,-13.4517,-24.7279,-2.862,16.1004,5.7254,-0.1971,-0.3622,-0.0419,0.2359,0.0839,-0.1652,0.3203,0.1551,-0.2778,-0.1258,True,False,False,nan,nan,28,model_internal_ready,primed,primed,primed,primed,primed,boundary,boundary,primed,boundary
Qwen_Qwen2.5-7B,decoder,match,match_gp_06,"Before kickoff, the referee checked the match and put it into his pocket.",0,1,0_to_1,pocket,probe,"Before kickoff, the referee checked the

probe","Before kickoff, the referee checked the match

probe","Before kickoff, the referee checked the match and put it into his pocket

probe",9,10,16,-5.4661,-9.648,-7.4829,13.5045,19.3653,-0.0801,-0.1413,-0.1096,0.1978,0.2837,-0.0613,0.0317,-0.0295,-0.3074,-0.3933,True,False,False,nan,nan,28,model_internal_ready,primed,primed,primed,boundary,primed,primed,boundary,boundary,boundary
Qwen_Qwen2.5-7B,decoder,match,match_gp_07,"After inspecting the burned shed, the marshal discussed the match until the referee showed the replay.",1,0,1_to_0,referee,probe,"After inspecting the burned shed, the marshal discussed the

probe","After inspecting the burned shed, the marshal discussed the match

probe","After inspecting the burned shed, the marshal discussed the match until the referee

probe",13,14,17,-1.0026,-5.8855,4.7061,-4.025,20.5497,-0.0147,-0.0862,0.0689,-0.059,0.301,-0.0715,0.1552,0.0836,0.1279,-0.2321,True,True,True,nan,nan,28,model_internal_ready,primed,primed,correct,boundary,boundary,boundary,boundary,boundary,boundary
Qwen_Qwen2.5-7B,decoder,match,match_gp_08,"Beside the dying campfire, they were looking for the match, which was streamed by all the major TV services.",1,0,1_to_0,streamed,probe,"Beside the dying campfire, they were looking for the

probe","Beside the dying campfire, they were looking for the match

probe","Beside the dying campfire, they were looking for the match, which was streamed

probe",14,15,19,-9.4789,-16.6693,-20.6825,-11.8286,11.6794,-0.1389,-0.2442,-0.303,-0.1733,0.1711,-0.1053,-0.0588,-0.1641,-0.1297,-0.4741,True,False,False,nan,nan,28,model_internal_ready,primed,primed,primed,primed,primed,primed,boundary,boundary,primed
Qwen_Qwen2.5-7B,decoder,match,match_gp_09,The candle maker described the match that ended in a penalty shootout.,1,0,1_to_0,penalty,probe,"The candle maker described the

probe","The candle maker described the match

probe","The candle maker described the match that ended in a penalty

probe",7,8,13,-4.1409,-16.3933,28.47,-9.9628,31.7023,-0.0607,-0.2401,0.4171,-0.1459,0.4644,-0.1795,0.6572,0.4777,0.563,-0.0474,True,True,True,nan,nan,28,model_internal_ready,primed,primed,correct,boundary,primed,correct,boundary,boundary,correct
Qwen_Qwen2.5-7B,decoder,match,match_gp_10,"Although she was soaked, the match had remained dry, and the home side won in extra time.",1,0,1_to_0,side,probe,"Although she was soaked, the

probe","Although she was soaked, the match

probe","Although she was soaked, the match had remained dry, and the home side

probe",8,9,17,-1.2811,8.9107,18.1278,-17.7149,16.2532,-0.0188,0.1305,0.2656,-0.2595,0.2381,0.1493,0.135,0.2843,0.5251,0.0275,False,True,False,nan,nan,28,model_internal_ready,primed,correct,correct,boundary,correct,correct,boundary,boundary,boundary
Qwen_Qwen2.5-7B,decoder,match,match_gp_11,"In the dark, the match illuminated the entire city once the stadium lights came on.",1,0,1_to_0,stadium,probe,"In the dark, the

probe","In the dark, the match

probe","In the dark, the match illuminated the entire city once the stadium

probe",7,8,15,-7.2733,4.4681,-13.4275,-10.5656,-2.2006,-0.1065,0.0655,-0.1967,-0.1548,-0.0322,0.172,-0.2622,-0.0902,-0.0419,-0.1645,False,False,False,nan,nan,28,model_internal_ready,primed,correct,primed,primed,boundary,primed,boundary,boundary,boundary
Qwen_Qwen2.5-7B,decoder,match,match_gp_12,The arson investigator reconstructed the match that the home side won in extra time.,1,0,1_to_0,won,probe,"The arson investigator reconstructed the

probe","The arson investigator reconstructed the match

probe","The arson investigator reconstructed the match that the home side won

probe",7,8,13,0.3271,0.2931,15.5877,-13.1078,27.5226,0.0048,0.0043,0.2283,-0.192,0.4032,-0.0005,0.224,0.2236,0.4204,-0.1748,False,True,False,nan,nan,28,model_internal_ready,correct,correct,correct,boundary,boundary,correct,boundary,boundary,boundary
Qwen_Qwen2.5-7B,decoder,match,match_gp_13,"With the final score still disputed, the referee examined the match until its head flared orange.",0,1,0_to_1,flared,probe,"With the final score still disputed, the referee examined the

probe","With the final score still disputed, the referee examined the match

probe","With the final score still disputed, the referee examined the match until its head flared

probe",13,14,19,-8.4843,-16.5986,-15.2194,15.8947,15.3379,-0.1243,-0.2432,-0.2229,0.2328,0.2247,-0.1189,0.0202,-0.0987,-0.4558,-0.4476,True,False,False,nan,nan,28,model_internal_ready,primed,primed,primed,primed,primed,primed,boundary,boundary,boundary
Qwen_Qwen2.5-7B,decoder,match,match_gp_14,"After gathering dry kindling, they waited for the match, which went into extra time.",1,0,1_to_0,time,probe,"After gathering dry kindling, they waited for the

probe","After gathering dry kindling, they waited for the match

probe","After gathering dry kindling, they waited for the match, which went into extra time

probe",12,13,19,-4.7115,-21.5198,0.6649,-12.8865,26.6049,-0.069,-0.3152,0.0097,-0.1888,0.3897,-0.2462,0.325,0.0788,0.1985,-0.38,True,True,True,nan,nan,28,model_internal_ready,primed,primed,correct,boundary,primed,boundary,boundary,primed,boundary
Qwen_Qwen2.5-7B,decoder,pitch,pitch_gp_01,"The investors checked the pitch, which had just been freshly mown.",1,0,1_to_0,mown,probe,"The investors checked the

probe","The investors checked the pitch

probe","The investors checked the pitch, which had just been freshly mown

probe",6,7,15,7.9362,0.0144,-16.9659,3.9298,16.7652,0.1039,0.0002,-0.2221,0.0514,0.2195,-0.1037,-0.2223,-0.326,-0.2735,-0.4416,False,False,False,nan,nan,28,model_internal_ready,correct,correct,primed,correct,boundary,primed,boundary,boundary,boundary
Qwen_Qwen2.5-7B,decoder,pitch,pitch_gp_02,"She walked the investors through the pitch, careful not to scuff the fresh touchlines.",1,0,1_to_0,touchlines,probe,"She walked the investors through the

probe","She walked the investors through the pitch

probe","She walked the investors through the pitch, careful not to scuff the fresh touchlines

probe",8,9,19,4.8474,-26.2774,-7.9796,10.9457,-2.7015,0.0635,-0.344,-0.1045,0.1433,-0.0354,-0.4074,0.2395,-0.1679,-0.2477,-0.0691,True,False,False,nan,nan,28,model_internal_ready,correct,primed,primed,boundary,primed,primed,boundary,primed,boundary
Qwen_Qwen2.5-7B,decoder,pitch,pitch_gp_03,He reviewed the pitch and asked the groundskeeper to repaint the lines.,1,0,1_to_0,lines,probe,"He reviewed the

probe","He reviewed the pitch

probe","He reviewed the pitch and asked the groundskeeper to repaint the lines

probe",5,6,15,7.5952,6.1592,1.1294,3.075,-7.4814,0.0994,0.0806,0.0148,0.0403,-0.0979,-0.0188,-0.0658,-0.0846,-0.0255,0.1127,False,True,False,nan,nan,28,model_internal_ready,correct,correct,correct,boundary,boundary,boundary,boundary,boundary,boundary
Qwen_Qwen2.5-7B,decoder,pitch,pitch_gp_04,The investors rejected the pitch because the rain had left it waterlogged.,1,0,1_to_0,waterlogged,probe,"The investors rejected the

probe","The investors rejected the pitch

probe","The investors rejected the pitch because the rain had left it waterlogged

probe",6,7,15,0.5451,-0.1401,11.8106,11.4881,13.2317,0.0071,-0.0018,0.1546,0.1504,0.1732,-0.009,0.1564,0.1475,0.0042,-0.0186,True,True,True,nan,nan,28,model_internal_ready,correct,primed,correct,boundary,boundary,correct,boundary,boundary,boundary
Qwen_Qwen2.5-7B,decoder,pitch,pitch_gp_05,"The investors asked to see the pitch, so the groundskeeper led them onto it.",1,0,1_to_0,groundskeeper,probe,"The investors asked to see the

probe","The investors asked to see the pitch

probe","The investors asked to see the pitch, so the groundskeeper

probe",8,9,14,-0.3741,-6.558,-0.2266,4.0425,6.7744,-0.0049,-0.0858,-0.003,0.0529,0.0887,-0.081,0.0829,0.0019,-0.0559,-0.0916,True,False,False,nan,nan,28,model_internal_ready,primed,primed,primed,boundary,boundary,boundary,boundary,boundary,boundary
Qwen_Qwen2.5-7B,decoder,pitch,pitch_gp_06,The board reviewed the pitch until a groundskeeper asked them to keep off the grass.,1,0,1_to_0,grass,probe,"The board reviewed the

probe","The board reviewed the pitch

probe","The board reviewed the pitch until a groundskeeper asked them to keep off the grass

probe",6,7,18,7.3261,9.6862,7.6319,7.5319,-6.3103,0.0959,0.1268,0.0999,0.0986,-0.0826,0.0309,-0.0269,0.004,0.0013,0.1825,False,True,False,nan,nan,28,model_internal_ready,correct,correct,correct,boundary,correct,boundary,boundary,boundary,boundary
Qwen_Qwen2.5-7B,decoder,pitch,pitch_gp_07,"Her slides were ready, but the pitch was still too wet for kickoff.",1,0,1_to_0,wet,probe,"Her slides were ready, but the

probe","Her slides were ready, but the pitch

probe","Her slides were ready, but the pitch was still too wet

probe",9,10,14,17.9491,11.6959,23.8444,6.545,30.6084,0.235,0.1531,0.3121,0.0857,0.4007,-0.0819,0.159,0.0772,0.2265,-0.0885,False,True,False,nan,nan,28,model_internal_ready,correct,correct,correct,correct,correct,correct,boundary,boundary,correct
Qwen_Qwen2.5-7B,decoder,pitch,pitch_gp_08,The pitch was poorly kept; the slides hadn't been updated.,0,1,0_to_1,slides,probe,"The

probe","The pitch

probe","The pitch was poorly kept; the slides

probe",3,4,10,-14.4129,-16.279,-28.0793,-1.1448,-18.2568,-0.1887,-0.2131,-0.3676,-0.015,-0.239,-0.0244,-0.1545,-0.1789,-0.3526,-0.1286,True,False,False,nan,nan,28,model_internal_ready,primed,primed,primed,primed,primed,primed,boundary,boundary,primed
Qwen_Qwen2.5-7B,decoder,pitch,pitch_gp_09,The groundskeeper criticised the pitch because its market analysis lacked evidence.,0,1,0_to_1,market,probe,"The groundskeeper criticised the

probe","The groundskeeper criticised the pitch

probe","The groundskeeper criticised the pitch because its market

probe",7,8,11,-22.7199,-29.788,-1.9987,-1.7874,12.4726,-0.2974,-0.3899,-0.0262,-0.0234,0.1633,-0.0925,0.3638,0.2713,-0.0028,-0.1894,True,False,False,nan,nan,28,model_internal_ready,primed,primed,primed,primed,primed,boundary,boundary,primed,boundary
Qwen_Qwen2.5-7B,decoder,pitch,pitch_gp_10,The football coach discussed the pitch until the board asked about projected profits.,0,1,0_to_1,profits,probe,"The football coach discussed the

probe","The football coach discussed the pitch

probe","The football coach discussed the pitch until the board asked about projected profits

probe",7,8,15,-24.9155,-14.3831,26.6337,3.2498,37.2372,-0.3262,-0.1883,0.3487,0.0425,0.4875,0.1379,0.5369,0.6748,0.3061,-0.1388,True,True,True,nan,nan,28,model_internal_ready,primed,primed,correct,primed,primed,correct,primed,boundary,correct
Qwen_Qwen2.5-7B,decoder,pitch,pitch_gp_11,"With the goalposts still being repaired, he was puzzled by the state of the pitch, which the entrepreneur had based on outdated figures.",0,1,0_to_1,entrepreneur,probe,"With the goalposts still being repaired, he was puzzled by the state of the

probe","With the goalposts still being repaired, he was puzzled by the state of the pitch

probe","With the goalposts still being repaired, he was puzzled by the state of the pitch, which the entrepreneur

probe",18,19,23,-32.0698,-0.8215,2.2498,9.1143,26.7915,-0.4198,-0.0108,0.0295,0.1193,0.3507,0.4091,0.0402,0.4493,-0.0899,-0.3213,True,True,True,nan,nan,28,model_internal_ready,primed,primed,correct,primed,boundary,boundary,primed,boundary,boundary
Qwen_Qwen2.5-7B,decoder,pitch,pitch_gp_12,The team captain revised the pitch before the investors arrived for the presentation.,0,1,0_to_1,investors,probe,"The team captain revised the

probe","The team captain revised the pitch

probe","The team captain revised the pitch before the investors

probe",7,8,11,-14.5805,-12.9404,17.6258,13.1659,19.6067,-0.1909,-0.1694,0.2307,0.1723,0.2567,0.0215,0.4001,0.4216,0.0584,-0.0259,True,True,True,nan,nan,28,model_internal_ready,primed,primed,correct,primed,primed,correct,boundary,boundary,boundary
Qwen_Qwen2.5-7B,decoder,pitch,pitch_gp_13,"The sports reporter analysed the pitch, which promised rapid growth in subscriber revenue.",0,1,0_to_1,revenue,probe,"The sports reporter analysed the

probe","The sports reporter analysed the pitch

probe","The sports reporter analysed the pitch, which promised rapid growth in subscriber revenue

probe",7,8,16,-26.9098,-19.1579,24.9093,5.5071,26.3042,-0.3523,-0.2508,0.3261,0.0721,0.3443,0.1015,0.5769,0.6783,0.254,-0.0183,True,True,True,nan,nan,28,model_internal_ready,primed,primed,correct,primed,primed,correct,primed,boundary,correct
Qwen_Qwen2.5-7B,decoder,pitch,pitch_gp_14,"While the players warmed up on their pitch, the investors were already waiting.",0,1,0_to_1,investors,probe,"While the players warmed up on their

probe","While the players warmed up on their pitch

probe","While the players warmed up on their pitch, the investors

probe",9,10,13,-31.8295,-27.9459,-13.6964,13.1659,17.068,-0.4167,-0.3658,-0.1793,0.1723,0.2234,0.0508,0.1865,0.2374,-0.3516,-0.4027,True,False,False,nan,nan,28,model_internal_ready,primed,primed,primed,primed,primed,primed,primed,primed,boundary
mistralai_Mistral-Nemo-Base-2407,decoder,bank,bank_gp_01,She finished her loan application and walked to the bank to sit by the river.,1,0,1_to_0,river,probe,"She finished her loan application and walked to the

probe","She finished her loan application and walked to the bank

probe","She finished her loan application and walked to the bank to sit by the river

probe",11,12,17,-0.1203,-0.2109,0.0674,0.1984,0.3646,-0.0891,-0.1562,0.0499,0.1469,0.27,-0.0671,0.2061,0.139,-0.097,-0.2201,True,True,True,nan,nan,4,model_internal_ready,primed,primed,correct,boundary,primed,boundary,boundary,boundary,boundary
mistralai_Mistral-Nemo-Base-2407,decoder,bank,bank_gp_02,The branch manager waited at the bank until a fish took the bait.,1,0,1_to_0,fish,probe,"The branch manager waited at the

probe","The branch manager waited at the bank

probe","The branch manager waited at the bank until a fish

probe",8,9,12,0.0424,-0.0262,0.1797,0.2484,0.3044,0.0314,-0.0194,0.1331,0.184,0.2254,-0.0508,0.1525,0.1017,-0.0509,-0.0923,True,True,True,nan,nan,4,model_internal_ready,correct,primed,correct,boundary,boundary,correct,boundary,boundary,boundary
mistralai_Mistral-Nemo-Base-2407,decoder,bank,bank_gp_03,He discussed his mortgage at the bank until a passing boat drenched him.,1,0,1_to_0,boat,probe,"He discussed his mortgage at the

probe","He discussed his mortgage at the bank

probe","He discussed his mortgage at the bank until a passing boat

probe",8,9,13,-0.3316,-0.4451,-0.1263,0.2496,0.2358,-0.2456,-0.3296,-0.0935,0.1848,0.1746,-0.084,0.2361,0.1521,-0.2784,-0.2681,True,False,False,nan,nan,4,model_internal_ready,primed,primed,primed,primed,primed,boundary,boundary,primed,boundary
mistralai_Mistral-Nemo-Base-2407,decoder,bank,bank_gp_04,The loan officer met her at the bank and helped her into the kayak.,1,0,1_to_0,kayak,probe,"The loan officer met her at the

probe","The loan officer met her at the bank

probe","The loan officer met her at the bank and helped her into the kayak

probe",9,10,17,-0.1242,-0.1741,0.2035,0.3241,0.376,-0.092,-0.1289,0.1507,0.24,0.2785,-0.0369,0.2796,0.2427,-0.0893,-0.1278,True,True,True,nan,nan,4,model_internal_ready,primed,primed,correct,boundary,primed,correct,boundary,boundary,boundary
mistralai_Mistral-Nemo-Base-2407,decoder,bank,bank_gp_05,He took his overdraft papers to the bank and threw them angrily into the river.,1,0,1_to_0,river,probe,"He took his overdraft papers to the

probe","He took his overdraft papers to the bank

probe","He took his overdraft papers to the bank and threw them angrily into the river

probe",10,11,18,-0.1593,-0.2548,0.05,0.1987,0.2247,-0.118,-0.1887,0.037,0.1472,0.1664,-0.0707,0.2257,0.155,-0.1101,-0.1294,True,True,True,nan,nan,4,model_internal_ready,primed,primed,correct,primed,primed,boundary,boundary,boundary,boundary
mistralai_Mistral-Nemo-Base-2407,decoder,bank,bank_gp_06,Her account adviser met her at the bank and stripped down to his swimming trunks.,1,0,1_to_0,swimming,probe,"Her account adviser met her at the

probe","Her account adviser met her at the bank

probe","Her account adviser met her at the bank and stripped down to his swimming

probe",9,10,16,-0.2236,-0.3711,-0.0959,0.2549,0.0623,-0.1656,-0.2748,-0.071,0.1888,0.0461,-0.1092,0.2038,0.0946,-0.2598,-0.1171,True,False,False,nan,nan,4,model_internal_ready,primed,primed,primed,primed,primed,boundary,boundary,boundary,boundary
mistralai_Mistral-Nemo-Base-2407,decoder,bank,bank_gp_07,The mortgage broker suggested they meet at the bank and paddle into the sunset together.,1,0,1_to_0,paddle,probe,"The mortgage broker suggested they meet at the

probe","The mortgage broker suggested they meet at the bank

probe","The mortgage broker suggested they meet at the bank and paddle

probe",10,11,13,-0.196,-0.2869,-0.0511,0.2597,0.3229,-0.1452,-0.2124,-0.0379,0.1923,0.2391,-0.0673,0.1746,0.1073,-0.2302,-0.277,True,False,False,nan,nan,4,model_internal_ready,primed,primed,primed,primed,primed,boundary,boundary,boundary,boundary
mistralai_Mistral-Nemo-Base-2407,decoder,bank,bank_gp_08,"After checking the river level, she waited at the bank until the teller called her inside.",0,1,0_to_1,teller,probe,"After checking the river level, she waited at the

probe","After checking the river level, she waited at the bank

probe","After checking the river level, she waited at the bank until the teller

probe",12,13,17,-0.264,-0.2882,-0.1906,-0.0811,0.1112,-0.1955,-0.2134,-0.1411,-0.06,0.0824,-0.0179,0.0723,0.0544,-0.0811,-0.2235,True,False,False,nan,nan,4,model_internal_ready,primed,primed,primed,primed,primed,primed,boundary,boundary,boundary
mistralai_Mistral-Nemo-Base-2407,decoder,bank,bank_gp_09,"After packing away his fishing rod, he sat by the bank, until the loan officer waved him inside.",0,1,0_to_1,loan,probe,"After packing away his fishing rod, he sat by the

probe","After packing away his fishing rod, he sat by the bank

probe","After packing away his fishing rod, he sat by the bank, until the loan

probe",13,14,18,-0.215,-0.2467,-0.1215,0.0198,0.1724,-0.1593,-0.1827,-0.09,0.0147,0.1277,-0.0235,0.0928,0.0693,-0.1046,-0.2176,True,False,False,nan,nan,4,model_internal_ready,primed,primed,primed,primed,primed,boundary,boundary,boundary,boundary
mistralai_Mistral-Nemo-Base-2407,decoder,bank,bank_gp_10,The canoe guide pointed toward the bank as the cashier locked the front doors.,0,1,0_to_1,cashier,probe,"The canoe guide pointed toward the

probe","The canoe guide pointed toward the bank

probe","The canoe guide pointed toward the bank as the cashier

probe",9,10,14,-0.3739,-0.3641,-0.2294,0.0003,0.0107,-0.2769,-0.2696,-0.1699,0.0003,0.0079,0.0073,0.0997,0.107,-0.1702,-0.1779,True,False,False,nan,nan,4,model_internal_ready,primed,primed,primed,primed,primed,primed,boundary,boundary,boundary
mistralai_Mistral-Nemo-Base-2407,decoder,bank,bank_gp_11,"Following the river path, they stopped at the bank to open a business account.",0,1,0_to_1,account,probe,"Following the river path, they stopped at the

probe","Following the river path, they stopped at the bank

probe","Following the river path, they stopped at the bank to open a business account

probe",11,12,17,-0.3035,-0.3281,-0.0481,0.0251,0.3354,-0.2247,-0.243,-0.0356,0.0186,0.2484,-0.0183,0.2074,0.1891,-0.0542,-0.284,True,False,False,nan,nan,4,model_internal_ready,primed,primed,primed,primed,primed,boundary,boundary,boundary,boundary
mistralai_Mistral-Nemo-Base-2407,decoder,bank,bank_gp_12,The flood inspector photographed the bank before its cash machine was replaced.,0,1,0_to_1,cash,probe,"The flood inspector photographed the

probe","The flood inspector photographed the bank

probe","The flood inspector photographed the bank before its cash

probe",7,8,11,-0.1195,-0.0023,0.1382,0.0827,0.2174,-0.0885,-0.0017,0.1023,0.0612,0.161,0.0868,0.1041,0.1909,0.0411,-0.0586,True,True,True,nan,nan,4,model_internal_ready,primed,primed,correct,boundary,boundary,correct,boundary,boundary,boundary
mistralai_Mistral-Nemo-Base-2407,decoder,bank,bank_gp_13,The kayaker returned to the bank because the mortgage adviser had left a message.,0,1,0_to_1,mortgage,probe,"The kayaker returned to the

probe","The kayaker returned to the bank

probe","The kayaker returned to the bank because the mortgage

probe",8,9,12,-0.3087,-0.2978,0.1062,0.16,0.2695,-0.2286,-0.2205,0.0787,0.1185,0.1996,0.0081,0.2992,0.3072,-0.0398,-0.1209,True,True,True,nan,nan,4,model_internal_ready,primed,primed,correct,primed,primed,boundary,boundary,boundary,boundary
mistralai_Mistral-Nemo-Base-2407,decoder,bank,bank_gp_14,"After rowing practice, she returned to the bank because the vault alarm had sounded.",0,1,0_to_1,vault,probe,"After rowing practice, she returned to the

probe","After rowing practice, she returned to the bank

probe","After rowing practice, she returned to the bank because the vault

probe",11,12,15,-0.1797,-0.1202,-0.091,-0.081,0.0669,-0.1331,-0.089,-0.0674,-0.06,0.0495,0.0441,0.0216,0.0657,-0.0074,-0.1169,True,False,False,nan,nan,4,model_internal_ready,primed,primed,primed,primed,boundary,boundary,boundary,boundary,boundary
mistralai_Mistral-Nemo-Base-2407,decoder,bark,bark_gp_01,"The dog warden investigated the bark, which was peeling from the old elm.",0,1,0_to_1,elm,probe,"The dog warden investigated the

probe","The dog warden investigated the bark

probe","The dog warden investigated the bark, which was peeling from the old elm

probe",8,9,18,-0.2407,-0.0369,0.2977,0.0749,0.5437,-0.1007,-0.0154,0.1246,0.0313,0.2275,0.0853,0.14,0.2253,0.0932,-0.1029,True,True,True,nan,nan,7,model_internal_ready,primed,primed,correct,primed,boundary,correct,boundary,boundary,boundary
mistralai_Mistral-Nemo-Base-2407,decoder,bark,bark_gp_02,The dog trainer studied the bark until she found beetles crawling underneath it.,0,1,0_to_1,beetles,probe,"The dog trainer studied the

probe","The dog trainer studied the bark

probe","The dog trainer studied the bark until she found beetles

probe",7,8,13,0.1452,0.296,0.4671,0.4682,0.6716,0.0608,0.1239,0.1955,0.1959,0.281,0.0631,0.0716,0.1347,-0.0005,-0.0856,False,True,False,nan,nan,7,model_internal_ready,correct,correct,correct,boundary,correct,correct,boundary,boundary,boundary
mistralai_Mistral-Nemo-Base-2407,decoder,bark,bark_gp_03,The dog warden recorded the bark before the forester stripped it from the tree.,0,1,0_to_1,tree,probe,"The dog warden recorded the

probe","The dog warden recorded the bark

probe","The dog warden recorded the bark before the forester stripped it from the tree

probe",8,9,18,-0.2441,-0.1208,0.0025,0.1878,0.4917,-0.1021,-0.0505,0.0011,0.0786,0.2057,0.0516,0.0516,0.1032,-0.0775,-0.2047,True,True,True,nan,nan,7,model_internal_ready,primed,primed,correct,primed,boundary,boundary,boundary,boundary,boundary
mistralai_Mistral-Nemo-Base-2407,decoder,bark,bark_gp_04,The neighbour complained about the bark until the wind tore it from the birch.,0,1,0_to_1,birch,probe,"The neighbour complained about the

probe","The neighbour complained about the bark

probe","The neighbour complained about the bark until the wind tore it from the birch

probe",7,8,17,-0.3111,-0.2096,0.077,0.2688,0.4322,-0.1302,-0.0877,0.0322,0.1125,0.1808,0.0425,0.1199,0.1624,-0.0803,-0.1486,True,True,True,nan,nan,7,model_internal_ready,primed,primed,correct,primed,boundary,boundary,boundary,boundary,boundary
mistralai_Mistral-Nemo-Base-2407,decoder,bark,bark_gp_05,"Beside the dog kennel, the children noticed the bark, which their father peeled from the elm.",0,1,0_to_1,elm,probe,"Beside the dog kennel, the children noticed the

probe","Beside the dog kennel, the children noticed the bark

probe","Beside the dog kennel, the children noticed the bark, which their father peeled from the elm

probe",13,14,22,0.1451,0.2771,0.3458,0.0752,0.463,0.0607,0.1159,0.1447,0.0315,0.1937,0.0552,0.0288,0.084,0.1132,-0.049,False,True,False,nan,nan,7,model_internal_ready,correct,correct,correct,boundary,correct,correct,boundary,boundary,boundary
mistralai_Mistral-Nemo-Base-2407,decoder,bark,bark_gp_06,"She complained to the neighbours about the bark, which an arborist later cut from the dying sycamore.",0,1,0_to_1,sycamore,probe,"She complained to the neighbours about the

probe","She complained to the neighbours about the bark

probe","She complained to the neighbours about the bark, which an arborist later cut from the dying sycamore

probe",9,10,23,-0.3298,-0.2531,-0.0014,0.195,0.2051,-0.138,-0.1059,-0.0006,0.0816,0.0858,0.0321,0.1053,0.1374,-0.0822,-0.0864,True,False,False,nan,nan,7,model_internal_ready,primed,primed,primed,primed,primed,boundary,boundary,boundary,boundary
mistralai_Mistral-Nemo-Base-2407,decoder,bark,bark_gp_07,"After examining the damaged oak, she recorded the bark when the terrier began growling.",1,0,1_to_0,terrier,probe,"After examining the damaged oak, she recorded the

probe","After examining the damaged oak, she recorded the bark

probe","After examining the damaged oak, she recorded the bark when the terrier

probe",11,12,16,-0.2564,-0.5873,-0.3811,-0.1334,-0.1151,-0.1073,-0.2457,-0.1594,-0.0558,-0.0481,-0.1385,0.0863,-0.0522,-0.1036,-0.1113,True,False,False,nan,nan,7,model_internal_ready,primed,primed,primed,primed,primed,primed,boundary,boundary,boundary
mistralai_Mistral-Nemo-Base-2407,decoder,bark,bark_gp_08,The arborist complained about the bark until the spaniel was taken indoors.,1,0,1_to_0,spaniel,probe,"The arborist complained about the

probe","The arborist complained about the bark

probe","The arborist complained about the bark until the spaniel

probe",8,9,13,-0.0901,-0.3281,-0.1846,-0.0455,0.204,-0.0377,-0.1373,-0.0773,-0.019,0.0854,-0.0996,0.06,-0.0396,-0.0582,-0.1626,True,False,False,nan,nan,7,model_internal_ready,primed,primed,primed,boundary,primed,boundary,boundary,boundary,boundary
mistralai_Mistral-Nemo-Base-2407,decoder,bark,bark_gp_09,"While cataloguing trees, the researcher analysed the bark that the puppy produced during the test.",1,0,1_to_0,puppy,probe,"While cataloguing trees, the researcher analysed the

probe","While cataloguing trees, the researcher analysed the bark

probe","While cataloguing trees, the researcher analysed the bark that the puppy

probe",11,12,15,-0.4055,-0.6672,-0.3121,0.0591,-0.2339,-0.1697,-0.2792,-0.1306,0.0247,-0.0979,-0.1095,0.1486,0.0391,-0.1553,-0.0327,True,False,False,nan,nan,7,model_internal_ready,primed,primed,primed,primed,primed,primed,boundary,boundary,boundary
mistralai_Mistral-Nemo-Base-2407,decoder,bark,bark_gp_10,The lumberjack recognised the bark as soon as the dog made the noise again.,1,0,1_to_0,dog,probe,"The lumberjack recognised the

probe","The lumberjack recognised the bark

probe","The lumberjack recognised the bark as soon as the dog

probe",7,8,13,0.0201,-0.3494,-0.1376,0.054,-0.0183,0.0084,-0.1462,-0.0576,0.0226,-0.0077,-0.1546,0.0886,-0.066,-0.0802,-0.0499,True,False,False,nan,nan,7,model_internal_ready,correct,primed,primed,boundary,primed,boundary,boundary,boundary,boundary
mistralai_Mistral-Nemo-Base-2407,decoder,bark,bark_gp_11,"Beside the timber yard, they discussed the bark until a terrier repeated it from behind the gate.",1,0,1_to_0,terrier,probe,"Beside the timber yard, they discussed the

probe","Beside the timber yard, they discussed the bark

probe","Beside the timber yard, they discussed the bark until a terrier

probe",11,12,16,-0.0357,-0.481,-0.2712,-0.1334,-0.1414,-0.015,-0.2012,-0.1135,-0.0558,-0.0592,-0.1863,0.0878,-0.0985,-0.0577,-0.0543,True,False,False,nan,nan,7,model_internal_ready,primed,primed,primed,boundary,primed,primed,boundary,boundary,boundary
mistralai_Mistral-Nemo-Base-2407,decoder,bark,bark_gp_12,The botanist tried to identify the bark before the hound made the sound a second time.,1,0,1_to_0,hound,probe,"The botanist tried to identify the

probe","The botanist tried to identify the bark

probe","The botanist tried to identify the bark before the hound

probe",9,10,14,-0.344,-0.6142,-0.3613,0.0566,-0.1627,-0.1439,-0.257,-0.1512,0.0237,-0.0681,-0.1131,0.1058,-0.0072,-0.1749,-0.0831,True,False,False,nan,nan,7,model_internal_ready,primed,primed,primed,primed,primed,primed,boundary,boundary,boundary
mistralai_Mistral-Nemo-Base-2407,decoder,bark,bark_gp_13,"After the terrier woke the neighbours, she noticed the bark, where sap was seeping from the trunk.",0,1,0_to_1,sap,probe,"After the terrier woke the neighbours, she noticed the

probe","After the terrier woke the neighbours, she noticed the bark

probe","After the terrier woke the neighbours, she noticed the bark, where sap

probe",13,14,17,-0.1778,-0.0157,0.1727,0.2225,0.5448,-0.0744,-0.0066,0.0723,0.0931,0.228,0.0678,0.0789,0.1467,-0.0208,-0.1557,True,True,True,nan,nan,7,model_internal_ready,primed,primed,correct,boundary,boundary,boundary,boundary,boundary,boundary
mistralai_Mistral-Nemo-Base-2407,decoder,bark,bark_gp_14,"After inspecting the split trunk, she noted the bark that echoed across the empty yard.",1,0,1_to_0,echoed,probe,"After inspecting the split trunk, she noted the

probe","After inspecting the split trunk, she noted the bark

probe","After inspecting the split trunk, she noted the bark that echoed

probe",12,13,15,-0.2663,-0.5404,-0.207,0.0037,0.0727,-0.1114,-0.2261,-0.0866,0.0016,0.0304,-0.1147,0.1395,0.0248,-0.0882,-0.117,True,False,False,nan,nan,7,model_internal_ready,primed,primed,primed,primed,primed,boundary,boundary,boundary,boundary
mistralai_Mistral-Nemo-Base-2407,decoder,bat,bat_gp_01,"He handed her the bat, which spread its wings and flew away.",0,1,0_to_1,wings,probe,"He handed her the

probe","He handed her the bat

probe","He handed her the bat, which spread its wings

probe",6,7,12,-0.0164,-0.3672,0.0324,0.6822,0.4896,-0.0048,-0.1066,0.0094,0.198,0.1421,-0.1018,0.116,0.0142,-0.1886,-0.1327,True,True,True,nan,nan,7,model_internal_ready,primed,primed,correct,boundary,primed,boundary,boundary,boundary,boundary
mistralai_Mistral-Nemo-Base-2407,decoder,bat,bat_gp_02,"After practice, he carried the bat into the shed, where it hung upside down from a rafter.",0,1,0_to_1,rafter,probe,"After practice, he carried the

probe","After practice, he carried the bat

probe","After practice, he carried the bat into the shed, where it hung upside down from a rafter

probe",8,9,22,-0.0018,-0.2786,0.2596,0.6396,0.5501,-0.0005,-0.0809,0.0753,0.1856,0.1596,-0.0803,0.1562,0.0759,-0.1103,-0.0843,True,True,True,nan,nan,7,model_internal_ready,primed,primed,correct,boundary,boundary,boundary,boundary,boundary,boundary
mistralai_Mistral-Nemo-Base-2407,decoder,bat,bat_gp_03,"She reached for the bat beside the wicket, but it shrieked and flew away.",0,1,0_to_1,shrieked,probe,"She reached for the

probe","She reached for the bat

probe","She reached for the bat beside the wicket, but it shrieked

probe",6,7,16,0.1754,0.0211,-0.3133,0.3754,0.0387,0.0509,0.0061,-0.0909,0.1089,0.0112,-0.0448,-0.0971,-0.1418,-0.1999,-0.1022,False,False,False,nan,nan,7,model_internal_ready,correct,correct,primed,boundary,boundary,boundary,boundary,boundary,boundary
mistralai_Mistral-Nemo-Base-2407,decoder,bat,bat_gp_04,"The umpire inspected the bat, which bit his finger and flew over the boundary.",0,1,0_to_1,flew,probe,"The umpire inspected the

probe","The umpire inspected the bat

probe","The umpire inspected the bat, which bit his finger and flew

probe",7,8,15,-0.2016,-0.0806,-0.4282,0.3347,0.4132,-0.0585,-0.0234,-0.1243,0.0971,0.1199,0.0351,-0.1009,-0.0657,-0.2214,-0.2442,True,False,False,nan,nan,7,model_internal_ready,primed,primed,primed,boundary,boundary,primed,boundary,boundary,boundary
mistralai_Mistral-Nemo-Base-2407,decoder,bat,bat_gp_05,"The player reached into the kit bag for the bat, which unfurled its wings and clung to his sleeve.",0,1,0_to_1,wings,probe,"The player reached into the kit bag for the

probe","The player reached into the kit bag for the bat

probe","The player reached into the kit bag for the bat, which unfurled its wings

probe",11,12,19,0.0433,0.0748,0.0331,0.6787,0.9718,0.0126,0.0217,0.0096,0.197,0.282,0.0092,-0.0121,-0.003,-0.1874,-0.2724,False,True,False,nan,nan,7,model_internal_ready,correct,correct,correct,boundary,boundary,boundary,boundary,boundary,boundary
mistralai_Mistral-Nemo-Base-2407,decoder,bat,bat_gp_06,"She locked the bat in the equipment room, but by morning it was sleeping upside down from the ceiling.",0,1,0_to_1,sleeping,probe,"She locked the

probe","She locked the bat

probe","She locked the bat in the equipment room, but by morning it was sleeping

probe",5,6,17,0.0117,-0.0777,0.1395,0.6416,0.1736,0.0034,-0.0225,0.0405,0.1862,0.0504,-0.0259,0.063,0.0371,-0.1457,-0.0099,True,True,True,nan,nan,7,model_internal_ready,correct,primed,correct,boundary,boundary,boundary,boundary,boundary,boundary
mistralai_Mistral-Nemo-Base-2407,decoder,bat,bat_gp_07,"The boy tucked the bat under his arm, but it wriggled free and flew into the rafters.",0,1,0_to_1,rafters,probe,"The boy tucked the

probe","The boy tucked the bat

probe","The boy tucked the bat under his arm, but it wriggled free and flew into the rafters

probe",6,7,24,0.3488,0.2526,0.3458,0.5223,0.606,0.1012,0.0733,0.1004,0.1516,0.1759,-0.0279,0.027,-0.0009,-0.0512,-0.0755,False,True,False,nan,nan,7,model_internal_ready,correct,correct,correct,correct,boundary,correct,boundary,boundary,boundary
mistralai_Mistral-Nemo-Base-2407,decoder,bat,bat_gp_08,"After monitoring the cave all night, she carried the bat until the batter asked for it back.",1,0,1_to_0,batter,probe,"After monitoring the cave all night, she carried the

probe","After monitoring the cave all night, she carried the bat

probe","After monitoring the cave all night, she carried the bat until the batter

probe",12,13,16,-0.8123,-0.8063,-0.6443,-0.4968,0.0132,-0.2357,-0.234,-0.187,-0.1442,0.0038,0.0017,0.047,0.0487,-0.0428,-0.1908,True,False,False,nan,nan,7,model_internal_ready,primed,primed,primed,primed,primed,primed,boundary,boundary,boundary
mistralai_Mistral-Nemo-Base-2407,decoder,bat,bat_gp_09,The wildlife officer inspected the bat before the umpire ruled it illegal.,1,0,1_to_0,umpire,probe,"The wildlife officer inspected the

probe","The wildlife officer inspected the bat

probe","The wildlife officer inspected the bat before the umpire

probe",7,8,12,-0.2422,-0.7115,0.2009,-0.0699,0.0729,-0.0703,-0.2065,0.0583,-0.0203,0.0212,-0.1362,0.2648,0.1286,0.0786,0.0371,True,True,True,nan,nan,7,model_internal_ready,primed,primed,correct,boundary,primed,boundary,boundary,boundary,boundary
mistralai_Mistral-Nemo-Base-2407,decoder,bat,bat_gp_10,The zoologist photographed the bat that the batsman had cracked during practice.,1,0,1_to_0,batsman,probe,"The zoologist photographed the

probe","The zoologist photographed the bat

probe","The zoologist photographed the bat that the batsman

probe",7,8,11,-0.9429,-1.1177,-0.3535,0.0761,0.2468,-0.2736,-0.3243,-0.1026,0.0221,0.0716,-0.0507,0.2217,0.171,-0.1247,-0.1742,True,False,False,nan,nan,7,model_internal_ready,primed,primed,primed,primed,primed,primed,boundary,primed,boundary
mistralai_Mistral-Nemo-Base-2407,decoder,bat,bat_gp_11,The cave guide returned the bat to the coach's equipment bag.,1,0,1_to_0,coach,probe,"The cave guide returned the

probe","The cave guide returned the bat

probe","The cave guide returned the bat to the coach

probe",7,8,11,-0.6788,-0.8038,-0.3234,0.1917,0.7111,-0.197,-0.2333,-0.0938,0.0556,0.2064,-0.0363,0.1394,0.1031,-0.1495,-0.3002,True,False,False,nan,nan,7,model_internal_ready,primed,primed,primed,primed,primed,boundary,boundary,boundary,boundary
mistralai_Mistral-Nemo-Base-2407,decoder,bat,bat_gp_12,"At dusk, the ranger spotted the bat lying beside the wicket.",1,0,1_to_0,wicket,probe,"At dusk, the ranger spotted the

probe","At dusk, the ranger spotted the bat

probe","At dusk, the ranger spotted the bat lying beside the wicket

probe",10,11,15,-0.7552,-0.9056,-0.4903,-0.095,0.1267,-0.2192,-0.2628,-0.1423,-0.0276,0.0368,-0.0436,0.1205,0.0769,-0.1147,-0.1791,True,False,False,nan,nan,7,model_internal_ready,primed,primed,primed,primed,primed,primed,boundary,boundary,boundary
mistralai_Mistral-Nemo-Base-2407,decoder,bat,bat_gp_13,The conservationist tagged the bat before the slugger took it to home plate.,1,0,1_to_0,slugger,probe,"The conservationist tagged the

probe","The conservationist tagged the bat

probe","The conservationist tagged the bat before the slugger

probe",7,8,12,-0.1334,-0.3825,0.1564,-0.0281,0.3069,-0.0387,-0.111,0.0454,-0.0082,0.0891,-0.0723,0.1564,0.0841,0.0535,-0.0437,True,True,True,nan,nan,7,model_internal_ready,primed,primed,correct,boundary,primed,boundary,boundary,boundary,boundary
mistralai_Mistral-Nemo-Base-2407,decoder,bat,bat_gp_14,The cave researcher found the bat before the pitcher asked to use it during warm-up.,1,0,1_to_0,pitcher,probe,"The cave researcher found the

probe","The cave researcher found the bat

probe","The cave researcher found the bat before the pitcher

probe",7,8,11,-0.7682,-1.0045,-0.7255,-0.5213,0.2534,-0.2229,-0.2915,-0.2105,-0.1513,0.0735,-0.0686,0.081,0.0124,-0.0593,-0.2841,True,False,False,nan,nan,7,model_internal_ready,primed,primed,primed,primed,primed,primed,boundary,boundary,boundary
mistralai_Mistral-Nemo-Base-2407,decoder,crane,crane_gp_01,The site manager watched the crane step into the reeds.,1,0,1_to_0,reeds,probe,"The site manager watched the

probe","The site manager watched the crane

probe","The site manager watched the crane step into the reeds

probe",7,8,12,-0.2835,-0.4282,-0.2522,0.3034,0.3237,-0.1174,-0.1773,-0.1044,0.1256,0.134,-0.0599,0.0728,0.013,-0.2301,-0.2385,True,False,False,nan,nan,7,model_internal_ready,primed,primed,primed,primed,primed,primed,boundary,boundary,boundary
mistralai_Mistral-Nemo-Base-2407,decoder,crane,crane_gp_02,The operator waited beside the crane until it spread its wings and flew over the scaffolding.,1,0,1_to_0,wings,probe,"The operator waited beside the

probe","The operator waited beside the crane

probe","The operator waited beside the crane until it spread its wings

probe",7,8,13,-0.2871,-0.7155,-0.375,0.2629,0.2974,-0.1189,-0.2962,-0.1552,0.1088,0.1232,-0.1774,0.141,-0.0364,-0.2641,-0.2784,True,False,False,nan,nan,7,model_internal_ready,primed,primed,primed,primed,primed,primed,boundary,boundary,boundary
mistralai_Mistral-Nemo-Base-2407,decoder,crane,crane_gp_03,"The foreman pointed to the crane, which dipped its beak into the drainage ditch.",1,0,1_to_0,beak,probe,"The foreman pointed to the

probe","The foreman pointed to the crane

probe","The foreman pointed to the crane, which dipped its beak

probe",8,9,15,-0.2836,-0.5486,-0.1078,0.4723,0.224,-0.1174,-0.2272,-0.0446,0.1955,0.0927,-0.1098,0.1825,0.0728,-0.2402,-0.1374,True,False,False,nan,nan,7,model_internal_ready,primed,primed,primed,primed,primed,boundary,boundary,boundary,boundary
mistralai_Mistral-Nemo-Base-2407,decoder,crane,crane_gp_04,"The safety inspector examined the crane, which tucked its head beneath one wing.",1,0,1_to_0,wing,probe,"The safety inspector examined the

probe","The safety inspector examined the crane

probe","The safety inspector examined the crane, which tucked its head beneath one wing

probe",7,8,16,-0.4678,-0.7222,-0.5299,0.2528,0.0435,-0.1937,-0.299,-0.2194,0.1047,0.018,-0.1053,0.0796,-0.0257,-0.3241,-0.2374,True,False,False,nan,nan,7,model_internal_ready,primed,primed,primed,primed,primed,primed,boundary,boundary,boundary
mistralai_Mistral-Nemo-Base-2407,decoder,crane,crane_gp_05,"The steelworkers watched the crane arrive, fold its legs, and begin to preen.",1,0,1_to_0,preen,probe,"The steelworkers watched the

probe","The steelworkers watched the crane

probe","The steelworkers watched the crane arrive, fold its legs, and begin to preen

probe",8,9,20,-0.3252,-0.3988,-0.0016,0.3803,0.5563,-0.1346,-0.1651,-0.0007,0.1575,0.2303,-0.0305,0.1645,0.134,-0.1581,-0.231,True,False,False,nan,nan,7,model_internal_ready,primed,primed,primed,primed,primed,boundary,boundary,boundary,boundary
mistralai_Mistral-Nemo-Base-2407,decoder,crane,crane_gp_06,"The contractor followed the crane to the drainage ditch, where it speared a fish.",1,0,1_to_0,fish,probe,"The contractor followed the

probe","The contractor followed the crane

probe","The contractor followed the crane to the drainage ditch, where it speared a fish

probe",6,7,18,-0.5744,-0.7455,-0.1458,0.3764,0.325,-0.2378,-0.3087,-0.0604,0.1558,0.1345,-0.0708,0.2483,0.1775,-0.2162,-0.1949,True,False,False,nan,nan,7,model_internal_ready,primed,primed,primed,primed,primed,boundary,boundary,primed,boundary
mistralai_Mistral-Nemo-Base-2407,decoder,crane,crane_gp_07,The ornithologist watched the crane until the operator lifted a steel girder.,0,1,0_to_1,operator,probe,"The ornithologist watched the

probe","The ornithologist watched the crane

probe","The ornithologist watched the crane until the operator

probe",8,9,12,-0.1939,-0.2478,-0.1445,-0.0947,0.3606,-0.0803,-0.1026,-0.0598,-0.0392,0.1493,-0.0223,0.0427,0.0204,-0.0206,-0.2091,True,False,False,nan,nan,7,model_internal_ready,primed,primed,primed,boundary,primed,boundary,boundary,boundary,boundary
mistralai_Mistral-Nemo-Base-2407,decoder,crane,crane_gp_08,The birdwatcher pointed to the crane as it raised a pallet above the roof.,0,1,0_to_1,pallet,probe,"The birdwatcher pointed to the

probe","The birdwatcher pointed to the crane

probe","The birdwatcher pointed to the crane as it raised a pallet

probe",9,10,16,-0.0241,-0.0356,0.0902,0.0844,0.5764,-0.01,-0.0147,0.0374,0.035,0.2387,-0.0047,0.0521,0.0474,0.0024,-0.2013,True,True,True,nan,nan,7,model_internal_ready,primed,primed,correct,boundary,boundary,boundary,boundary,boundary,boundary
mistralai_Mistral-Nemo-Base-2407,decoder,crane,crane_gp_09,"The ornithologists tracked the crane to the site, where it hoisted concrete panels.",0,1,0_to_1,hoisted,probe,"The ornithologists tracked the

probe","The ornithologists tracked the crane

probe","The ornithologists tracked the crane to the site, where it hoisted

probe",8,9,17,-0.1588,-0.1499,-0.1529,0.075,0.5155,-0.0658,-0.0621,-0.0633,0.0311,0.2134,0.0037,-0.0013,0.0024,-0.0944,-0.2768,True,False,False,nan,nan,7,model_internal_ready,primed,primed,primed,boundary,boundary,boundary,boundary,boundary,boundary
mistralai_Mistral-Nemo-Base-2407,decoder,crane,crane_gp_10,The wildlife photographer examined the crane while the foreman attached a load to its hook.,0,1,0_to_1,hook,probe,"The wildlife photographer examined the

probe","The wildlife photographer examined the crane

probe","The wildlife photographer examined the crane while the foreman attached a load to its hook

probe",7,8,18,0.0135,0.1017,0.4003,-0.0877,0.8033,0.0056,0.0421,0.1657,-0.0363,0.3326,0.0365,0.1236,0.1601,0.202,-0.1669,False,True,False,nan,nan,7,model_internal_ready,correct,correct,correct,boundary,boundary,correct,boundary,boundary,boundary
mistralai_Mistral-Nemo-Base-2407,decoder,crane,crane_gp_11,The ecologist reported the crane whose hydraulic boom had jammed above the road.,0,1,0_to_1,hydraulic,probe,"The ecologist reported the

probe","The ecologist reported the crane

probe","The ecologist reported the crane whose hydraulic

probe",7,8,10,0.1662,0.1671,0.0868,-0.0471,0.4082,0.0688,0.0692,0.0359,-0.0195,0.169,0.0004,-0.0333,-0.0329,0.0554,-0.1331,False,True,False,nan,nan,7,model_internal_ready,correct,correct,correct,boundary,boundary,boundary,boundary,boundary,boundary
mistralai_Mistral-Nemo-Base-2407,decoder,crane,crane_gp_12,The ranger photographed the crane before the construction crew dismantled it.,0,1,0_to_1,construction,probe,"The ranger photographed the

probe","The ranger photographed the crane

probe","The ranger photographed the crane before the construction

probe",6,7,10,-0.0181,0.0793,0.4856,0.1083,0.7526,-0.0075,0.0328,0.2011,0.0448,0.3116,0.0403,0.1682,0.2086,0.1563,-0.1105,False,True,False,nan,nan,7,model_internal_ready,primed,correct,correct,boundary,boundary,correct,boundary,boundary,boundary
mistralai_Mistral-Nemo-Base-2407,decoder,crane,crane_gp_13,"After counting the nesting birds, the ranger photographed the crane as its cable lifted a generator.",0,1,0_to_1,cable,probe,"After counting the nesting birds, the ranger photographed the

probe","After counting the nesting birds, the ranger photographed the crane

probe","After counting the nesting birds, the ranger photographed the crane as its cable

probe",12,13,16,-0.3225,-0.3017,-0.1098,0.0098,0.4167,-0.1335,-0.1249,-0.0454,0.0041,0.1725,0.0086,0.0795,0.0881,-0.0495,-0.218,True,False,False,nan,nan,7,model_internal_ready,primed,primed,primed,primed,primed,boundary,boundary,boundary,boundary
mistralai_Mistral-Nemo-Base-2407,decoder,crane,crane_gp_14,"After inspecting the construction equipment, the engineer watched the crane as it swallowed a frog.",1,0,1_to_0,swallowed,probe,"After inspecting the construction equipment, the engineer watched the

probe","After inspecting the construction equipment, the engineer watched the crane

probe","After inspecting the construction equipment, the engineer watched the crane as it swallowed

probe",13,14,17,-0.3648,-0.3954,-0.381,0.0552,0.4169,-0.151,-0.1637,-0.1577,0.0228,0.1726,-0.0127,0.006,-0.0067,-0.1806,-0.3304,True,False,False,nan,nan,7,model_internal_ready,primed,primed,primed,primed,primed,primed,boundary,boundary,boundary
mistralai_Mistral-Nemo-Base-2407,decoder,spring,spring_gp_01,"They waited all winter for the spring, which finally bubbled from the rocks.",0,1,0_to_1,bubbled,probe,"They waited all winter for the

probe","They waited all winter for the spring

probe","They waited all winter for the spring, which finally bubbled

probe",8,9,14,0.0685,-0.063,0.1019,0.1712,0.254,0.0341,-0.0314,0.0507,0.0853,0.1265,-0.0655,0.0821,0.0166,-0.0345,-0.0758,True,True,True,nan,nan,6,model_internal_ready,correct,primed,correct,boundary,boundary,boundary,boundary,boundary,boundary
mistralai_Mistral-Nemo-Base-2407,decoder,spring,spring_gp_02,"After the harsh winter, the villagers celebrated the spring until it ran dry.",0,1,0_to_1,dry,probe,"After the harsh winter, the villagers celebrated the

probe","After the harsh winter, the villagers celebrated the spring

probe","After the harsh winter, the villagers celebrated the spring until it ran dry

probe",11,12,16,0.1217,0.0648,0.208,0.0864,0.401,0.0606,0.0323,0.1036,0.043,0.1997,-0.0283,0.0713,0.043,0.0606,-0.0961,False,True,False,nan,nan,6,model_internal_ready,correct,correct,correct,boundary,boundary,correct,boundary,boundary,boundary
mistralai_Mistral-Nemo-Base-2407,decoder,spring,spring_gp_03,The valley welcomed the spring until it swept away the pasture fence.,0,1,0_to_1,swept,probe,"The valley welcomed the

probe","The valley welcomed the spring

probe","The valley welcomed the spring until it swept

probe",6,7,10,0.2183,-0.0058,0.0215,0.2661,0.34,0.1088,-0.0029,0.0107,0.1325,0.1694,-0.1116,0.0136,-0.0981,-0.1218,-0.1587,True,True,True,nan,nan,6,model_internal_ready,correct,primed,correct,correct,boundary,boundary,boundary,boundary,boundary
mistralai_Mistral-Nemo-Base-2407,decoder,spring,spring_gp_04,"The children hurried outside to see the spring, then knelt to drink from it.",0,1,0_to_1,drink,probe,"The children hurried outside to see the

probe","The children hurried outside to see the spring

probe","The children hurried outside to see the spring, then knelt to drink

probe",9,10,16,0.1339,0.0415,0.1818,-0.1442,0.2847,0.0667,0.0207,0.0905,-0.0718,0.1418,-0.046,0.0699,0.0239,0.1624,-0.0513,False,True,False,nan,nan,6,model_internal_ready,correct,correct,correct,boundary,boundary,boundary,boundary,boundary,boundary
mistralai_Mistral-Nemo-Base-2407,decoder,spring,spring_gp_05,"After months without water, they prayed for the spring, which arrived with blossoms and longer days.",1,0,1_to_0,blossoms,probe,"After months without water, they prayed for the

probe","After months without water, they prayed for the spring

probe","After months without water, they prayed for the spring, which arrived with blossoms

probe",11,12,18,-0.3582,-0.4303,-0.3041,0.2372,-0.1688,-0.1784,-0.2143,-0.1515,0.1182,-0.0841,-0.0359,0.0629,0.0269,-0.2696,-0.0674,True,False,False,nan,nan,6,model_internal_ready,primed,primed,primed,primed,primed,primed,boundary,boundary,boundary
mistralai_Mistral-Nemo-Base-2407,decoder,spring,spring_gp_06,"The estate expected the spring in March, but the surveyor found it bubbling beneath the old wall.",0,1,0_to_1,bubbling,probe,"The estate expected the

probe","The estate expected the spring

probe","The estate expected the spring in March, but the surveyor found it bubbling

probe",6,7,18,0.3256,0.2094,0.4364,0.1976,0.6952,0.1622,0.1043,0.2174,0.0984,0.3463,-0.0579,0.1131,0.0552,0.1189,-0.1289,False,True,False,nan,nan,6,model_internal_ready,correct,correct,correct,correct,correct,correct,boundary,boundary,boundary
mistralai_Mistral-Nemo-Base-2407,decoder,spring,spring_gp_07,"After testing the village well, they waited for the spring, when the orchards would bloom.",1,0,1_to_0,orchards,probe,"After testing the village well, they waited for the

probe","After testing the village well, they waited for the spring

probe","After testing the village well, they waited for the spring, when the orchards

probe",12,13,18,-0.3287,-0.3879,-0.2922,0.1788,-0.1511,-0.1637,-0.1932,-0.1455,0.089,-0.0753,-0.0295,0.0477,0.0182,-0.2346,-0.0703,True,False,False,nan,nan,6,model_internal_ready,primed,primed,primed,primed,primed,primed,boundary,boundary,boundary
mistralai_Mistral-Nemo-Base-2407,decoder,spring,spring_gp_08,The hydrologist predicted the spring would bring warmer days to the valley.,1,0,1_to_0,warmer,probe,"The hydrologist predicted the

probe","The hydrologist predicted the spring

probe","The hydrologist predicted the spring would bring warmer

probe",8,9,12,-0.4723,-0.4175,-0.4377,0.0598,-0.2665,-0.2352,-0.208,-0.218,0.0298,-0.1327,0.0273,-0.0101,0.0172,-0.2478,-0.0853,True,False,False,nan,nan,6,model_internal_ready,primed,primed,primed,primed,primed,primed,boundary,boundary,boundary
mistralai_Mistral-Nemo-Base-2407,decoder,spring,spring_gp_09,"During the drought survey, she wrote about the spring that began with late snowstorms.",1,0,1_to_0,snowstorms,probe,"During the drought survey, she wrote about the

probe","During the drought survey, she wrote about the spring

probe","During the drought survey, she wrote about the spring that began with late snowstorms

probe",11,12,19,-0.3505,-0.2915,-0.3245,-0.0875,-0.3171,-0.1746,-0.1452,-0.1616,-0.0436,-0.158,0.0294,-0.0165,0.013,-0.1181,-0.0037,True,False,False,nan,nan,6,model_internal_ready,primed,primed,primed,primed,primed,primed,boundary,boundary,boundary
mistralai_Mistral-Nemo-Base-2407,decoder,spring,spring_gp_10,"After mapping the underground water, they prepared for the spring by ordering seeds.",1,0,1_to_0,seeds,probe,"After mapping the underground water, they prepared for the

probe","After mapping the underground water, they prepared for the spring

probe","After mapping the underground water, they prepared for the spring by ordering seeds

probe",12,13,16,-0.5811,-0.5974,-0.51,0.1511,-0.0944,-0.2895,-0.2976,-0.254,0.0753,-0.047,-0.0081,0.0435,0.0354,-0.3293,-0.207,True,False,False,nan,nan,6,model_internal_ready,primed,primed,primed,primed,primed,primed,boundary,boundary,boundary
mistralai_Mistral-Nemo-Base-2407,decoder,spring,spring_gp_11,"After celebrating the end of winter, the villagers welcomed the spring, which supplied their drinking water throughout the drought.",0,1,0_to_1,water,probe,"After celebrating the end of winter, the villagers welcomed the

probe","After celebrating the end of winter, the villagers welcomed the spring

probe","After celebrating the end of winter, the villagers welcomed the spring, which supplied their drinking water

probe",13,14,20,0.0972,0.0098,0.3504,0.2114,0.4351,0.0484,0.0049,0.1745,0.1053,0.2167,-0.0435,0.1697,0.1261,0.0692,-0.0422,False,True,False,nan,nan,6,model_internal_ready,correct,correct,correct,boundary,boundary,correct,boundary,boundary,boundary
mistralai_Mistral-Nemo-Base-2407,decoder,spring,spring_gp_12,"After pruning the orchard, she wrote about the spring that fed a stream below the ridge.",0,1,0_to_1,stream,probe,"After pruning the orchard, she wrote about the

probe","After pruning the orchard, she wrote about the spring

probe","After pruning the orchard, she wrote about the spring that fed a stream

probe",13,14,18,0.1015,-0.0009,0.3215,0.113,0.6614,0.0505,-0.0005,0.1601,0.0563,0.3295,-0.051,0.1606,0.1096,0.1038,-0.1693,True,True,True,nan,nan,6,model_internal_ready,correct,primed,correct,boundary,boundary,correct,boundary,boundary,boundary
mistralai_Mistral-Nemo-Base-2407,decoder,spring,spring_gp_13,"After inspecting the dried-up well, the hydrologist described the spring that arrived unusually early that year.",1,0,1_to_0,arrived,probe,"After inspecting the dried-up well, the hydrologist described the

probe","After inspecting the dried-up well, the hydrologist described the spring

probe","After inspecting the dried-up well, the hydrologist described the spring that arrived

probe",16,17,19,-0.6531,-0.6601,-0.5987,0.0497,-0.2246,-0.3253,-0.3288,-0.2982,0.0247,-0.1119,-0.0035,0.0306,0.0271,-0.323,-0.1863,True,False,False,nan,nan,6,model_internal_ready,primed,primed,primed,primed,primed,primed,primed,primed,boundary
mistralai_Mistral-Nemo-Base-2407,decoder,spring,spring_gp_14,"After surveying the aquifer, the engineer described the spring that followed the coldest winter on record.",1,0,1_to_0,winter,probe,"After surveying the aquifer, the engineer described the

probe","After surveying the aquifer, the engineer described the spring

probe","After surveying the aquifer, the engineer described the spring that followed the coldest winter

probe",13,14,20,-0.6071,-0.6357,-0.606,0.2758,-0.5088,-0.3024,-0.3166,-0.3019,0.1374,-0.2535,-0.0142,0.0148,0.0005,-0.4392,-0.0484,True,False,False,nan,nan,6,model_internal_ready,primed,primed,primed,primed,primed,primed,primed,primed,primed
mistralai_Mistral-Nemo-Base-2407,decoder,match,match_gp_01,"The referee held up the match, then struck it against the box.",0,1,0_to_1,struck,probe,"The referee held up the

probe","The referee held up the match

probe","The referee held up the match, then struck

probe",7,8,11,-0.1845,-0.4403,0.0692,0.4598,1.0562,-0.0573,-0.1368,0.0215,0.1428,0.3281,-0.0795,0.1583,0.0788,-0.1213,-0.3066,True,True,True,nan,nan,7,model_internal_ready,primed,primed,correct,boundary,primed,boundary,boundary,boundary,boundary
mistralai_Mistral-Nemo-Base-2407,decoder,match,match_gp_02,"The boxer threw the match, which landed in the dry grass and started a fire.",0,1,0_to_1,fire,probe,"The boxer threw the

probe","The boxer threw the match

probe","The boxer threw the match, which landed in the dry grass and started a fire

probe",7,8,19,-0.0633,-0.2508,-0.0602,0.3132,0.4859,-0.0197,-0.0779,-0.0187,0.0973,0.151,-0.0582,0.0592,0.001,-0.116,-0.1697,True,False,False,nan,nan,7,model_internal_ready,primed,primed,primed,boundary,boundary,boundary,boundary,boundary,boundary
mistralai_Mistral-Nemo-Base-2407,decoder,match,match_gp_03,"The captain cursed the match, then struck it against the box.",0,1,0_to_1,struck,probe,"The captain cursed the

probe","The captain cursed the match

probe","The captain cursed the match, then struck

probe",6,7,10,0.4012,0.1594,0.5425,0.4598,0.922,0.1246,0.0495,0.1686,0.1428,0.2864,-0.0751,0.119,0.0439,0.0257,-0.1179,False,True,False,nan,nan,7,model_internal_ready,correct,correct,correct,correct,boundary,correct,boundary,boundary,boundary
mistralai_Mistral-Nemo-Base-2407,decoder,match,match_gp_04,The crowd watched the match until it burned out.,0,1,0_to_1,burned,probe,"The crowd watched the

probe","The crowd watched the match

probe","The crowd watched the match until it burned

probe",6,7,10,-0.0263,-0.4116,0.3555,0.5174,0.5968,-0.0082,-0.1279,0.1105,0.1607,0.1854,-0.1197,0.2383,0.1186,-0.0503,-0.0749,True,True,True,nan,nan,7,model_internal_ready,primed,primed,correct,boundary,primed,correct,boundary,boundary,boundary
mistralai_Mistral-Nemo-Base-2407,decoder,match,match_gp_05,"The whole town waited for the match, which the mayor struck to light the bonfire.",0,1,0_to_1,bonfire,probe,"The whole town waited for the

probe","The whole town waited for the match

probe","The whole town waited for the match, which the mayor struck to light the bonfire

probe",8,9,19,0.1691,-0.0712,-0.1929,0.3253,0.1758,0.0525,-0.0221,-0.0599,0.1011,0.0546,-0.0747,-0.0378,-0.1125,-0.161,-0.1145,True,False,False,nan,nan,7,model_internal_ready,correct,primed,primed,boundary,boundary,boundary,boundary,boundary,boundary
mistralai_Mistral-Nemo-Base-2407,decoder,match,match_gp_06,"Before kickoff, the referee checked the match and put it into his pocket.",0,1,0_to_1,pocket,probe,"Before kickoff, the referee checked the

probe","Before kickoff, the referee checked the match

probe","Before kickoff, the referee checked the match and put it into his pocket

probe",10,11,17,0.0503,-0.2036,0.1895,0.4376,0.9396,0.0156,-0.0633,0.0589,0.136,0.2919,-0.0789,0.1222,0.0432,-0.0771,-0.233,True,True,True,nan,nan,7,model_internal_ready,correct,primed,correct,boundary,boundary,boundary,boundary,boundary,boundary
mistralai_Mistral-Nemo-Base-2407,decoder,match,match_gp_07,"After inspecting the burned shed, the marshal discussed the match until the referee showed the replay.",1,0,1_to_0,referee,probe,"After inspecting the burned shed, the marshal discussed the

probe","After inspecting the burned shed, the marshal discussed the match

probe","After inspecting the burned shed, the marshal discussed the match until the referee

probe",14,15,18,-0.2419,-0.386,-0.0894,0.3421,0.4156,-0.0751,-0.1199,-0.0278,0.1063,0.1291,-0.0448,0.0921,0.0474,-0.1341,-0.1569,True,False,False,nan,nan,7,model_internal_ready,primed,primed,primed,boundary,primed,boundary,boundary,boundary,boundary
mistralai_Mistral-Nemo-Base-2407,decoder,match,match_gp_08,"Beside the dying campfire, they were looking for the match, which was streamed by all the major TV services.",1,0,1_to_0,streamed,probe,"Beside the dying campfire, they were looking for the

probe","Beside the dying campfire, they were looking for the match

probe","Beside the dying campfire, they were looking for the match, which was streamed

probe",14,15,20,-0.54,-0.8279,-0.5632,-0.2368,0.2153,-0.1678,-0.2572,-0.175,-0.0736,0.0669,-0.0894,0.0822,-0.0072,-0.1014,-0.2419,True,False,False,nan,nan,7,model_internal_ready,primed,primed,primed,primed,primed,primed,boundary,boundary,boundary
mistralai_Mistral-Nemo-Base-2407,decoder,match,match_gp_09,The candle maker described the match that ended in a penalty shootout.,1,0,1_to_0,penalty,probe,"The candle maker described the

probe","The candle maker described the match

probe","The candle maker described the match that ended in a penalty

probe",7,8,13,0.1955,0.1268,0.4704,0.1808,0.6752,0.0607,0.0394,0.1462,0.0562,0.2098,-0.0214,0.1068,0.0854,0.09,-0.0636,False,True,False,nan,nan,7,model_internal_ready,correct,correct,correct,boundary,boundary,correct,boundary,boundary,boundary
mistralai_Mistral-Nemo-Base-2407,decoder,match,match_gp_10,"Although she was soaked, the match had remained dry, and the home side won in extra time.",1,0,1_to_0,side,probe,"Although she was soaked, the

probe","Although she was soaked, the match

probe","Although she was soaked, the match had remained dry, and the home side

probe",8,9,17,-0.0368,0.0376,0.1602,-0.1414,0.2474,-0.0114,0.0117,0.0498,-0.0439,0.0769,0.0231,0.0381,0.0612,0.0937,-0.0271,False,True,False,nan,nan,7,model_internal_ready,primed,correct,correct,boundary,boundary,boundary,boundary,boundary,boundary
mistralai_Mistral-Nemo-Base-2407,decoder,match,match_gp_11,"In the dark, the match illuminated the entire city once the stadium lights came on.",1,0,1_to_0,stadium,probe,"In the dark, the

probe","In the dark, the match

probe","In the dark, the match illuminated the entire city once the stadium

probe",7,8,15,-0.4337,-0.5939,-0.253,0.0405,0.2387,-0.1348,-0.1845,-0.0786,0.0126,0.0742,-0.0497,0.1059,0.0562,-0.0912,-0.1528,True,False,False,nan,nan,7,model_internal_ready,primed,primed,primed,primed,primed,boundary,boundary,boundary,boundary
mistralai_Mistral-Nemo-Base-2407,decoder,match,match_gp_12,The arson investigator reconstructed the match that the home side won in extra time.,1,0,1_to_0,won,probe,"The arson investigator reconstructed the

probe","The arson investigator reconstructed the match

probe","The arson investigator reconstructed the match that the home side won

probe",8,9,14,0.084,0.233,0.4642,-0.2813,0.4227,0.0261,0.0724,0.1442,-0.0874,0.1313,0.0463,0.0718,0.1181,0.2316,0.0129,False,True,False,nan,nan,7,model_internal_ready,correct,correct,correct,boundary,boundary,correct,boundary,boundary,boundary
mistralai_Mistral-Nemo-Base-2407,decoder,match,match_gp_13,"With the final score still disputed, the referee examined the match until its head flared orange.",0,1,0_to_1,flared,probe,"With the final score still disputed, the referee examined the

probe","With the final score still disputed, the referee examined the match

probe","With the final score still disputed, the referee examined the match until its head flared

probe",13,14,18,-0.0859,-0.4234,-0.1315,0.4707,0.9015,-0.0267,-0.1315,-0.0409,0.1462,0.2801,-0.1049,0.0907,-0.0142,-0.1871,-0.3209,True,False,False,nan,nan,7,model_internal_ready,primed,primed,primed,boundary,primed,boundary,boundary,boundary,boundary
mistralai_Mistral-Nemo-Base-2407,decoder,match,match_gp_14,"After gathering dry kindling, they waited for the match, which went into extra time.",1,0,1_to_0,time,probe,"After gathering dry kindling, they waited for the

probe","After gathering dry kindling, they waited for the match

probe","After gathering dry kindling, they waited for the match, which went into extra time

probe",12,13,19,-0.6139,-0.7431,-0.0917,-0.3124,0.7746,-0.1907,-0.2309,-0.0285,-0.0971,0.2407,-0.0401,0.2024,0.1622,0.0686,-0.2691,True,False,False,nan,nan,7,model_internal_ready,primed,primed,primed,primed,primed,boundary,boundary,boundary,boundary
mistralai_Mistral-Nemo-Base-2407,decoder,pitch,pitch_gp_01,"The investors checked the pitch, which had just been freshly mown.",1,0,1_to_0,mown,probe,"The investors checked the

probe","The investors checked the pitch

probe","The investors checked the pitch, which had just been freshly mown

probe",6,7,15,0.605,0.0072,0.0703,-0.3489,0.8142,0.0519,0.0006,0.006,-0.0299,0.0699,-0.0513,0.0054,-0.0459,0.036,-0.0638,False,True,False,nan,nan,21,model_internal_ready,correct,correct,correct,boundary,boundary,boundary,boundary,boundary,boundary
mistralai_Mistral-Nemo-Base-2407,decoder,pitch,pitch_gp_02,"She walked the investors through the pitch, careful not to scuff the fresh touchlines.",1,0,1_to_0,touchlines,probe,"She walked the investors through the

probe","She walked the investors through the pitch

probe","She walked the investors through the pitch, careful not to scuff the fresh touchlines

probe",8,9,19,-0.9987,-2.0256,0.1368,-1.4226,0.4055,-0.0857,-0.1738,0.0117,-0.1221,0.0348,-0.0881,0.1855,0.0974,0.1338,-0.0231,True,True,True,nan,nan,21,model_internal_ready,primed,primed,correct,boundary,primed,boundary,boundary,boundary,boundary
mistralai_Mistral-Nemo-Base-2407,decoder,pitch,pitch_gp_03,He reviewed the pitch and asked the groundskeeper to repaint the lines.,1,0,1_to_0,lines,probe,"He reviewed the

probe","He reviewed the pitch

probe","He reviewed the pitch and asked the groundskeeper to repaint the lines

probe",5,6,17,0.9733,1.2059,2.6517,-0.7491,2.0873,0.0835,0.1035,0.2275,-0.0643,0.1791,0.02,0.1241,0.144,0.2918,0.0484,False,True,False,nan,nan,21,model_internal_ready,correct,correct,correct,boundary,correct,correct,boundary,boundary,boundary
mistralai_Mistral-Nemo-Base-2407,decoder,pitch,pitch_gp_04,The investors rejected the pitch because the rain had left it waterlogged.,1,0,1_to_0,waterlogged,probe,"The investors rejected the

probe","The investors rejected the pitch

probe","The investors rejected the pitch because the rain had left it waterlogged

probe",6,7,15,0.8024,-0.8271,0.4924,-0.3357,2.2687,0.0688,-0.071,0.0422,-0.0288,0.1947,-0.1398,0.1132,-0.0266,0.0711,-0.1524,True,True,True,nan,nan,21,model_internal_ready,correct,primed,correct,boundary,boundary,boundary,boundary,boundary,boundary
mistralai_Mistral-Nemo-Base-2407,decoder,pitch,pitch_gp_05,"The investors asked to see the pitch, so the groundskeeper led them onto it.",1,0,1_to_0,groundskeeper,probe,"The investors asked to see the

probe","The investors asked to see the pitch

probe","The investors asked to see the pitch, so the groundskeeper

probe",8,9,15,0.1262,-0.4435,-0.3914,-1.0776,0.6549,0.0108,-0.0381,-0.0336,-0.0925,0.0562,-0.0489,0.0045,-0.0444,0.0589,-0.0898,True,False,False,nan,nan,21,model_internal_ready,correct,primed,primed,boundary,boundary,boundary,boundary,boundary,boundary
mistralai_Mistral-Nemo-Base-2407,decoder,pitch,pitch_gp_06,The board reviewed the pitch until a groundskeeper asked them to keep off the grass.,1,0,1_to_0,grass,probe,"The board reviewed the

probe","The board reviewed the pitch

probe","The board reviewed the pitch until a groundskeeper asked them to keep off the grass

probe",6,7,19,0.9284,2.1797,1.2685,-0.9587,2.1016,0.0797,0.187,0.1088,-0.0823,0.1803,0.1074,-0.0782,0.0292,0.1911,-0.0715,False,True,False,nan,nan,21,model_internal_ready,correct,correct,correct,boundary,correct,correct,boundary,boundary,boundary
mistralai_Mistral-Nemo-Base-2407,decoder,pitch,pitch_gp_07,"Her slides were ready, but the pitch was still too wet for kickoff.",1,0,1_to_0,wet,probe,"Her slides were ready, but the

probe","Her slides were ready, but the pitch

probe","Her slides were ready, but the pitch was still too wet

probe",9,10,14,-0.7592,-0.5589,-0.75,-0.5576,0.3201,-0.0651,-0.048,-0.0644,-0.0478,0.0275,0.0172,-0.0164,0.0008,-0.0165,-0.0918,True,False,False,nan,nan,21,model_internal_ready,primed,primed,primed,boundary,boundary,boundary,boundary,boundary,boundary
mistralai_Mistral-Nemo-Base-2407,decoder,pitch,pitch_gp_08,The pitch was poorly kept; the slides hadn't been updated.,0,1,0_to_1,slides,probe,"The

probe","The pitch

probe","The pitch was poorly kept; the slides

probe",3,4,10,0.7978,0.4722,-0.0547,2.9621,0.3492,0.0685,0.0405,-0.0047,0.2542,0.03,-0.0279,-0.0452,-0.0731,-0.2589,-0.0347,False,False,False,nan,nan,21,model_internal_ready,correct,correct,primed,boundary,boundary,boundary,boundary,boundary,boundary
mistralai_Mistral-Nemo-Base-2407,decoder,pitch,pitch_gp_09,The groundskeeper criticised the pitch because its market analysis lacked evidence.,0,1,0_to_1,market,probe,"The groundskeeper criticised the

probe","The groundskeeper criticised the pitch

probe","The groundskeeper criticised the pitch because its market

probe",8,9,12,-1.2893,-2.7126,-2.7109,1.8285,0.1494,-0.1106,-0.2328,-0.2326,0.1569,0.0128,-0.1221,0.0001,-0.122,-0.3895,-0.2454,True,False,False,nan,nan,21,model_internal_ready,primed,primed,primed,primed,primed,primed,boundary,boundary,boundary
mistralai_Mistral-Nemo-Base-2407,decoder,pitch,pitch_gp_10,The football coach discussed the pitch until the board asked about projected profits.,0,1,0_to_1,profits,probe,"The football coach discussed the

probe","The football coach discussed the pitch

probe","The football coach discussed the pitch until the board asked about projected profits

probe",7,8,15,-0.5975,-1.8036,-0.658,0.9602,2.8862,-0.0513,-0.1548,-0.0565,0.0824,0.2476,-0.1035,0.0983,-0.0052,-0.1389,-0.3041,True,False,False,nan,nan,21,model_internal_ready,primed,primed,primed,boundary,primed,boundary,boundary,boundary,boundary
mistralai_Mistral-Nemo-Base-2407,decoder,pitch,pitch_gp_11,"With the goalposts still being repaired, he was puzzled by the state of the pitch, which the entrepreneur had based on outdated figures.",0,1,0_to_1,entrepreneur,probe,"With the goalposts still being repaired, he was puzzled by the state of the

probe","With the goalposts still being repaired, he was puzzled by the state of the pitch

probe","With the goalposts still being repaired, he was puzzled by the state of the pitch, which the entrepreneur

probe",18,19,23,-0.6315,-1.819,-0.9016,4.1749,-0.754,-0.0542,-0.1561,-0.0774,0.3582,-0.0647,-0.1019,0.0787,-0.0232,-0.4356,-0.0127,True,False,False,nan,nan,21,model_internal_ready,primed,primed,primed,boundary,primed,boundary,boundary,boundary,boundary
mistralai_Mistral-Nemo-Base-2407,decoder,pitch,pitch_gp_12,The team captain revised the pitch before the investors arrived for the presentation.,0,1,0_to_1,investors,probe,"The team captain revised the

probe","The team captain revised the pitch

probe","The team captain revised the pitch before the investors

probe",7,8,11,-1.3828,-2.0807,-0.1401,2.4328,0.7724,-0.1187,-0.1785,-0.012,0.2087,0.0663,-0.0599,0.1665,0.1066,-0.2208,-0.0783,True,False,False,nan,nan,21,model_internal_ready,primed,primed,primed,primed,primed,boundary,boundary,boundary,boundary
mistralai_Mistral-Nemo-Base-2407,decoder,pitch,pitch_gp_13,"The sports reporter analysed the pitch, which promised rapid growth in subscriber revenue.",0,1,0_to_1,revenue,probe,"The sports reporter analysed the

probe","The sports reporter analysed the pitch

probe","The sports reporter analysed the pitch, which promised rapid growth in subscriber revenue

probe",7,8,16,-1.1301,-1.9255,1.9467,1.5575,2.5266,-0.097,-0.1652,0.167,0.1336,0.2168,-0.0682,0.3322,0.264,0.0334,-0.0498,True,True,True,nan,nan,21,model_internal_ready,primed,primed,correct,boundary,primed,correct,boundary,boundary,boundary
mistralai_Mistral-Nemo-Base-2407,decoder,pitch,pitch_gp_14,"While the players warmed up on their pitch, the investors were already waiting.",0,1,0_to_1,investors,probe,"While the players warmed up on their

probe","While the players warmed up on their pitch

probe","While the players warmed up on their pitch, the investors

probe",9,10,13,-0.6973,-1.5655,0.3151,2.4451,0.6359,-0.0598,-0.1343,0.027,0.2098,0.0546,-0.0745,0.1614,0.0869,-0.1828,-0.0275,True,True,True,nan,nan,21,model_internal_ready,primed,primed,correct,boundary,primed,boundary,boundary,boundary,boundary
allenai_OLMo-2-1124-7B,decoder,bank,bank_gp_01,She finished her loan application and walked to the bank to sit by the river.,1,0,1_to_0,river,probe,"She finished her loan application and walked to the

probe","She finished her loan application and walked to the bank

probe","She finished her loan application and walked to the bank to sit by the river

probe",11,12,17,-0.1964,-1.9346,-0.8642,0.7363,1.5404,-0.0413,-0.4069,-0.1818,0.1549,0.324,-0.3656,0.2252,-0.1405,-0.3366,-0.5058,True,False,False,nan,nan,6,model_internal_ready,primed,primed,primed,boundary,primed,primed,boundary,primed,boundary
allenai_OLMo-2-1124-7B,decoder,bank,bank_gp_02,The branch manager waited at the bank until a fish took the bait.,1,0,1_to_0,fish,probe,"The branch manager waited at the

probe","The branch manager waited at the bank

probe","The branch manager waited at the bank until a fish

probe",8,9,12,0.2598,-0.9521,1.0859,1.3208,2.0342,0.0546,-0.2003,0.2284,0.2778,0.4279,-0.2549,0.4287,0.1738,-0.0494,-0.1995,True,True,True,nan,nan,6,model_internal_ready,correct,primed,correct,boundary,primed,correct,boundary,boundary,boundary
allenai_OLMo-2-1124-7B,decoder,bank,bank_gp_03,He discussed his mortgage at the bank until a passing boat drenched him.,1,0,1_to_0,boat,probe,"He discussed his mortgage at the

probe","He discussed his mortgage at the bank

probe","He discussed his mortgage at the bank until a passing boat

probe",8,9,13,-0.8395,-1.9186,-0.557,0.9385,1.5881,-0.1766,-0.4036,-0.1172,0.1974,0.334,-0.227,0.2864,0.0594,-0.3146,-0.4512,True,False,False,nan,nan,6,model_internal_ready,primed,primed,primed,primed,primed,primed,boundary,primed,boundary
allenai_OLMo-2-1124-7B,decoder,bank,bank_gp_04,The loan officer met her at the bank and helped her into the kayak.,1,0,1_to_0,kayak,probe,"The loan officer met her at the

probe","The loan officer met her at the bank

probe","The loan officer met her at the bank and helped her into the kayak

probe",9,10,16,-0.7247,-2.0156,-0.5257,0.7888,1.8038,-0.1524,-0.424,-0.1106,0.1659,0.3794,-0.2715,0.3134,0.0419,-0.2765,-0.49,True,False,False,nan,nan,6,model_internal_ready,primed,primed,primed,primed,primed,primed,boundary,primed,boundary
allenai_OLMo-2-1124-7B,decoder,bank,bank_gp_05,He took his overdraft papers to the bank and threw them angrily into the river.,1,0,1_to_0,river,probe,"He took his overdraft papers to the

probe","He took his overdraft papers to the bank

probe","He took his overdraft papers to the bank and threw them angrily into the river

probe",10,11,18,0.3539,-0.7593,-0.0187,0.7363,0.9558,0.0744,-0.1597,-0.0039,0.1549,0.201,-0.2342,0.1558,-0.0784,-0.1588,-0.205,True,False,False,nan,nan,6,model_internal_ready,correct,primed,primed,boundary,primed,boundary,boundary,boundary,boundary
allenai_OLMo-2-1124-7B,decoder,bank,bank_gp_06,Her account adviser met her at the bank and stripped down to his swimming trunks.,1,0,1_to_0,swimming,probe,"Her account adviser met her at the

probe","Her account adviser met her at the bank

probe","Her account adviser met her at the bank and stripped down to his swimming

probe",9,10,16,-0.4289,-1.863,-0.1416,0.9448,0.9861,-0.0902,-0.3919,-0.0298,0.1987,0.2074,-0.3016,0.3621,0.0604,-0.2285,-0.2372,True,False,False,nan,nan,6,model_internal_ready,primed,primed,primed,boundary,primed,boundary,boundary,primed,boundary
allenai_OLMo-2-1124-7B,decoder,bank,bank_gp_07,The mortgage broker suggested they meet at the bank and paddle into the sunset together.,1,0,1_to_0,paddle,probe,"The mortgage broker suggested they meet at the

probe","The mortgage broker suggested they meet at the bank

probe","The mortgage broker suggested they meet at the bank and paddle

probe",10,11,13,-0.9443,-1.9259,-0.7351,0.6741,2.1124,-0.1986,-0.4051,-0.1546,0.1418,0.4443,-0.2065,0.2505,0.044,-0.2964,-0.5989,True,False,False,nan,nan,6,model_internal_ready,primed,primed,primed,primed,primed,primed,boundary,primed,boundary
allenai_OLMo-2-1124-7B,decoder,bank,bank_gp_08,"After checking the river level, she waited at the bank until the teller called her inside.",0,1,0_to_1,teller,probe,"After checking the river level, she waited at the

probe","After checking the river level, she waited at the bank

probe","After checking the river level, she waited at the bank until the teller

probe",12,13,17,-2.1279,-2.0842,-1.1829,-0.6334,0.7423,-0.4476,-0.4384,-0.2488,-0.1332,0.1561,0.0092,0.1896,0.1988,-0.1156,-0.405,True,False,False,nan,nan,6,model_internal_ready,primed,primed,primed,primed,primed,primed,primed,primed,boundary
allenai_OLMo-2-1124-7B,decoder,bank,bank_gp_09,"After packing away his fishing rod, he sat by the bank, until the loan officer waved him inside.",0,1,0_to_1,loan,probe,"After packing away his fishing rod, he sat by the

probe","After packing away his fishing rod, he sat by the bank

probe","After packing away his fishing rod, he sat by the bank, until the loan

probe",13,14,18,-1.7472,-1.8723,-0.7937,0.7761,1.0203,-0.3675,-0.3938,-0.167,0.1632,0.2146,-0.0263,0.2269,0.2005,-0.3302,-0.3816,True,False,False,nan,nan,6,model_internal_ready,primed,primed,primed,primed,primed,primed,primed,primed,boundary
allenai_OLMo-2-1124-7B,decoder,bank,bank_gp_10,The canoe guide pointed toward the bank as the cashier locked the front doors.,0,1,0_to_1,cashier,probe,"The canoe guide pointed toward the

probe","The canoe guide pointed toward the bank

probe","The canoe guide pointed toward the bank as the cashier

probe",8,9,12,-2.103,-2.4698,-1.6448,1.0292,1.2338,-0.4423,-0.5195,-0.346,0.2165,0.2595,-0.0772,0.1735,0.0964,-0.5624,-0.6055,True,False,False,nan,nan,6,model_internal_ready,primed,primed,primed,primed,primed,primed,primed,primed,primed
allenai_OLMo-2-1124-7B,decoder,bank,bank_gp_11,"Following the river path, they stopped at the bank to open a business account.",0,1,0_to_1,account,probe,"Following the river path, they stopped at the

probe","Following the river path, they stopped at the bank

probe","Following the river path, they stopped at the bank to open a business account

probe",11,12,17,-2.086,-1.9154,0.7378,0.4358,2.3494,-0.4388,-0.4029,0.1552,0.0917,0.4942,0.0359,0.5581,0.594,0.0635,-0.339,True,True,True,nan,nan,6,model_internal_ready,primed,primed,correct,primed,primed,correct,primed,primed,boundary
allenai_OLMo-2-1124-7B,decoder,bank,bank_gp_12,The flood inspector photographed the bank before its cash machine was replaced.,0,1,0_to_1,cash,probe,"The flood inspector photographed the

probe","The flood inspector photographed the bank

probe","The flood inspector photographed the bank before its cash

probe",7,8,11,-1.211,0.0684,0.651,0.8716,1.0769,-0.2547,0.0144,0.1369,0.1833,0.2265,0.2691,0.1225,0.3917,-0.0464,-0.0896,False,True,False,nan,nan,6,model_internal_ready,primed,correct,correct,primed,boundary,correct,boundary,boundary,boundary
allenai_OLMo-2-1124-7B,decoder,bank,bank_gp_13,The kayaker returned to the bank because the mortgage adviser had left a message.,0,1,0_to_1,mortgage,probe,"The kayaker returned to the

probe","The kayaker returned to the bank

probe","The kayaker returned to the bank because the mortgage

probe",8,9,12,-1.4903,-0.4287,0.8474,1.0832,1.6754,-0.3135,-0.0902,0.1783,0.2278,0.3524,0.2233,0.2684,0.4917,-0.0496,-0.1742,True,True,True,nan,nan,6,model_internal_ready,primed,primed,correct,primed,boundary,correct,primed,boundary,boundary
allenai_OLMo-2-1124-7B,decoder,bank,bank_gp_14,"After rowing practice, she returned to the bank because the vault alarm had sounded.",0,1,0_to_1,vault,probe,"After rowing practice, she returned to the

probe","After rowing practice, she returned to the bank

probe","After rowing practice, she returned to the bank because the vault

probe",11,12,15,-1.4929,-1.5295,-1.2241,0.303,0.7062,-0.314,-0.3217,-0.2575,0.0637,0.1485,-0.0077,0.0642,0.0565,-0.3212,-0.406,True,False,False,nan,nan,6,model_internal_ready,primed,primed,primed,primed,primed,primed,primed,primed,boundary
allenai_OLMo-2-1124-7B,decoder,bark,bark_gp_01,"The dog warden investigated the bark, which was peeling from the old elm.",0,1,0_to_1,elm,probe,"The dog warden investigated the

probe","The dog warden investigated the bark

probe","The dog warden investigated the bark, which was peeling from the old elm

probe",8,9,18,-0.4308,-0.2953,0.117,-0.0694,0.835,-0.1292,-0.0886,0.0351,-0.0208,0.2504,0.0406,0.1237,0.1643,0.0559,-0.2154,True,True,True,nan,nan,8,model_internal_ready,primed,primed,correct,primed,boundary,boundary,boundary,boundary,boundary
allenai_OLMo-2-1124-7B,decoder,bark,bark_gp_02,The dog trainer studied the bark until she found beetles crawling underneath it.,0,1,0_to_1,beetles,probe,"The dog trainer studied the

probe","The dog trainer studied the bark

probe","The dog trainer studied the bark until she found beetles

probe",7,8,13,-0.7984,-1.014,-0.5879,0.49,0.9042,-0.2395,-0.3041,-0.1763,0.147,0.2712,-0.0647,0.1278,0.0631,-0.3233,-0.4475,True,False,False,nan,nan,8,model_internal_ready,primed,primed,primed,primed,primed,primed,boundary,primed,boundary
allenai_OLMo-2-1124-7B,decoder,bark,bark_gp_03,The dog warden recorded the bark before the forester stripped it from the tree.,0,1,0_to_1,tree,probe,"The dog warden recorded the

probe","The dog warden recorded the bark

probe","The dog warden recorded the bark before the forester stripped it from the tree

probe",8,9,18,-0.3935,-0.4465,0.1105,-0.1131,1.2575,-0.118,-0.1339,0.0331,-0.0339,0.3771,-0.0159,0.167,0.1512,0.0671,-0.344,True,True,True,nan,nan,8,model_internal_ready,primed,primed,correct,primed,primed,boundary,boundary,boundary,boundary
allenai_OLMo-2-1124-7B,decoder,bark,bark_gp_04,The neighbour complained about the bark until the wind tore it from the birch.,0,1,0_to_1,birch,probe,"The neighbour complained about the

probe","The neighbour complained about the bark

probe","The neighbour complained about the bark until the wind tore it from the birch

probe",7,8,17,-0.3558,-0.3452,0.2931,0.5165,0.7654,-0.1067,-0.1035,0.0879,0.1549,0.2296,0.0032,0.1914,0.1946,-0.067,-0.1416,True,True,True,nan,nan,8,model_internal_ready,primed,primed,correct,primed,primed,boundary,boundary,boundary,boundary
allenai_OLMo-2-1124-7B,decoder,bark,bark_gp_05,"Beside the dog kennel, the children noticed the bark, which their father peeled from the elm.",0,1,0_to_1,elm,probe,"Beside the dog kennel, the children noticed the

probe","Beside the dog kennel, the children noticed the bark

probe","Beside the dog kennel, the children noticed the bark, which their father peeled from the elm

probe",13,14,22,-0.2053,-0.3778,0.2143,-0.0702,0.7066,-0.0616,-0.1133,0.0643,-0.0211,0.2119,-0.0517,0.1776,0.1258,0.0853,-0.1477,True,True,True,nan,nan,8,model_internal_ready,primed,primed,correct,boundary,primed,boundary,boundary,boundary,boundary
allenai_OLMo-2-1124-7B,decoder,bark,bark_gp_06,"She complained to the neighbours about the bark, which an arborist later cut from the dying sycamore.",0,1,0_to_1,sycamore,probe,"She complained to the neighbours about the

probe","She complained to the neighbours about the bark

probe","She complained to the neighbours about the bark, which an arborist later cut from the dying sycamore

probe",9,10,25,-0.1977,-0.1346,0.5723,0.0841,0.906,-0.0593,-0.0404,0.1717,0.0252,0.2717,0.0189,0.212,0.231,0.1464,-0.1001,True,True,True,nan,nan,8,model_internal_ready,primed,primed,correct,boundary,boundary,correct,boundary,boundary,boundary
allenai_OLMo-2-1124-7B,decoder,bark,bark_gp_07,"After examining the damaged oak, she recorded the bark when the terrier began growling.",1,0,1_to_0,terrier,probe,"After examining the damaged oak, she recorded the

probe","After examining the damaged oak, she recorded the bark

probe","After examining the damaged oak, she recorded the bark when the terrier

probe",11,12,16,-0.661,-0.8672,-0.1459,0.2953,0.6106,-0.1982,-0.2601,-0.0438,0.0886,0.1831,-0.0619,0.2163,0.1545,-0.1323,-0.2269,True,False,False,nan,nan,8,model_internal_ready,primed,primed,primed,primed,primed,boundary,boundary,boundary,boundary
allenai_OLMo-2-1124-7B,decoder,bark,bark_gp_08,The arborist complained about the bark until the spaniel was taken indoors.,1,0,1_to_0,spaniel,probe,"The arborist complained about the

probe","The arborist complained about the bark

probe","The arborist complained about the bark until the spaniel

probe",9,10,14,-0.4047,-0.6425,-0.0473,0.4115,0.7899,-0.1214,-0.1927,-0.0142,0.1234,0.2369,-0.0713,0.1785,0.1072,-0.1376,-0.2511,True,False,False,nan,nan,8,model_internal_ready,primed,primed,primed,primed,primed,boundary,boundary,boundary,boundary
allenai_OLMo-2-1124-7B,decoder,bark,bark_gp_09,"While cataloguing trees, the researcher analysed the bark that the puppy produced during the test.",1,0,1_to_0,puppy,probe,"While cataloguing trees, the researcher analysed the

probe","While cataloguing trees, the researcher analysed the bark

probe","While cataloguing trees, the researcher analysed the bark that the puppy

probe",11,12,15,-0.4388,-0.6935,0.0201,0.3971,0.5369,-0.1316,-0.208,0.006,0.1191,0.161,-0.0764,0.214,0.1376,-0.1131,-0.155,True,True,True,nan,nan,8,model_internal_ready,primed,primed,correct,primed,primed,boundary,boundary,boundary,boundary
allenai_OLMo-2-1124-7B,decoder,bark,bark_gp_10,The lumberjack recognised the bark as soon as the dog made the noise again.,1,0,1_to_0,dog,probe,"The lumberjack recognised the

probe","The lumberjack recognised the bark

probe","The lumberjack recognised the bark as soon as the dog

probe",7,8,13,0.0892,-0.3915,0.4013,0.4625,1.2089,0.0267,-0.1174,0.1204,0.1387,0.3626,-0.1442,0.2378,0.0936,-0.0183,-0.2422,True,True,True,nan,nan,8,model_internal_ready,correct,primed,correct,boundary,primed,correct,boundary,boundary,boundary
allenai_OLMo-2-1124-7B,decoder,bark,bark_gp_11,"Beside the timber yard, they discussed the bark until a terrier repeated it from behind the gate.",1,0,1_to_0,terrier,probe,"Beside the timber yard, they discussed the

probe","Beside the timber yard, they discussed the bark

probe","Beside the timber yard, they discussed the bark until a terrier

probe",11,12,16,-0.278,-0.7205,0.2318,0.3002,0.6798,-0.0834,-0.2161,0.0695,0.09,0.2039,-0.1327,0.2856,0.1529,-0.0205,-0.1344,True,True,True,nan,nan,8,model_internal_ready,primed,primed,correct,boundary,primed,boundary,boundary,boundary,boundary
allenai_OLMo-2-1124-7B,decoder,bark,bark_gp_12,The botanist tried to identify the bark before the hound made the sound a second time.,1,0,1_to_0,hound,probe,"The botanist tried to identify the

probe","The botanist tried to identify the bark

probe","The botanist tried to identify the bark before the hound

probe",10,11,15,-0.5229,-0.9873,-0.3043,0.3256,0.4723,-0.1568,-0.2961,-0.0913,0.0977,0.1417,-0.1393,0.2048,0.0656,-0.1889,-0.2329,True,False,False,nan,nan,8,model_internal_ready,primed,primed,primed,primed,primed,boundary,boundary,boundary,boundary
allenai_OLMo-2-1124-7B,decoder,bark,bark_gp_13,"After the terrier woke the neighbours, she noticed the bark, where sap was seeping from the trunk.",0,1,0_to_1,sap,probe,"After the terrier woke the neighbours, she noticed the

probe","After the terrier woke the neighbours, she noticed the bark

probe","After the terrier woke the neighbours, she noticed the bark, where sap

probe",13,14,17,-0.5296,-0.5416,0.494,-0.059,0.7893,-0.1588,-0.1624,0.1482,-0.0177,0.2367,-0.0036,0.3106,0.307,0.1659,-0.0886,True,True,True,nan,nan,8,model_internal_ready,primed,primed,correct,primed,primed,correct,boundary,boundary,boundary
allenai_OLMo-2-1124-7B,decoder,bark,bark_gp_14,"After inspecting the split trunk, she noted the bark that echoed across the empty yard.",1,0,1_to_0,echoed,probe,"After inspecting the split trunk, she noted the

probe","After inspecting the split trunk, she noted the bark

probe","After inspecting the split trunk, she noted the bark that echoed

probe",12,13,15,-0.2506,-0.6593,-0.2227,0.3291,0.2409,-0.0752,-0.1977,-0.0668,0.0987,0.0723,-0.1226,0.1309,0.0084,-0.1655,-0.1391,True,False,False,nan,nan,8,model_internal_ready,primed,primed,primed,boundary,primed,boundary,boundary,boundary,boundary
allenai_OLMo-2-1124-7B,decoder,bat,bat_gp_01,"He handed her the bat, which spread its wings and flew away.",0,1,0_to_1,wings,probe,"He handed her the

probe","He handed her the bat

probe","He handed her the bat, which spread its wings

probe",6,7,12,0.5966,0.7208,1.051,1.0667,1.4359,0.1352,0.1634,0.2382,0.2418,0.3255,0.0281,0.0749,0.103,-0.0036,-0.0873,False,True,False,nan,nan,8,model_internal_ready,correct,correct,correct,correct,correct,correct,boundary,boundary,boundary
allenai_OLMo-2-1124-7B,decoder,bat,bat_gp_02,"After practice, he carried the bat into the shed, where it hung upside down from a rafter.",0,1,0_to_1,rafter,probe,"After practice, he carried the

probe","After practice, he carried the bat

probe","After practice, he carried the bat into the shed, where it hung upside down from a rafter

probe",8,9,22,0.448,-0.1059,0.4346,0.3204,1.345,0.1015,-0.024,0.0985,0.0726,0.3049,-0.1256,0.1225,-0.003,0.0259,-0.2064,True,True,True,nan,nan,8,model_internal_ready,correct,primed,correct,correct,boundary,boundary,boundary,boundary,boundary
allenai_OLMo-2-1124-7B,decoder,bat,bat_gp_03,"She reached for the bat beside the wicket, but it shrieked and flew away.",0,1,0_to_1,shrieked,probe,"She reached for the

probe","She reached for the bat

probe","She reached for the bat beside the wicket, but it shrieked

probe",6,7,17,0.6001,0.5025,0.135,0.2131,1.0104,0.136,0.1139,0.0306,0.0483,0.2291,-0.0221,-0.0833,-0.1054,-0.0177,-0.1984,False,True,False,nan,nan,8,model_internal_ready,correct,correct,correct,correct,correct,boundary,boundary,boundary,boundary
allenai_OLMo-2-1124-7B,decoder,bat,bat_gp_04,"The umpire inspected the bat, which bit his finger and flew over the boundary.",0,1,0_to_1,flew,probe,"The umpire inspected the

probe","The umpire inspected the bat

probe","The umpire inspected the bat, which bit his finger and flew

probe",7,8,15,-0.1814,-0.3513,-0.1691,0.6244,0.9781,-0.0411,-0.0796,-0.0383,0.1415,0.2217,-0.0385,0.0413,0.0028,-0.1799,-0.2601,True,False,False,nan,nan,8,model_internal_ready,primed,primed,primed,boundary,boundary,boundary,boundary,boundary,boundary
allenai_OLMo-2-1124-7B,decoder,bat,bat_gp_05,"The player reached into the kit bag for the bat, which unfurled its wings and clung to his sleeve.",0,1,0_to_1,wings,probe,"The player reached into the kit bag for the

probe","The player reached into the kit bag for the bat

probe","The player reached into the kit bag for the bat, which unfurled its wings

probe",11,12,19,0.3737,-0.2818,-0.2201,1.0542,1.8022,0.0847,-0.0639,-0.0499,0.239,0.4085,-0.1486,0.014,-0.1346,-0.2889,-0.4584,True,False,False,nan,nan,8,model_internal_ready,correct,primed,primed,boundary,boundary,boundary,boundary,boundary,boundary
allenai_OLMo-2-1124-7B,decoder,bat,bat_gp_06,"She locked the bat in the equipment room, but by morning it was sleeping upside down from the ceiling.",0,1,0_to_1,sleeping,probe,"She locked the

probe","She locked the bat

probe","She locked the bat in the equipment room, but by morning it was sleeping

probe",5,6,17,0.5408,0.5297,0.7141,0.4346,1.0955,0.1226,0.1201,0.1619,0.0985,0.2483,-0.0025,0.0418,0.0393,0.0634,-0.0865,False,True,False,nan,nan,8,model_internal_ready,correct,correct,correct,correct,correct,correct,boundary,boundary,boundary
allenai_OLMo-2-1124-7B,decoder,bat,bat_gp_07,"The boy tucked the bat under his arm, but it wriggled free and flew into the rafters.",0,1,0_to_1,rafters,probe,"The boy tucked the

probe","The boy tucked the bat

probe","The boy tucked the bat under his arm, but it wriggled free and flew into the rafters

probe",6,7,23,0.4773,0.2206,0.091,0.5239,1.2776,0.1082,0.05,0.0206,0.1188,0.2896,-0.0582,-0.0294,-0.0876,-0.0981,-0.269,False,True,False,nan,nan,8,model_internal_ready,correct,correct,correct,correct,boundary,boundary,boundary,boundary,boundary
allenai_OLMo-2-1124-7B,decoder,bat,bat_gp_08,"After monitoring the cave all night, she carried the bat until the batter asked for it back.",1,0,1_to_0,batter,probe,"After monitoring the cave all night, she carried the

probe","After monitoring the cave all night, she carried the bat

probe","After monitoring the cave all night, she carried the bat until the batter

probe",12,13,16,-1.135,-1.3896,-1.0141,-0.2508,-0.0617,-0.2573,-0.315,-0.2299,-0.0568,-0.014,-0.0577,0.0851,0.0274,-0.173,-0.2159,True,False,False,nan,nan,8,model_internal_ready,primed,primed,primed,primed,primed,primed,boundary,primed,boundary
allenai_OLMo-2-1124-7B,decoder,bat,bat_gp_09,The wildlife officer inspected the bat before the umpire ruled it illegal.,1,0,1_to_0,umpire,probe,"The wildlife officer inspected the

probe","The wildlife officer inspected the bat

probe","The wildlife officer inspected the bat before the umpire

probe",7,8,12,-0.7711,-1.6013,-0.3266,-0.0371,0.4408,-0.1748,-0.363,-0.074,-0.0084,0.0999,-0.1882,0.289,0.1008,-0.0656,-0.174,True,False,False,nan,nan,8,model_internal_ready,primed,primed,primed,primed,primed,boundary,boundary,primed,boundary
allenai_OLMo-2-1124-7B,decoder,bat,bat_gp_10,The zoologist photographed the bat that the batsman had cracked during practice.,1,0,1_to_0,batsman,probe,"The zoologist photographed the

probe","The zoologist photographed the bat

probe","The zoologist photographed the bat that the batsman

probe",7,8,12,-1.307,-2.0026,-0.8945,-0.369,-0.0269,-0.2963,-0.454,-0.2028,-0.0836,-0.0061,-0.1577,0.2512,0.0935,-0.1191,-0.1967,True,False,False,nan,nan,8,model_internal_ready,primed,primed,primed,primed,primed,primed,boundary,primed,boundary
allenai_OLMo-2-1124-7B,decoder,bat,bat_gp_11,The cave guide returned the bat to the coach's equipment bag.,1,0,1_to_0,coach,probe,"The cave guide returned the

probe","The cave guide returned the bat

probe","The cave guide returned the bat to the coach

probe",7,8,11,-0.8265,-1.2997,-0.2189,0.0325,1.6898,-0.1874,-0.2946,-0.0496,0.0074,0.3831,-0.1073,0.245,0.1377,-0.057,-0.4327,True,False,False,nan,nan,8,model_internal_ready,primed,primed,primed,primed,primed,boundary,boundary,boundary,boundary
allenai_OLMo-2-1124-7B,decoder,bat,bat_gp_12,"At dusk, the ranger spotted the bat lying beside the wicket.",1,0,1_to_0,wicket,probe,"At dusk, the ranger spotted the

probe","At dusk, the ranger spotted the bat

probe","At dusk, the ranger spotted the bat lying beside the wicket

probe",9,10,15,-1.195,-1.527,-0.9192,0.481,0.5568,-0.2709,-0.3462,-0.2084,0.109,0.1262,-0.0753,0.1378,0.0625,-0.3174,-0.3346,True,False,False,nan,nan,8,model_internal_ready,primed,primed,primed,primed,primed,primed,boundary,primed,boundary
allenai_OLMo-2-1124-7B,decoder,bat,bat_gp_13,The conservationist tagged the bat before the slugger took it to home plate.,1,0,1_to_0,slugger,probe,"The conservationist tagged the

probe","The conservationist tagged the bat

probe","The conservationist tagged the bat before the slugger

probe",7,8,12,-1.1259,-2.1036,-0.9116,0.1271,-0.1585,-0.2552,-0.4769,-0.2066,0.0288,-0.0359,-0.2216,0.2702,0.0486,-0.2355,-0.1707,True,False,False,nan,nan,8,model_internal_ready,primed,primed,primed,primed,primed,primed,boundary,primed,boundary
allenai_OLMo-2-1124-7B,decoder,bat,bat_gp_14,The cave researcher found the bat before the pitcher asked to use it during warm-up.,1,0,1_to_0,pitcher,probe,"The cave researcher found the

probe","The cave researcher found the bat

probe","The cave researcher found the bat before the pitcher

probe",7,8,11,-1.3492,-1.878,-1.3257,-0.2265,1.1828,-0.3059,-0.4257,-0.3005,-0.0514,0.2681,-0.1199,0.1252,0.0053,-0.2492,-0.5686,True,False,False,nan,nan,8,model_internal_ready,primed,primed,primed,primed,primed,primed,primed,primed,primed
allenai_OLMo-2-1124-7B,decoder,crane,crane_gp_01,The site manager watched the crane step into the reeds.,1,0,1_to_0,reeds,probe,"The site manager watched the

probe","The site manager watched the crane

probe","The site manager watched the crane step into the reeds

probe",7,8,13,0.0594,-0.9709,-0.7622,1.1173,1.691,0.0154,-0.2522,-0.198,0.2903,0.4393,-0.2677,0.0542,-0.2134,-0.4883,-0.6374,True,False,False,nan,nan,7,model_internal_ready,correct,primed,primed,boundary,primed,primed,boundary,boundary,boundary
allenai_OLMo-2-1124-7B,decoder,crane,crane_gp_02,The operator waited beside the crane until it spread its wings and flew over the scaffolding.,1,0,1_to_0,wings,probe,"The operator waited beside the

probe","The operator waited beside the crane

probe","The operator waited beside the crane until it spread its wings

probe",7,8,13,-0.1021,-0.9864,-0.5824,1.0783,1.5581,-0.0265,-0.2563,-0.1513,0.2801,0.4048,-0.2297,0.105,-0.1248,-0.4315,-0.5561,True,False,False,nan,nan,7,model_internal_ready,primed,primed,primed,boundary,primed,primed,boundary,boundary,boundary
allenai_OLMo-2-1124-7B,decoder,crane,crane_gp_03,"The foreman pointed to the crane, which dipped its beak into the drainage ditch.",1,0,1_to_0,beak,probe,"The foreman pointed to the

probe","The foreman pointed to the crane

probe","The foreman pointed to the crane, which dipped its beak

probe",8,9,15,-0.1512,-0.8487,-0.0276,1.1214,1.2239,-0.0393,-0.2205,-0.0072,0.2913,0.318,-0.1812,0.2133,0.0321,-0.2985,-0.3251,True,False,False,nan,nan,7,model_internal_ready,primed,primed,primed,boundary,primed,boundary,boundary,boundary,boundary
allenai_OLMo-2-1124-7B,decoder,crane,crane_gp_04,"The safety inspector examined the crane, which tucked its head beneath one wing.",1,0,1_to_0,wing,probe,"The safety inspector examined the

probe","The safety inspector examined the crane

probe","The safety inspector examined the crane, which tucked its head beneath one wing

probe",7,8,16,-0.3795,-1.3798,-0.866,0.5363,0.9076,-0.0986,-0.3585,-0.225,0.1393,0.2358,-0.2599,0.1335,-0.1264,-0.3643,-0.4608,True,False,False,nan,nan,7,model_internal_ready,primed,primed,primed,boundary,primed,primed,boundary,primed,boundary
allenai_OLMo-2-1124-7B,decoder,crane,crane_gp_05,"The steelworkers watched the crane arrive, fold its legs, and begin to preen.",1,0,1_to_0,preen,probe,"The steelworkers watched the

probe","The steelworkers watched the crane

probe","The steelworkers watched the crane arrive, fold its legs, and begin to preen

probe",7,8,19,-0.0545,-0.6239,-0.1825,0.7426,1.3896,-0.0142,-0.1621,-0.0474,0.1929,0.361,-0.1479,0.1147,-0.0333,-0.2403,-0.4084,True,False,False,nan,nan,7,model_internal_ready,primed,primed,primed,boundary,primed,boundary,boundary,boundary,boundary
allenai_OLMo-2-1124-7B,decoder,crane,crane_gp_06,"The contractor followed the crane to the drainage ditch, where it speared a fish.",1,0,1_to_0,fish,probe,"The contractor followed the

probe","The contractor followed the crane

probe","The contractor followed the crane to the drainage ditch, where it speared a fish

probe",6,7,18,-0.1462,-1.4385,-0.1737,1.0983,1.1076,-0.038,-0.3737,-0.0451,0.2853,0.2877,-0.3357,0.3286,-0.0071,-0.3305,-0.3329,True,False,False,nan,nan,7,model_internal_ready,primed,primed,primed,boundary,primed,boundary,boundary,primed,boundary
allenai_OLMo-2-1124-7B,decoder,crane,crane_gp_07,The ornithologist watched the crane until the operator lifted a steel girder.,0,1,0_to_1,operator,probe,"The ornithologist watched the

probe","The ornithologist watched the crane

probe","The ornithologist watched the crane until the operator

probe",8,9,12,-1.219,-1.4792,-0.9227,-0.3424,0.7908,-0.3167,-0.3843,-0.2397,-0.089,0.2054,-0.0676,0.1446,0.077,-0.1507,-0.4452,True,False,False,nan,nan,7,model_internal_ready,primed,primed,primed,primed,primed,primed,primed,primed,boundary
allenai_OLMo-2-1124-7B,decoder,crane,crane_gp_08,The birdwatcher pointed to the crane as it raised a pallet above the roof.,0,1,0_to_1,pallet,probe,"The birdwatcher pointed to the

probe","The birdwatcher pointed to the crane

probe","The birdwatcher pointed to the crane as it raised a pallet

probe",9,10,15,-1.149,-1.3602,-0.969,-0.058,1.1999,-0.2985,-0.3534,-0.2518,-0.0151,0.3117,-0.0549,0.1016,0.0467,-0.2367,-0.5635,True,False,False,nan,nan,7,model_internal_ready,primed,primed,primed,primed,primed,primed,boundary,primed,boundary
allenai_OLMo-2-1124-7B,decoder,crane,crane_gp_09,"The ornithologists tracked the crane to the site, where it hoisted concrete panels.",0,1,0_to_1,hoisted,probe,"The ornithologists tracked the

probe","The ornithologists tracked the crane

probe","The ornithologists tracked the crane to the site, where it hoisted

probe",8,9,17,-1.133,-1.2642,-1.0566,-0.2172,1.4018,-0.2944,-0.3284,-0.2745,-0.0564,0.3642,-0.0341,0.0539,0.0198,-0.2181,-0.6387,True,False,False,nan,nan,7,model_internal_ready,primed,primed,primed,primed,primed,primed,boundary,primed,boundary
allenai_OLMo-2-1124-7B,decoder,crane,crane_gp_10,The wildlife photographer examined the crane while the foreman attached a load to its hook.,0,1,0_to_1,hook,probe,"The wildlife photographer examined the

probe","The wildlife photographer examined the crane

probe","The wildlife photographer examined the crane while the foreman attached a load to its hook

probe",7,8,18,-0.8005,-0.7789,-0.256,-0.2869,1.863,-0.208,-0.2024,-0.0665,-0.0745,0.484,0.0056,0.1358,0.1415,0.008,-0.5505,True,False,False,nan,nan,7,model_internal_ready,primed,primed,primed,primed,primed,boundary,boundary,boundary,boundary
allenai_OLMo-2-1124-7B,decoder,crane,crane_gp_11,The ecologist reported the crane whose hydraulic boom had jammed above the road.,0,1,0_to_1,hydraulic,probe,"The ecologist reported the

probe","The ecologist reported the crane

probe","The ecologist reported the crane whose hydraulic

probe",7,8,10,-0.7977,-0.7254,0.1623,0.4823,0.8371,-0.2072,-0.1885,0.0422,0.1253,0.2175,0.0188,0.2306,0.2494,-0.0831,-0.1753,True,True,True,nan,nan,7,model_internal_ready,primed,primed,correct,primed,primed,boundary,boundary,boundary,boundary
allenai_OLMo-2-1124-7B,decoder,crane,crane_gp_12,The ranger photographed the crane before the construction crew dismantled it.,0,1,0_to_1,construction,probe,"The ranger photographed the

probe","The ranger photographed the crane

probe","The ranger photographed the crane before the construction

probe",6,7,10,-0.5392,-0.3067,0.3282,-0.2493,1.3447,-0.1401,-0.0797,0.0853,-0.0648,0.3494,0.0604,0.165,0.2254,0.15,-0.2641,True,True,True,nan,nan,7,model_internal_ready,primed,primed,correct,primed,boundary,boundary,boundary,boundary,boundary
allenai_OLMo-2-1124-7B,decoder,crane,crane_gp_13,"After counting the nesting birds, the ranger photographed the crane as its cable lifted a generator.",0,1,0_to_1,cable,probe,"After counting the nesting birds, the ranger photographed the

probe","After counting the nesting birds, the ranger photographed the crane

probe","After counting the nesting birds, the ranger photographed the crane as its cable

probe",12,13,16,-1.2689,-1.2728,-0.3711,0.0565,1.2627,-0.3297,-0.3307,-0.0964,0.0147,0.328,-0.001,0.2343,0.2332,-0.1111,-0.4245,True,False,False,nan,nan,7,model_internal_ready,primed,primed,primed,primed,primed,boundary,primed,primed,boundary
allenai_OLMo-2-1124-7B,decoder,crane,crane_gp_14,"After inspecting the construction equipment, the engineer watched the crane as it swallowed a frog.",1,0,1_to_0,swallowed,probe,"After inspecting the construction equipment, the engineer watched the

probe","After inspecting the construction equipment, the engineer watched the crane

probe","After inspecting the construction equipment, the engineer watched the crane as it swallowed

probe",13,14,17,-0.3746,-1.1072,-0.8575,0.5209,1.1865,-0.0973,-0.2877,-0.2228,0.1353,0.3082,-0.1903,0.0649,-0.1255,-0.3581,-0.531,True,False,False,nan,nan,7,model_internal_ready,primed,primed,primed,boundary,primed,primed,boundary,boundary,boundary
allenai_OLMo-2-1124-7B,decoder,spring,spring_gp_01,"They waited all winter for the spring, which finally bubbled from the rocks.",0,1,0_to_1,bubbled,probe,"They waited all winter for the

probe","They waited all winter for the spring

probe","They waited all winter for the spring, which finally bubbled

probe",8,9,14,0.5564,0.2241,0.1234,-0.2951,0.5444,0.1637,0.0659,0.0363,-0.0868,0.1602,-0.0978,-0.0296,-0.1274,0.1231,-0.1238,False,True,False,nan,nan,7,model_internal_ready,correct,correct,correct,correct,boundary,boundary,boundary,boundary,boundary
allenai_OLMo-2-1124-7B,decoder,spring,spring_gp_02,"After the harsh winter, the villagers celebrated the spring until it ran dry.",0,1,0_to_1,dry,probe,"After the harsh winter, the villagers celebrated the

probe","After the harsh winter, the villagers celebrated the spring

probe","After the harsh winter, the villagers celebrated the spring until it ran dry

probe",11,12,16,0.3771,0.2007,0.5818,-0.0129,0.9051,0.1109,0.059,0.1712,-0.0038,0.2663,-0.0519,0.1121,0.0602,0.175,-0.0951,False,True,False,nan,nan,7,model_internal_ready,correct,correct,correct,correct,boundary,correct,boundary,boundary,boundary
allenai_OLMo-2-1124-7B,decoder,spring,spring_gp_03,The valley welcomed the spring until it swept away the pasture fence.,0,1,0_to_1,swept,probe,"The valley welcomed the

probe","The valley welcomed the spring

probe","The valley welcomed the spring until it swept

probe",6,7,10,0.7128,0.3871,0.2714,0.007,1.0954,0.2097,0.1139,0.0798,0.0021,0.3223,-0.0958,-0.034,-0.1299,0.0778,-0.2424,False,True,False,nan,nan,7,model_internal_ready,correct,correct,correct,correct,correct,boundary,boundary,boundary,boundary
allenai_OLMo-2-1124-7B,decoder,spring,spring_gp_04,"The children hurried outside to see the spring, then knelt to drink from it.",0,1,0_to_1,drink,probe,"The children hurried outside to see the

probe","The children hurried outside to see the spring

probe","The children hurried outside to see the spring, then knelt to drink

probe",9,10,16,0.3051,-0.138,-0.359,-0.7556,0.4425,0.0897,-0.0406,-0.1056,-0.2223,0.1302,-0.1303,-0.065,-0.1954,0.1167,-0.2358,True,False,False,nan,nan,7,model_internal_ready,correct,primed,primed,boundary,boundary,primed,boundary,boundary,boundary
allenai_OLMo-2-1124-7B,decoder,spring,spring_gp_05,"After months without water, they prayed for the spring, which arrived with blossoms and longer days.",1,0,1_to_0,blossoms,probe,"After months without water, they prayed for the

probe","After months without water, they prayed for the spring

probe","After months without water, they prayed for the spring, which arrived with blossoms

probe",11,12,18,-0.57,-0.5962,0.2438,0.9411,0.2414,-0.1677,-0.1754,0.0717,0.2769,0.071,-0.0077,0.2472,0.2394,-0.2051,0.0007,True,True,True,nan,nan,7,model_internal_ready,primed,primed,correct,primed,primed,boundary,boundary,boundary,boundary
allenai_OLMo-2-1124-7B,decoder,spring,spring_gp_06,"The estate expected the spring in March, but the surveyor found it bubbling beneath the old wall.",0,1,0_to_1,bubbling,probe,"The estate expected the

probe","The estate expected the spring

probe","The estate expected the spring in March, but the surveyor found it bubbling

probe",6,7,18,0.3636,0.1635,1.0271,0.2639,1.4967,0.107,0.0481,0.3022,0.0776,0.4403,-0.0589,0.2541,0.1952,0.2245,-0.1382,False,True,False,nan,nan,7,model_internal_ready,correct,correct,correct,correct,boundary,correct,boundary,boundary,correct
allenai_OLMo-2-1124-7B,decoder,spring,spring_gp_07,"After testing the village well, they waited for the spring, when the orchards would bloom.",1,0,1_to_0,orchards,probe,"After testing the village well, they waited for the

probe","After testing the village well, they waited for the spring

probe","After testing the village well, they waited for the spring, when the orchards

probe",12,13,18,-0.8249,-0.8521,0.0426,0.9269,0.3988,-0.2427,-0.2507,0.0125,0.2727,0.1173,-0.008,0.2632,0.2552,-0.2601,-0.1048,True,True,True,nan,nan,7,model_internal_ready,primed,primed,correct,primed,primed,boundary,boundary,boundary,boundary
allenai_OLMo-2-1124-7B,decoder,spring,spring_gp_08,The hydrologist predicted the spring would bring warmer days to the valley.,1,0,1_to_0,warmer,probe,"The hydrologist predicted the

probe","The hydrologist predicted the spring

probe","The hydrologist predicted the spring would bring warmer

probe",8,9,12,-1.1318,-1.1838,-1.2174,-0.1129,-1.039,-0.333,-0.3483,-0.3582,-0.0332,-0.3057,-0.0153,-0.0099,-0.0252,-0.3249,-0.0525,True,False,False,nan,nan,7,model_internal_ready,primed,primed,primed,primed,primed,primed,primed,primed,primed
allenai_OLMo-2-1124-7B,decoder,spring,spring_gp_09,"During the drought survey, she wrote about the spring that began with late snowstorms.",1,0,1_to_0,snowstorms,probe,"During the drought survey, she wrote about the

probe","During the drought survey, she wrote about the spring

probe","During the drought survey, she wrote about the spring that began with late snowstorms

probe",11,12,18,-0.7861,-0.6827,-0.6083,-0.4153,-0.8394,-0.2313,-0.2009,-0.179,-0.1222,-0.2469,0.0304,0.0219,0.0523,-0.0568,0.068,True,False,False,nan,nan,7,model_internal_ready,primed,primed,primed,primed,primed,primed,boundary,boundary,boundary
allenai_OLMo-2-1124-7B,decoder,spring,spring_gp_10,"After mapping the underground water, they prepared for the spring by ordering seeds.",1,0,1_to_0,seeds,probe,"After mapping the underground water, they prepared for the

probe","After mapping the underground water, they prepared for the spring

probe","After mapping the underground water, they prepared for the spring by ordering seeds

probe",12,13,16,-1.1238,-1.2902,-1.1496,0.466,-0.0922,-0.3306,-0.3796,-0.3382,0.1371,-0.0271,-0.049,0.0414,-0.0076,-0.4753,-0.3111,True,False,False,nan,nan,7,model_internal_ready,primed,primed,primed,primed,primed,primed,primed,primed,primed
allenai_OLMo-2-1124-7B,decoder,spring,spring_gp_11,"After celebrating the end of winter, the villagers welcomed the spring, which supplied their drinking water throughout the drought.",0,1,0_to_1,water,probe,"After celebrating the end of winter, the villagers welcomed the

probe","After celebrating the end of winter, the villagers welcomed the spring

probe","After celebrating the end of winter, the villagers welcomed the spring, which supplied their drinking water

probe",13,14,20,0.2969,0.0281,0.446,0.4175,0.8165,0.0874,0.0083,0.1312,0.1228,0.2402,-0.0791,0.1229,0.0439,0.0084,-0.109,False,True,False,nan,nan,7,model_internal_ready,correct,correct,correct,boundary,boundary,correct,boundary,boundary,boundary
allenai_OLMo-2-1124-7B,decoder,spring,spring_gp_12,"After pruning the orchard, she wrote about the spring that fed a stream below the ridge.",0,1,0_to_1,stream,probe,"After pruning the orchard, she wrote about the

probe","After pruning the orchard, she wrote about the spring

probe","After pruning the orchard, she wrote about the spring that fed a stream

probe",12,13,17,-0.3014,-0.2446,-0.0201,-0.3175,1.3275,-0.0887,-0.072,-0.0059,-0.0934,0.3905,0.0167,0.0661,0.0828,0.0875,-0.3965,True,False,False,nan,nan,7,model_internal_ready,primed,primed,primed,boundary,boundary,boundary,boundary,boundary,boundary
allenai_OLMo-2-1124-7B,decoder,spring,spring_gp_13,"After inspecting the dried-up well, the hydrologist described the spring that arrived unusually early that year.",1,0,1_to_0,arrived,probe,"After inspecting the dried-up well, the hydrologist described the

probe","After inspecting the dried-up well, the hydrologist described the spring

probe","After inspecting the dried-up well, the hydrologist described the spring that arrived

probe",16,17,19,-1.3961,-1.236,-1.1629,0.3518,-0.8786,-0.4107,-0.3636,-0.3421,0.1035,-0.2585,0.0471,0.0215,0.0686,-0.4456,-0.0837,True,False,False,nan,nan,7,model_internal_ready,primed,primed,primed,primed,primed,primed,primed,primed,primed
allenai_OLMo-2-1124-7B,decoder,spring,spring_gp_14,"After surveying the aquifer, the engineer described the spring that followed the coldest winter on record.",1,0,1_to_0,winter,probe,"After surveying the aquifer, the engineer described the

probe","After surveying the aquifer, the engineer described the spring

probe","After surveying the aquifer, the engineer described the spring that followed the coldest winter

probe",13,14,20,-1.372,-1.2731,-1.2566,0.512,-0.8429,-0.4037,-0.3745,-0.3697,0.1506,-0.248,0.0291,0.0049,0.034,-0.5203,-0.1217,True,False,False,nan,nan,7,model_internal_ready,primed,primed,primed,primed,primed,primed,primed,primed,primed
allenai_OLMo-2-1124-7B,decoder,match,match_gp_01,"The referee held up the match, then struck it against the box.",0,1,0_to_1,struck,probe,"The referee held up the

probe","The referee held up the match

probe","The referee held up the match, then struck

probe",7,8,11,-0.8119,-2.0527,0.043,-0.4945,0.8821,-0.123,-0.3109,0.0065,-0.0749,0.1336,-0.1879,0.3174,0.1295,0.0814,-0.1271,True,True,True,nan,nan,22,model_internal_ready,primed,primed,correct,primed,primed,boundary,boundary,primed,boundary
allenai_OLMo-2-1124-7B,decoder,match,match_gp_02,"The boxer threw the match, which landed in the dry grass and started a fire.",0,1,0_to_1,fire,probe,"The boxer threw the

probe","The boxer threw the match

probe","The boxer threw the match, which landed in the dry grass and started a fire

probe",6,7,18,-0.0287,-2.1399,-0.5392,-0.4575,0.3151,-0.0043,-0.3241,-0.0816,-0.0693,0.0477,-0.3197,0.2424,-0.0773,-0.0124,-0.1294,True,False,False,nan,nan,22,model_internal_ready,primed,primed,primed,boundary,primed,boundary,boundary,primed,boundary
allenai_OLMo-2-1124-7B,decoder,match,match_gp_03,"The captain cursed the match, then struck it against the box.",0,1,0_to_1,struck,probe,"The captain cursed the

probe","The captain cursed the match

probe","The captain cursed the match, then struck

probe",6,7,10,-0.1974,-1.5261,0.5792,-0.4945,0.7677,-0.0299,-0.2311,0.0877,-0.0749,0.1163,-0.2012,0.3188,0.1176,0.1626,-0.0285,True,True,True,nan,nan,22,model_internal_ready,primed,primed,correct,boundary,primed,boundary,boundary,boundary,boundary
allenai_OLMo-2-1124-7B,decoder,match,match_gp_04,The crowd watched the match until it burned out.,0,1,0_to_1,burned,probe,"The crowd watched the

probe","The crowd watched the match

probe","The crowd watched the match until it burned

probe",6,7,10,-0.069,-2.5666,-0.7065,0.1587,-0.5316,-0.0104,-0.3887,-0.107,0.024,-0.0805,-0.3782,0.2817,-0.0966,-0.131,-0.0265,True,False,False,nan,nan,22,model_internal_ready,primed,primed,primed,boundary,primed,primed,boundary,primed,boundary
allenai_OLMo-2-1124-7B,decoder,match,match_gp_05,"The whole town waited for the match, which the mayor struck to light the bonfire.",0,1,0_to_1,bonfire,probe,"The whole town waited for the

probe","The whole town waited for the match

probe","The whole town waited for the match, which the mayor struck to light the bonfire

probe",8,9,19,-0.6316,-2.089,0.5672,-0.5448,-0.0391,-0.0956,-0.3164,0.0859,-0.0825,-0.0059,-0.2207,0.4023,0.1816,0.1684,0.0918,True,True,True,nan,nan,22,model_internal_ready,primed,primed,correct,boundary,primed,boundary,boundary,primed,boundary
allenai_OLMo-2-1124-7B,decoder,match,match_gp_06,"Before kickoff, the referee checked the match and put it into his pocket.",0,1,0_to_1,pocket,probe,"Before kickoff, the referee checked the

probe","Before kickoff, the referee checked the match

probe","Before kickoff, the referee checked the match and put it into his pocket

probe",9,10,16,0.0232,-0.9778,0.1056,0.8417,2.1433,0.0035,-0.1481,0.016,0.1275,0.3246,-0.1516,0.1641,0.0125,-0.1115,-0.3086,True,True,True,nan,nan,22,model_internal_ready,correct,primed,correct,boundary,primed,boundary,boundary,boundary,boundary
allenai_OLMo-2-1124-7B,decoder,match,match_gp_07,"After inspecting the burned shed, the marshal discussed the match until the referee showed the replay.",1,0,1_to_0,referee,probe,"After inspecting the burned shed, the marshal discussed the

probe","After inspecting the burned shed, the marshal discussed the match

probe","After inspecting the burned shed, the marshal discussed the match until the referee

probe",13,14,17,0.1254,0.0363,0.3885,0.7665,1.1372,0.019,0.0055,0.0588,0.1161,0.1722,-0.0135,0.0533,0.0398,-0.0572,-0.1134,False,True,False,nan,nan,22,model_internal_ready,correct,correct,correct,boundary,boundary,boundary,boundary,boundary,boundary
allenai_OLMo-2-1124-7B,decoder,match,match_gp_08,"Beside the dying campfire, they were looking for the match, which was streamed by all the major TV services.",1,0,1_to_0,streamed,probe,"Beside the dying campfire, they were looking for the

probe","Beside the dying campfire, they were looking for the match

probe","Beside the dying campfire, they were looking for the match, which was streamed

probe",14,15,19,-0.3495,-0.2276,-0.2726,1.3759,2.2301,-0.0529,-0.0345,-0.0413,0.2084,0.3377,0.0185,-0.0068,0.0116,-0.2496,-0.379,True,False,False,nan,nan,22,model_internal_ready,primed,primed,primed,boundary,boundary,boundary,boundary,boundary,boundary
allenai_OLMo-2-1124-7B,decoder,match,match_gp_09,The candle maker described the match that ended in a penalty shootout.,1,0,1_to_0,penalty,probe,"The candle maker described the

probe","The candle maker described the match

probe","The candle maker described the match that ended in a penalty

probe",7,8,13,-0.471,0.6305,2.5229,1.1277,2.079,-0.0713,0.0955,0.3821,0.1708,0.3148,0.1668,0.2866,0.4534,0.2113,0.0672,False,True,False,nan,nan,22,model_internal_ready,primed,correct,correct,boundary,boundary,correct,boundary,boundary,correct
allenai_OLMo-2-1124-7B,decoder,match,match_gp_10,"Although she was soaked, the match had remained dry, and the home side won in extra time.",1,0,1_to_0,side,probe,"Although she was soaked, the

probe","Although she was soaked, the match

probe","Although she was soaked, the match had remained dry, and the home side

probe",8,9,17,-0.393,0.406,0.7569,0.9089,1.0418,-0.0595,0.0615,0.1146,0.1376,0.1578,0.121,0.0531,0.1741,-0.023,-0.0432,False,True,False,nan,nan,22,model_internal_ready,primed,correct,correct,boundary,boundary,correct,boundary,boundary,boundary
allenai_OLMo-2-1124-7B,decoder,match,match_gp_11,"In the dark, the match illuminated the entire city once the stadium lights came on.",1,0,1_to_0,stadium,probe,"In the dark, the

probe","In the dark, the match

probe","In the dark, the match illuminated the entire city once the stadium

probe",7,8,15,-0.1251,-0.5531,0.0907,1.5043,0.264,-0.0189,-0.0838,0.0137,0.2278,0.04,-0.0648,0.0975,0.0327,-0.2141,-0.0262,True,True,True,nan,nan,22,model_internal_ready,primed,primed,correct,boundary,boundary,boundary,boundary,boundary,boundary
allenai_OLMo-2-1124-7B,decoder,match,match_gp_12,The arson investigator reconstructed the match that the home side won in extra time.,1,0,1_to_0,won,probe,"The arson investigator reconstructed the

probe","The arson investigator reconstructed the match

probe","The arson investigator reconstructed the match that the home side won

probe",7,8,13,-0.4037,-0.1734,2.1958,1.1931,3.1195,-0.0611,-0.0263,0.3325,0.1807,0.4724,0.0349,0.3588,0.3937,0.1518,-0.1399,True,True,True,nan,nan,22,model_internal_ready,primed,primed,correct,boundary,boundary,correct,boundary,boundary,correct
allenai_OLMo-2-1124-7B,decoder,match,match_gp_13,"With the final score still disputed, the referee examined the match until its head flared orange.",0,1,0_to_1,flared,probe,"With the final score still disputed, the referee examined the

probe","With the final score still disputed, the referee examined the match

probe","With the final score still disputed, the referee examined the match until its head flared

probe",13,14,19,-0.0753,-1.1708,-0.3014,0.0744,1.7572,-0.0114,-0.1773,-0.0456,0.0113,0.2661,-0.1659,0.1317,-0.0342,-0.0569,-0.3117,True,False,False,nan,nan,22,model_internal_ready,primed,primed,primed,boundary,primed,boundary,boundary,boundary,boundary
allenai_OLMo-2-1124-7B,decoder,match,match_gp_14,"After gathering dry kindling, they waited for the match, which went into extra time.",1,0,1_to_0,time,probe,"After gathering dry kindling, they waited for the

probe","After gathering dry kindling, they waited for the match

probe","After gathering dry kindling, they waited for the match, which went into extra time

probe",12,13,19,-0.4664,-0.6299,0.1032,1.1703,3.3382,-0.0706,-0.0954,0.0156,0.1772,0.5055,-0.0248,0.111,0.0863,-0.1616,-0.4899,True,True,True,nan,nan,22,model_internal_ready,primed,primed,correct,boundary,boundary,boundary,boundary,boundary,boundary
allenai_OLMo-2-1124-7B,decoder,pitch,pitch_gp_01,"The investors checked the pitch, which had just been freshly mown.",1,0,1_to_0,mown,probe,"The investors checked the

probe","The investors checked the pitch

probe","The investors checked the pitch, which had just been freshly mown

probe",6,7,15,-0.5684,-0.7696,0.0175,0.3791,1.3029,-0.1357,-0.1837,0.0042,0.0905,0.311,-0.048,0.1879,0.1399,-0.0863,-0.3069,True,True,True,nan,nan,11,model_internal_ready,primed,primed,correct,primed,primed,boundary,boundary,boundary,boundary
allenai_OLMo-2-1124-7B,decoder,pitch,pitch_gp_02,"She walked the investors through the pitch, careful not to scuff the fresh touchlines.",1,0,1_to_0,touchlines,probe,"She walked the investors through the

probe","She walked the investors through the pitch

probe","She walked the investors through the pitch, careful not to scuff the fresh touchlines

probe",8,9,19,-0.947,-0.4841,0.2867,0.6421,1.2656,-0.2261,-0.1156,0.0684,0.1533,0.3021,0.1105,0.184,0.2945,-0.0849,-0.2337,True,True,True,nan,nan,11,model_internal_ready,primed,primed,correct,primed,primed,boundary,boundary,boundary,boundary
allenai_OLMo-2-1124-7B,decoder,pitch,pitch_gp_03,He reviewed the pitch and asked the groundskeeper to repaint the lines.,1,0,1_to_0,lines,probe,"He reviewed the

probe","He reviewed the pitch

probe","He reviewed the pitch and asked the groundskeeper to repaint the lines

probe",5,6,15,-0.0535,0.6628,1.2372,0.2132,1.6716,-0.0128,0.1582,0.2954,0.0509,0.3991,0.171,0.1371,0.3081,0.2445,-0.1037,False,True,False,nan,nan,11,model_internal_ready,primed,correct,correct,boundary,correct,correct,boundary,boundary,boundary
allenai_OLMo-2-1124-7B,decoder,pitch,pitch_gp_04,The investors rejected the pitch because the rain had left it waterlogged.,1,0,1_to_0,waterlogged,probe,"The investors rejected the

probe","The investors rejected the pitch

probe","The investors rejected the pitch because the rain had left it waterlogged

probe",6,7,15,-0.81,-1.4044,-0.6575,0.5913,1.2694,-0.1934,-0.3353,-0.157,0.1412,0.303,-0.1419,0.1783,0.0364,-0.2981,-0.46,True,False,False,nan,nan,11,model_internal_ready,primed,primed,primed,primed,primed,primed,boundary,primed,boundary
allenai_OLMo-2-1124-7B,decoder,pitch,pitch_gp_05,"The investors asked to see the pitch, so the groundskeeper led them onto it.",1,0,1_to_0,groundskeeper,probe,"The investors asked to see the

probe","The investors asked to see the pitch

probe","The investors asked to see the pitch, so the groundskeeper

probe",8,9,14,-0.8179,-1.4196,0.1494,0.5991,0.5767,-0.1952,-0.3389,0.0357,0.143,0.1377,-0.1437,0.3746,0.2309,-0.1074,-0.102,True,True,True,nan,nan,11,model_internal_ready,primed,primed,correct,primed,primed,boundary,boundary,primed,boundary
allenai_OLMo-2-1124-7B,decoder,pitch,pitch_gp_06,The board reviewed the pitch until a groundskeeper asked them to keep off the grass.,1,0,1_to_0,grass,probe,"The board reviewed the

probe","The board reviewed the pitch

probe","The board reviewed the pitch until a groundskeeper asked them to keep off the grass

probe",6,7,18,-0.2307,0.4825,0.3733,0.6295,0.9183,-0.0551,0.1152,0.0891,0.1503,0.2192,0.1702,-0.0261,0.1442,-0.0612,-0.1301,False,True,False,nan,nan,11,model_internal_ready,primed,correct,correct,boundary,correct,boundary,boundary,boundary,boundary
allenai_OLMo-2-1124-7B,decoder,pitch,pitch_gp_07,"Her slides were ready, but the pitch was still too wet for kickoff.",1,0,1_to_0,wet,probe,"Her slides were ready, but the

probe","Her slides were ready, but the pitch

probe","Her slides were ready, but the pitch was still too wet

probe",9,10,14,0.1388,0.3239,0.2564,0.4581,0.6994,0.0331,0.0773,0.0612,0.1094,0.167,0.0442,-0.0161,0.0281,-0.0481,-0.1057,False,True,False,nan,nan,11,model_internal_ready,correct,correct,correct,boundary,boundary,boundary,boundary,boundary,boundary
allenai_OLMo-2-1124-7B,decoder,pitch,pitch_gp_08,The pitch was poorly kept; the slides hadn't been updated.,0,1,0_to_1,slides,probe,"The

probe","The pitch

probe","The pitch was poorly kept; the slides

probe",3,4,10,-0.1362,-0.4916,-0.7158,-0.2379,-0.5072,-0.0325,-0.1174,-0.1709,-0.0568,-0.1211,-0.0848,-0.0535,-0.1384,-0.1141,-0.0498,True,False,False,nan,nan,11,model_internal_ready,primed,primed,primed,boundary,primed,primed,boundary,boundary,boundary
allenai_OLMo-2-1124-7B,decoder,pitch,pitch_gp_09,The groundskeeper criticised the pitch because its market analysis lacked evidence.,0,1,0_to_1,market,probe,"The groundskeeper criticised the

probe","The groundskeeper criticised the pitch

probe","The groundskeeper criticised the pitch because its market

probe",7,8,11,0.2452,-0.3131,0.1431,0.0776,0.394,0.0585,-0.0748,0.0342,0.0185,0.0941,-0.1333,0.1089,-0.0244,0.0156,-0.0599,True,True,True,nan,nan,11,model_internal_ready,correct,primed,correct,boundary,boundary,boundary,boundary,boundary,boundary
allenai_OLMo-2-1124-7B,decoder,pitch,pitch_gp_10,The football coach discussed the pitch until the board asked about projected profits.,0,1,0_to_1,profits,probe,"The football coach discussed the

probe","The football coach discussed the pitch

probe","The football coach discussed the pitch until the board asked about projected profits

probe",7,8,15,0.2387,-1.2153,1.1642,0.6668,1.9415,0.057,-0.2901,0.2779,0.1592,0.4635,-0.3471,0.568,0.2209,0.1187,-0.1856,True,True,True,nan,nan,11,model_internal_ready,correct,primed,correct,boundary,primed,correct,boundary,boundary,boundary
allenai_OLMo-2-1124-7B,decoder,pitch,pitch_gp_11,"With the goalposts still being repaired, he was puzzled by the state of the pitch, which the entrepreneur had based on outdated figures.",0,1,0_to_1,entrepreneur,probe,"With the goalposts still being repaired, he was puzzled by the state of the

probe","With the goalposts still being repaired, he was puzzled by the state of the pitch

probe","With the goalposts still being repaired, he was puzzled by the state of the pitch, which the entrepreneur

probe",18,19,23,-0.1484,-0.5561,0.0875,0.6283,0.4768,-0.0354,-0.1328,0.0209,0.15,0.1138,-0.0973,0.1536,0.0563,-0.1291,-0.0929,True,True,True,nan,nan,11,model_internal_ready,primed,primed,correct,boundary,primed,boundary,boundary,boundary,boundary
allenai_OLMo-2-1124-7B,decoder,pitch,pitch_gp_12,The team captain revised the pitch before the investors arrived for the presentation.,0,1,0_to_1,investors,probe,"The team captain revised the

probe","The team captain revised the pitch

probe","The team captain revised the pitch before the investors

probe",7,8,11,-0.0045,-0.8772,0.9258,1.0346,1.0757,-0.0011,-0.2094,0.221,0.247,0.2568,-0.2083,0.4304,0.2221,-0.026,-0.0358,True,True,True,nan,nan,11,model_internal_ready,primed,primed,correct,boundary,primed,correct,boundary,boundary,boundary
allenai_OLMo-2-1124-7B,decoder,pitch,pitch_gp_13,"The sports reporter analysed the pitch, which promised rapid growth in subscriber revenue.",0,1,0_to_1,revenue,probe,"The sports reporter analysed the

probe","The sports reporter analysed the pitch

probe","The sports reporter analysed the pitch, which promised rapid growth in subscriber revenue

probe",7,8,16,0.1501,-0.5135,1.1698,0.6635,1.2048,0.0358,-0.1226,0.2793,0.1584,0.2876,-0.1584,0.4019,0.2435,0.1209,-0.0083,True,True,True,nan,nan,11,model_internal_ready,correct,primed,correct,boundary,primed,correct,boundary,boundary,boundary
allenai_OLMo-2-1124-7B,decoder,pitch,pitch_gp_14,"While the players warmed up on their pitch, the investors were already waiting.",0,1,0_to_1,investors,probe,"While the players warmed up on their

probe","While the players warmed up on their pitch

probe","While the players warmed up on their pitch, the investors

probe",9,10,13,-0.3822,-1.0507,0.5745,1.0346,0.4597,-0.0912,-0.2508,0.1371,0.247,0.1097,-0.1596,0.388,0.2284,-0.1099,0.0274,True,True,True,nan,nan,11,model_internal_ready,primed,primed,correct,boundary,primed,correct,boundary,boundary,boundary
