model,architecture,homonym,layer,relative_depth,adequacy,mean_margin,is_candidate,peak_adequacy,best_layer
answerdotai_ModernBERT-large,encoder,bank,0,0.0,0.0,0.0,False,0.9,1
answerdotai_ModernBERT-large,encoder,bank,1,0.035714,0.9,0.223404,True,0.9,1
answerdotai_ModernBERT-large,encoder,bank,2,0.071429,0.7,0.174469,False,0.9,1
answerdotai_ModernBERT-large,encoder,bank,3,0.107143,0.8,0.146181,False,0.9,1
answerdotai_ModernBERT-large,encoder,bank,4,0.142857,0.8,0.155945,False,0.9,1
answerdotai_ModernBERT-large,encoder,bank,5,0.178571,0.8,0.146964,False,0.9,1
answerdotai_ModernBERT-large,encoder,bank,6,0.214286,0.7,0.129959,False,0.9,1
answerdotai_ModernBERT-large,encoder,bank,7,0.25,0.7,0.11751,False,0.9,1
answerdotai_ModernBERT-large,encoder,bank,8,0.285714,0.6,0.107508,False,0.9,1
answerdotai_ModernBERT-large,encoder,bank,9,0.321429,0.7,0.109981,False,0.9,1
answerdotai_ModernBERT-large,encoder,bank,10,0.357143,0.6,0.109285,False,0.9,1
answerdotai_ModernBERT-large,encoder,bank,11,0.392857,0.6,0.100947,False,0.9,1
answerdotai_ModernBERT-large,encoder,bank,12,0.428571,0.6,0.11007,False,0.9,1
answerdotai_ModernBERT-large,encoder,bank,13,0.464286,0.7,0.125013,False,0.9,1
answerdotai_ModernBERT-large,encoder,bank,14,0.5,0.7,0.1204,False,0.9,1
answerdotai_ModernBERT-large,encoder,bank,15,0.535714,0.8,0.127563,False,0.9,1
answerdotai_ModernBERT-large,encoder,bank,16,0.571429,0.8,0.128876,False,0.9,1
answerdotai_ModernBERT-large,encoder,bank,17,0.607143,0.8,0.122723,False,0.9,1
answerdotai_ModernBERT-large,encoder,bank,18,0.642857,0.8,0.123003,False,0.9,1
answerdotai_ModernBERT-large,encoder,bank,19,0.678571,0.8,0.13872,False,0.9,1
answerdotai_ModernBERT-large,encoder,bank,20,0.714286,0.8,0.15239,False,0.9,1
answerdotai_ModernBERT-large,encoder,bank,21,0.75,0.8,0.153664,False,0.9,1
answerdotai_ModernBERT-large,encoder,bank,22,0.785714,0.7,0.156678,False,0.9,1
answerdotai_ModernBERT-large,encoder,bank,23,0.821429,0.6,0.147756,False,0.9,1
answerdotai_ModernBERT-large,encoder,bank,24,0.857143,0.6,0.163634,False,0.9,1
answerdotai_ModernBERT-large,encoder,bank,25,0.892857,0.6,0.168735,False,0.9,1
answerdotai_ModernBERT-large,encoder,bank,26,0.928571,0.6,0.175593,False,0.9,1
answerdotai_ModernBERT-large,encoder,bank,27,0.964286,0.7,0.185301,False,0.9,1
answerdotai_ModernBERT-large,encoder,bank,28,1.0,0.8,0.182054,False,0.9,1
answerdotai_ModernBERT-large,encoder,bark,0,0.0,0.0,0.0,False,0.8,2
answerdotai_ModernBERT-large,encoder,bark,1,0.035714,0.7,0.147701,False,0.8,2
answerdotai_ModernBERT-large,encoder,bark,2,0.071429,0.8,0.155436,True,0.8,2
answerdotai_ModernBERT-large,encoder,bark,3,0.107143,0.6,0.128701,False,0.8,2
answerdotai_ModernBERT-large,encoder,bark,4,0.142857,0.6,0.118482,False,0.8,2
answerdotai_ModernBERT-large,encoder,bark,5,0.178571,0.6,0.127711,False,0.8,2
answerdotai_ModernBERT-large,encoder,bark,6,0.214286,0.6,0.109918,False,0.8,2
answerdotai_ModernBERT-large,encoder,bark,7,0.25,0.6,0.113845,False,0.8,2
answerdotai_ModernBERT-large,encoder,bark,8,0.285714,0.6,0.134628,False,0.8,2
answerdotai_ModernBERT-large,encoder,bark,9,0.321429,0.6,0.135002,False,0.8,2
answerdotai_ModernBERT-large,encoder,bark,10,0.357143,0.5,0.12868,False,0.8,2
answerdotai_ModernBERT-large,encoder,bark,11,0.392857,0.5,0.115021,False,0.8,2
answerdotai_ModernBERT-large,encoder,bark,12,0.428571,0.5,0.108367,False,0.8,2
answerdotai_ModernBERT-large,encoder,bark,13,0.464286,0.5,0.114875,False,0.8,2
answerdotai_ModernBERT-large,encoder,bark,14,0.5,0.5,0.113134,False,0.8,2
answerdotai_ModernBERT-large,encoder,bark,15,0.535714,0.5,0.100382,False,0.8,2
answerdotai_ModernBERT-large,encoder,bark,16,0.571429,0.5,0.106137,False,0.8,2
answerdotai_ModernBERT-large,encoder,bark,17,0.607143,0.5,0.108103,False,0.8,2
answerdotai_ModernBERT-large,encoder,bark,18,0.642857,0.5,0.093411,False,0.8,2
answerdotai_ModernBERT-large,encoder,bark,19,0.678571,0.5,0.089701,False,0.8,2
answerdotai_ModernBERT-large,encoder,bark,20,0.714286,0.5,0.091491,False,0.8,2
answerdotai_ModernBERT-large,encoder,bark,21,0.75,0.5,0.099966,False,0.8,2
answerdotai_ModernBERT-large,encoder,bark,22,0.785714,0.6,0.122077,False,0.8,2
answerdotai_ModernBERT-large,encoder,bark,23,0.821429,0.6,0.122731,False,0.8,2
answerdotai_ModernBERT-large,encoder,bark,24,0.857143,0.7,0.127843,False,0.8,2
answerdotai_ModernBERT-large,encoder,bark,25,0.892857,0.5,0.137186,False,0.8,2
answerdotai_ModernBERT-large,encoder,bark,26,0.928571,0.5,0.140682,False,0.8,2
answerdotai_ModernBERT-large,encoder,bark,27,0.964286,0.5,0.148458,False,0.8,2
answerdotai_ModernBERT-large,encoder,bark,28,1.0,0.5,0.1414,False,0.8,2
answerdotai_ModernBERT-large,encoder,bat,0,0.0,0.5,0.0,False,0.9,27
answerdotai_ModernBERT-large,encoder,bat,1,0.035714,0.5,0.045215,False,0.9,27
answerdotai_ModernBERT-large,encoder,bat,2,0.071429,0.5,0.093671,False,0.9,27
answerdotai_ModernBERT-large,encoder,bat,3,0.107143,0.5,0.077443,False,0.9,27
answerdotai_ModernBERT-large,encoder,bat,4,0.142857,0.5,0.066657,False,0.9,27
answerdotai_ModernBERT-large,encoder,bat,5,0.178571,0.6,0.11694,False,0.9,27
answerdotai_ModernBERT-large,encoder,bat,6,0.214286,0.6,0.098196,False,0.9,27
answerdotai_ModernBERT-large,encoder,bat,7,0.25,0.5,0.093064,False,0.9,27
answerdotai_ModernBERT-large,encoder,bat,8,0.285714,0.6,0.11546,False,0.9,27
answerdotai_ModernBERT-large,encoder,bat,9,0.321429,0.7,0.15124,False,0.9,27
answerdotai_ModernBERT-large,encoder,bat,10,0.357143,0.7,0.157679,False,0.9,27
answerdotai_ModernBERT-large,encoder,bat,11,0.392857,0.7,0.143307,False,0.9,27
answerdotai_ModernBERT-large,encoder,bat,12,0.428571,0.7,0.143071,False,0.9,27
answerdotai_ModernBERT-large,encoder,bat,13,0.464286,0.7,0.159492,False,0.9,27
answerdotai_ModernBERT-large,encoder,bat,14,0.5,0.7,0.163241,False,0.9,27
answerdotai_ModernBERT-large,encoder,bat,15,0.535714,0.7,0.150054,False,0.9,27
answerdotai_ModernBERT-large,encoder,bat,16,0.571429,0.7,0.154986,False,0.9,27
answerdotai_ModernBERT-large,encoder,bat,17,0.607143,0.7,0.14428,False,0.9,27
answerdotai_ModernBERT-large,encoder,bat,18,0.642857,0.6,0.134817,False,0.9,27
answerdotai_ModernBERT-large,encoder,bat,19,0.678571,0.7,0.127393,False,0.9,27
answerdotai_ModernBERT-large,encoder,bat,20,0.714286,0.6,0.13026,False,0.9,27
answerdotai_ModernBERT-large,encoder,bat,21,0.75,0.7,0.133749,False,0.9,27
answerdotai_ModernBERT-large,encoder,bat,22,0.785714,0.6,0.139545,False,0.9,27
answerdotai_ModernBERT-large,encoder,bat,23,0.821429,0.6,0.170215,False,0.9,27
answerdotai_ModernBERT-large,encoder,bat,24,0.857143,0.6,0.177174,False,0.9,27
answerdotai_ModernBERT-large,encoder,bat,25,0.892857,0.8,0.206405,False,0.9,27
answerdotai_ModernBERT-large,encoder,bat,26,0.928571,0.9,0.210836,True,0.9,27
answerdotai_ModernBERT-large,encoder,bat,27,0.964286,0.9,0.218744,True,0.9,27
answerdotai_ModernBERT-large,encoder,bat,28,1.0,0.9,0.212688,True,0.9,27
answerdotai_ModernBERT-large,encoder,crane,0,0.0,0.5,0.0,False,1.0,9
answerdotai_ModernBERT-large,encoder,crane,1,0.035714,0.5,0.092995,False,1.0,9
answerdotai_ModernBERT-large,encoder,crane,2,0.071429,0.5,0.071641,False,1.0,9
answerdotai_ModernBERT-large,encoder,crane,3,0.107143,0.5,0.069807,False,1.0,9
answerdotai_ModernBERT-large,encoder,crane,4,0.142857,0.5,0.057986,False,1.0,9
answerdotai_ModernBERT-large,encoder,crane,5,0.178571,0.6,0.079663,False,1.0,9
answerdotai_ModernBERT-large,encoder,crane,6,0.214286,0.6,0.08061,False,1.0,9
answerdotai_ModernBERT-large,encoder,crane,7,0.25,0.7,0.08028,False,1.0,9
answerdotai_ModernBERT-large,encoder,crane,8,0.285714,0.7,0.129776,False,1.0,9
answerdotai_ModernBERT-large,encoder,crane,9,0.321429,1.0,0.328571,True,1.0,9
answerdotai_ModernBERT-large,encoder,crane,10,0.357143,1.0,0.317039,True,1.0,9
answerdotai_ModernBERT-large,encoder,crane,11,0.392857,0.9,0.264857,False,1.0,9
answerdotai_ModernBERT-large,encoder,crane,12,0.428571,1.0,0.249623,True,1.0,9
answerdotai_ModernBERT-large,encoder,crane,13,0.464286,0.9,0.251815,False,1.0,9
answerdotai_ModernBERT-large,encoder,crane,14,0.5,0.9,0.242224,False,1.0,9
answerdotai_ModernBERT-large,encoder,crane,15,0.535714,0.9,0.220725,False,1.0,9
answerdotai_ModernBERT-large,encoder,crane,16,0.571429,0.8,0.237326,False,1.0,9
answerdotai_ModernBERT-large,encoder,crane,17,0.607143,0.8,0.224304,False,1.0,9
answerdotai_ModernBERT-large,encoder,crane,18,0.642857,0.8,0.218775,False,1.0,9
answerdotai_ModernBERT-large,encoder,crane,19,0.678571,0.8,0.211621,False,1.0,9
answerdotai_ModernBERT-large,encoder,crane,20,0.714286,0.8,0.228528,False,1.0,9
answerdotai_ModernBERT-large,encoder,crane,21,0.75,0.8,0.229808,False,1.0,9
answerdotai_ModernBERT-large,encoder,crane,22,0.785714,0.8,0.265397,False,1.0,9
answerdotai_ModernBERT-large,encoder,crane,23,0.821429,0.8,0.265499,False,1.0,9
answerdotai_ModernBERT-large,encoder,crane,24,0.857143,0.9,0.334932,False,1.0,9
answerdotai_ModernBERT-large,encoder,crane,25,0.892857,0.9,0.357814,False,1.0,9
answerdotai_ModernBERT-large,encoder,crane,26,0.928571,0.9,0.373498,False,1.0,9
answerdotai_ModernBERT-large,encoder,crane,27,0.964286,0.9,0.366721,False,1.0,9
answerdotai_ModernBERT-large,encoder,crane,28,1.0,0.9,0.357192,False,1.0,9
answerdotai_ModernBERT-large,encoder,spring,0,0.0,0.5,0.0,False,0.6,13
answerdotai_ModernBERT-large,encoder,spring,1,0.035714,0.5,0.060555,False,0.6,13
answerdotai_ModernBERT-large,encoder,spring,2,0.071429,0.5,0.04854,False,0.6,13
answerdotai_ModernBERT-large,encoder,spring,3,0.107143,0.5,0.070142,False,0.6,13
answerdotai_ModernBERT-large,encoder,spring,4,0.142857,0.5,0.059024,False,0.6,13
answerdotai_ModernBERT-large,encoder,spring,5,0.178571,0.5,0.070273,False,0.6,13
answerdotai_ModernBERT-large,encoder,spring,6,0.214286,0.5,0.066097,False,0.6,13
answerdotai_ModernBERT-large,encoder,spring,7,0.25,0.5,0.065374,False,0.6,13
answerdotai_ModernBERT-large,encoder,spring,8,0.285714,0.5,0.092134,False,0.6,13
answerdotai_ModernBERT-large,encoder,spring,9,0.321429,0.5,0.131482,False,0.6,13
answerdotai_ModernBERT-large,encoder,spring,10,0.357143,0.5,0.13492,False,0.6,13
answerdotai_ModernBERT-large,encoder,spring,11,0.392857,0.5,0.130144,False,0.6,13
answerdotai_ModernBERT-large,encoder,spring,12,0.428571,0.5,0.12475,False,0.6,13
answerdotai_ModernBERT-large,encoder,spring,13,0.464286,0.6,0.152287,True,0.6,13
answerdotai_ModernBERT-large,encoder,spring,14,0.5,0.6,0.134746,True,0.6,13
answerdotai_ModernBERT-large,encoder,spring,15,0.535714,0.6,0.143008,True,0.6,13
answerdotai_ModernBERT-large,encoder,spring,16,0.571429,0.6,0.13831,True,0.6,13
answerdotai_ModernBERT-large,encoder,spring,17,0.607143,0.6,0.133967,True,0.6,13
answerdotai_ModernBERT-large,encoder,spring,18,0.642857,0.6,0.124577,True,0.6,13
answerdotai_ModernBERT-large,encoder,spring,19,0.678571,0.6,0.11068,True,0.6,13
answerdotai_ModernBERT-large,encoder,spring,20,0.714286,0.6,0.113548,True,0.6,13
answerdotai_ModernBERT-large,encoder,spring,21,0.75,0.6,0.118772,True,0.6,13
answerdotai_ModernBERT-large,encoder,spring,22,0.785714,0.5,0.13492,False,0.6,13
answerdotai_ModernBERT-large,encoder,spring,23,0.821429,0.5,0.137168,False,0.6,13
answerdotai_ModernBERT-large,encoder,spring,24,0.857143,0.5,0.147343,False,0.6,13
answerdotai_ModernBERT-large,encoder,spring,25,0.892857,0.5,0.148025,False,0.6,13
answerdotai_ModernBERT-large,encoder,spring,26,0.928571,0.5,0.151809,False,0.6,13
answerdotai_ModernBERT-large,encoder,spring,27,0.964286,0.5,0.142052,False,0.6,13
answerdotai_ModernBERT-large,encoder,spring,28,1.0,0.6,0.120667,True,0.6,13
answerdotai_ModernBERT-large,encoder,match,0,0.0,0.5,0.0,False,1.0,1
answerdotai_ModernBERT-large,encoder,match,1,0.035714,1.0,0.214254,True,1.0,1
answerdotai_ModernBERT-large,encoder,match,2,0.071429,0.9,0.201601,False,1.0,1
answerdotai_ModernBERT-large,encoder,match,3,0.107143,0.9,0.168994,False,1.0,1
answerdotai_ModernBERT-large,encoder,match,4,0.142857,0.9,0.181428,False,1.0,1
answerdotai_ModernBERT-large,encoder,match,5,0.178571,0.9,0.212082,False,1.0,1
answerdotai_ModernBERT-large,encoder,match,6,0.214286,0.9,0.231943,False,1.0,1
answerdotai_ModernBERT-large,encoder,match,7,0.25,0.9,0.224143,False,1.0,1
answerdotai_ModernBERT-large,encoder,match,8,0.285714,0.9,0.270419,False,1.0,1
answerdotai_ModernBERT-large,encoder,match,9,0.321429,0.9,0.309728,False,1.0,1
answerdotai_ModernBERT-large,encoder,match,10,0.357143,0.9,0.305816,False,1.0,1
answerdotai_ModernBERT-large,encoder,match,11,0.392857,0.9,0.309001,False,1.0,1
answerdotai_ModernBERT-large,encoder,match,12,0.428571,0.9,0.310199,False,1.0,1
answerdotai_ModernBERT-large,encoder,match,13,0.464286,0.9,0.312765,False,1.0,1
answerdotai_ModernBERT-large,encoder,match,14,0.5,0.9,0.30791,False,1.0,1
answerdotai_ModernBERT-large,encoder,match,15,0.535714,0.9,0.317387,False,1.0,1
answerdotai_ModernBERT-large,encoder,match,16,0.571429,0.9,0.310592,False,1.0,1
answerdotai_ModernBERT-large,encoder,match,17,0.607143,0.9,0.305465,False,1.0,1
answerdotai_ModernBERT-large,encoder,match,18,0.642857,0.9,0.314395,False,1.0,1
answerdotai_ModernBERT-large,encoder,match,19,0.678571,0.9,0.320595,False,1.0,1
answerdotai_ModernBERT-large,encoder,match,20,0.714286,0.9,0.340573,False,1.0,1
answerdotai_ModernBERT-large,encoder,match,21,0.75,0.9,0.339401,False,1.0,1
answerdotai_ModernBERT-large,encoder,match,22,0.785714,0.9,0.329721,False,1.0,1
answerdotai_ModernBERT-large,encoder,match,23,0.821429,0.9,0.349339,False,1.0,1
answerdotai_ModernBERT-large,encoder,match,24,0.857143,0.9,0.414194,False,1.0,1
answerdotai_ModernBERT-large,encoder,match,25,0.892857,0.9,0.453437,False,1.0,1
answerdotai_ModernBERT-large,encoder,match,26,0.928571,0.9,0.45319,False,1.0,1
answerdotai_ModernBERT-large,encoder,match,27,0.964286,0.9,0.433977,False,1.0,1
answerdotai_ModernBERT-large,encoder,match,28,1.0,0.9,0.407557,False,1.0,1
answerdotai_ModernBERT-large,encoder,pitch,0,0.0,0.0,0.0,False,1.0,26
answerdotai_ModernBERT-large,encoder,pitch,1,0.035714,0.8,0.238102,False,1.0,26
answerdotai_ModernBERT-large,encoder,pitch,2,0.071429,0.8,0.306837,False,1.0,26
answerdotai_ModernBERT-large,encoder,pitch,3,0.107143,0.8,0.257951,False,1.0,26
answerdotai_ModernBERT-large,encoder,pitch,4,0.142857,0.8,0.243479,False,1.0,26
answerdotai_ModernBERT-large,encoder,pitch,5,0.178571,0.8,0.253325,False,1.0,26
answerdotai_ModernBERT-large,encoder,pitch,6,0.214286,0.8,0.212019,False,1.0,26
answerdotai_ModernBERT-large,encoder,pitch,7,0.25,0.8,0.217237,False,1.0,26
answerdotai_ModernBERT-large,encoder,pitch,8,0.285714,0.8,0.247611,False,1.0,26
answerdotai_ModernBERT-large,encoder,pitch,9,0.321429,1.0,0.280041,True,1.0,26
answerdotai_ModernBERT-large,encoder,pitch,10,0.357143,1.0,0.287471,True,1.0,26
answerdotai_ModernBERT-large,encoder,pitch,11,0.392857,0.9,0.285607,False,1.0,26
answerdotai_ModernBERT-large,encoder,pitch,12,0.428571,0.9,0.269666,False,1.0,26
answerdotai_ModernBERT-large,encoder,pitch,13,0.464286,1.0,0.272928,True,1.0,26
answerdotai_ModernBERT-large,encoder,pitch,14,0.5,1.0,0.263953,True,1.0,26
answerdotai_ModernBERT-large,encoder,pitch,15,0.535714,1.0,0.266228,True,1.0,26
answerdotai_ModernBERT-large,encoder,pitch,16,0.571429,1.0,0.282874,True,1.0,26
answerdotai_ModernBERT-large,encoder,pitch,17,0.607143,1.0,0.287814,True,1.0,26
answerdotai_ModernBERT-large,encoder,pitch,18,0.642857,1.0,0.288298,True,1.0,26
answerdotai_ModernBERT-large,encoder,pitch,19,0.678571,1.0,0.272979,True,1.0,26
answerdotai_ModernBERT-large,encoder,pitch,20,0.714286,1.0,0.289198,True,1.0,26
answerdotai_ModernBERT-large,encoder,pitch,21,0.75,1.0,0.274989,True,1.0,26
answerdotai_ModernBERT-large,encoder,pitch,22,0.785714,1.0,0.266084,True,1.0,26
answerdotai_ModernBERT-large,encoder,pitch,23,0.821429,1.0,0.27596,True,1.0,26
answerdotai_ModernBERT-large,encoder,pitch,24,0.857143,1.0,0.288108,True,1.0,26
answerdotai_ModernBERT-large,encoder,pitch,25,0.892857,1.0,0.310217,True,1.0,26
answerdotai_ModernBERT-large,encoder,pitch,26,0.928571,1.0,0.315894,True,1.0,26
answerdotai_ModernBERT-large,encoder,pitch,27,0.964286,1.0,0.310072,True,1.0,26
answerdotai_ModernBERT-large,encoder,pitch,28,1.0,1.0,0.274525,True,1.0,26
microsoft_deberta-v3-large,encoder,bank,0,0.0,0.0,0.0,False,1.0,7
microsoft_deberta-v3-large,encoder,bank,1,0.041667,0.9,0.260584,False,1.0,7
microsoft_deberta-v3-large,encoder,bank,2,0.083333,0.9,0.305079,False,1.0,7
microsoft_deberta-v3-large,encoder,bank,3,0.125,1.0,0.452172,True,1.0,7
microsoft_deberta-v3-large,encoder,bank,4,0.166667,1.0,0.475392,True,1.0,7
microsoft_deberta-v3-large,encoder,bank,5,0.208333,1.0,0.49522,True,1.0,7
microsoft_deberta-v3-large,encoder,bank,6,0.25,1.0,0.486315,True,1.0,7
microsoft_deberta-v3-large,encoder,bank,7,0.291667,1.0,0.506267,True,1.0,7
microsoft_deberta-v3-large,encoder,bank,8,0.333333,1.0,0.502349,True,1.0,7
microsoft_deberta-v3-large,encoder,bank,9,0.375,1.0,0.499267,True,1.0,7
microsoft_deberta-v3-large,encoder,bank,10,0.416667,1.0,0.491667,True,1.0,7
microsoft_deberta-v3-large,encoder,bank,11,0.458333,1.0,0.494097,True,1.0,7
microsoft_deberta-v3-large,encoder,bank,12,0.5,1.0,0.499889,True,1.0,7
microsoft_deberta-v3-large,encoder,bank,13,0.541667,1.0,0.477597,True,1.0,7
microsoft_deberta-v3-large,encoder,bank,14,0.583333,1.0,0.466899,True,1.0,7
microsoft_deberta-v3-large,encoder,bank,15,0.625,1.0,0.451038,True,1.0,7
microsoft_deberta-v3-large,encoder,bank,16,0.666667,1.0,0.417007,True,1.0,7
microsoft_deberta-v3-large,encoder,bank,17,0.708333,1.0,0.387488,True,1.0,7
microsoft_deberta-v3-large,encoder,bank,18,0.75,1.0,0.365226,True,1.0,7
microsoft_deberta-v3-large,encoder,bank,19,0.791667,1.0,0.350144,True,1.0,7
microsoft_deberta-v3-large,encoder,bank,20,0.833333,1.0,0.346195,True,1.0,7
microsoft_deberta-v3-large,encoder,bank,21,0.875,1.0,0.358736,True,1.0,7
microsoft_deberta-v3-large,encoder,bank,22,0.916667,1.0,0.342608,True,1.0,7
microsoft_deberta-v3-large,encoder,bank,23,0.958333,1.0,0.316249,True,1.0,7
microsoft_deberta-v3-large,encoder,bank,24,1.0,1.0,0.252902,True,1.0,7
microsoft_deberta-v3-large,encoder,bark,0,0.0,0.0,0.0,False,0.9,10
microsoft_deberta-v3-large,encoder,bark,1,0.041667,0.5,0.067033,False,0.9,10
microsoft_deberta-v3-large,encoder,bark,2,0.083333,0.8,0.234478,False,0.9,10
microsoft_deberta-v3-large,encoder,bark,3,0.125,0.7,0.218976,False,0.9,10
microsoft_deberta-v3-large,encoder,bark,4,0.166667,0.9,0.289921,True,0.9,10
microsoft_deberta-v3-large,encoder,bark,5,0.208333,0.9,0.325534,True,0.9,10
microsoft_deberta-v3-large,encoder,bark,6,0.25,0.9,0.326753,True,0.9,10
microsoft_deberta-v3-large,encoder,bark,7,0.291667,0.9,0.337198,True,0.9,10
microsoft_deberta-v3-large,encoder,bark,8,0.333333,0.9,0.343895,True,0.9,10
microsoft_deberta-v3-large,encoder,bark,9,0.375,0.9,0.365751,True,0.9,10
microsoft_deberta-v3-large,encoder,bark,10,0.416667,0.9,0.378476,True,0.9,10
microsoft_deberta-v3-large,encoder,bark,11,0.458333,0.9,0.373798,True,0.9,10
microsoft_deberta-v3-large,encoder,bark,12,0.5,0.9,0.360013,True,0.9,10
microsoft_deberta-v3-large,encoder,bark,13,0.541667,0.9,0.349052,True,0.9,10
microsoft_deberta-v3-large,encoder,bark,14,0.583333,0.9,0.343994,True,0.9,10
microsoft_deberta-v3-large,encoder,bark,15,0.625,0.9,0.326772,True,0.9,10
microsoft_deberta-v3-large,encoder,bark,16,0.666667,0.9,0.300968,True,0.9,10
microsoft_deberta-v3-large,encoder,bark,17,0.708333,0.8,0.282649,False,0.9,10
microsoft_deberta-v3-large,encoder,bark,18,0.75,0.8,0.247885,False,0.9,10
microsoft_deberta-v3-large,encoder,bark,19,0.791667,0.8,0.222307,False,0.9,10
microsoft_deberta-v3-large,encoder,bark,20,0.833333,0.8,0.212569,False,0.9,10
microsoft_deberta-v3-large,encoder,bark,21,0.875,0.8,0.207528,False,0.9,10
microsoft_deberta-v3-large,encoder,bark,22,0.916667,0.8,0.199444,False,0.9,10
microsoft_deberta-v3-large,encoder,bark,23,0.958333,0.9,0.16889,True,0.9,10
microsoft_deberta-v3-large,encoder,bark,24,1.0,0.8,0.127105,False,0.9,10
microsoft_deberta-v3-large,encoder,bat,0,0.0,0.5,0.0,False,1.0,10
microsoft_deberta-v3-large,encoder,bat,1,0.041667,0.5,0.169397,False,1.0,10
microsoft_deberta-v3-large,encoder,bat,2,0.083333,0.9,0.388377,False,1.0,10
microsoft_deberta-v3-large,encoder,bat,3,0.125,0.9,0.457212,False,1.0,10
microsoft_deberta-v3-large,encoder,bat,4,0.166667,1.0,0.519977,True,1.0,10
microsoft_deberta-v3-large,encoder,bat,5,0.208333,1.0,0.520239,True,1.0,10
microsoft_deberta-v3-large,encoder,bat,6,0.25,1.0,0.53515,True,1.0,10
microsoft_deberta-v3-large,encoder,bat,7,0.291667,1.0,0.556133,True,1.0,10
microsoft_deberta-v3-large,encoder,bat,8,0.333333,1.0,0.555391,True,1.0,10
microsoft_deberta-v3-large,encoder,bat,9,0.375,1.0,0.557533,True,1.0,10
microsoft_deberta-v3-large,encoder,bat,10,0.416667,1.0,0.558665,True,1.0,10
microsoft_deberta-v3-large,encoder,bat,11,0.458333,1.0,0.540771,True,1.0,10
microsoft_deberta-v3-large,encoder,bat,12,0.5,1.0,0.525422,True,1.0,10
microsoft_deberta-v3-large,encoder,bat,13,0.541667,1.0,0.502576,True,1.0,10
microsoft_deberta-v3-large,encoder,bat,14,0.583333,1.0,0.494443,True,1.0,10
microsoft_deberta-v3-large,encoder,bat,15,0.625,1.0,0.473858,True,1.0,10
microsoft_deberta-v3-large,encoder,bat,16,0.666667,1.0,0.454671,True,1.0,10
microsoft_deberta-v3-large,encoder,bat,17,0.708333,1.0,0.404508,True,1.0,10
microsoft_deberta-v3-large,encoder,bat,18,0.75,1.0,0.353927,True,1.0,10
microsoft_deberta-v3-large,encoder,bat,19,0.791667,1.0,0.327357,True,1.0,10
microsoft_deberta-v3-large,encoder,bat,20,0.833333,1.0,0.306158,True,1.0,10
microsoft_deberta-v3-large,encoder,bat,21,0.875,1.0,0.289346,True,1.0,10
microsoft_deberta-v3-large,encoder,bat,22,0.916667,1.0,0.26009,True,1.0,10
microsoft_deberta-v3-large,encoder,bat,23,0.958333,1.0,0.215986,True,1.0,10
microsoft_deberta-v3-large,encoder,bat,24,1.0,1.0,0.19078,True,1.0,10
microsoft_deberta-v3-large,encoder,crane,0,0.0,0.5,0.0,False,1.0,10
microsoft_deberta-v3-large,encoder,crane,1,0.041667,0.5,0.032374,False,1.0,10
microsoft_deberta-v3-large,encoder,crane,2,0.083333,0.5,0.139918,False,1.0,10
microsoft_deberta-v3-large,encoder,crane,3,0.125,1.0,0.415618,True,1.0,10
microsoft_deberta-v3-large,encoder,crane,4,0.166667,1.0,0.53517,True,1.0,10
microsoft_deberta-v3-large,encoder,crane,5,0.208333,1.0,0.578823,True,1.0,10
microsoft_deberta-v3-large,encoder,crane,6,0.25,1.0,0.616268,True,1.0,10
microsoft_deberta-v3-large,encoder,crane,7,0.291667,1.0,0.63632,True,1.0,10
microsoft_deberta-v3-large,encoder,crane,8,0.333333,1.0,0.644488,True,1.0,10
microsoft_deberta-v3-large,encoder,crane,9,0.375,1.0,0.67267,True,1.0,10
microsoft_deberta-v3-large,encoder,crane,10,0.416667,1.0,0.677271,True,1.0,10
microsoft_deberta-v3-large,encoder,crane,11,0.458333,1.0,0.647652,True,1.0,10
microsoft_deberta-v3-large,encoder,crane,12,0.5,1.0,0.628054,True,1.0,10
microsoft_deberta-v3-large,encoder,crane,13,0.541667,1.0,0.602325,True,1.0,10
microsoft_deberta-v3-large,encoder,crane,14,0.583333,1.0,0.581143,True,1.0,10
microsoft_deberta-v3-large,encoder,crane,15,0.625,1.0,0.549501,True,1.0,10
microsoft_deberta-v3-large,encoder,crane,16,0.666667,1.0,0.514282,True,1.0,10
microsoft_deberta-v3-large,encoder,crane,17,0.708333,1.0,0.470878,True,1.0,10
microsoft_deberta-v3-large,encoder,crane,18,0.75,1.0,0.453137,True,1.0,10
microsoft_deberta-v3-large,encoder,crane,19,0.791667,1.0,0.415725,True,1.0,10
microsoft_deberta-v3-large,encoder,crane,20,0.833333,1.0,0.369052,True,1.0,10
microsoft_deberta-v3-large,encoder,crane,21,0.875,1.0,0.360152,True,1.0,10
microsoft_deberta-v3-large,encoder,crane,22,0.916667,1.0,0.332958,True,1.0,10
microsoft_deberta-v3-large,encoder,crane,23,0.958333,1.0,0.27679,True,1.0,10
microsoft_deberta-v3-large,encoder,crane,24,1.0,1.0,0.229564,True,1.0,10
microsoft_deberta-v3-large,encoder,spring,0,0.0,0.5,0.0,False,0.9,11
microsoft_deberta-v3-large,encoder,spring,1,0.041667,0.5,0.050996,False,0.9,11
microsoft_deberta-v3-large,encoder,spring,2,0.083333,0.5,0.068361,False,0.9,11
microsoft_deberta-v3-large,encoder,spring,3,0.125,0.5,0.124253,False,0.9,11
microsoft_deberta-v3-large,encoder,spring,4,0.166667,0.7,0.209902,False,0.9,11
microsoft_deberta-v3-large,encoder,spring,5,0.208333,0.9,0.241562,True,0.9,11
microsoft_deberta-v3-large,encoder,spring,6,0.25,0.8,0.253274,False,0.9,11
microsoft_deberta-v3-large,encoder,spring,7,0.291667,0.8,0.28385,False,0.9,11
microsoft_deberta-v3-large,encoder,spring,8,0.333333,0.8,0.301906,False,0.9,11
microsoft_deberta-v3-large,encoder,spring,9,0.375,0.9,0.330831,True,0.9,11
microsoft_deberta-v3-large,encoder,spring,10,0.416667,0.9,0.352105,True,0.9,11
microsoft_deberta-v3-large,encoder,spring,11,0.458333,0.9,0.382576,True,0.9,11
microsoft_deberta-v3-large,encoder,spring,12,0.5,0.9,0.38134,True,0.9,11
microsoft_deberta-v3-large,encoder,spring,13,0.541667,0.9,0.356343,True,0.9,11
microsoft_deberta-v3-large,encoder,spring,14,0.583333,0.9,0.357695,True,0.9,11
microsoft_deberta-v3-large,encoder,spring,15,0.625,0.9,0.350727,True,0.9,11
microsoft_deberta-v3-large,encoder,spring,16,0.666667,0.9,0.330429,True,0.9,11
microsoft_deberta-v3-large,encoder,spring,17,0.708333,0.9,0.301604,True,0.9,11
microsoft_deberta-v3-large,encoder,spring,18,0.75,0.9,0.278397,True,0.9,11
microsoft_deberta-v3-large,encoder,spring,19,0.791667,0.9,0.272713,True,0.9,11
microsoft_deberta-v3-large,encoder,spring,20,0.833333,0.9,0.26507,True,0.9,11
microsoft_deberta-v3-large,encoder,spring,21,0.875,0.9,0.261384,True,0.9,11
microsoft_deberta-v3-large,encoder,spring,22,0.916667,0.9,0.248893,True,0.9,11
microsoft_deberta-v3-large,encoder,spring,23,0.958333,0.8,0.229267,False,0.9,11
microsoft_deberta-v3-large,encoder,spring,24,1.0,0.7,0.183642,False,0.9,11
microsoft_deberta-v3-large,encoder,match,0,0.0,0.5,0.0,False,1.0,10
microsoft_deberta-v3-large,encoder,match,1,0.041667,0.8,0.222197,False,1.0,10
microsoft_deberta-v3-large,encoder,match,2,0.083333,1.0,0.396819,True,1.0,10
microsoft_deberta-v3-large,encoder,match,3,0.125,1.0,0.486478,True,1.0,10
microsoft_deberta-v3-large,encoder,match,4,0.166667,1.0,0.544687,True,1.0,10
microsoft_deberta-v3-large,encoder,match,5,0.208333,1.0,0.565967,True,1.0,10
microsoft_deberta-v3-large,encoder,match,6,0.25,1.0,0.567357,True,1.0,10
microsoft_deberta-v3-large,encoder,match,7,0.291667,1.0,0.585473,True,1.0,10
microsoft_deberta-v3-large,encoder,match,8,0.333333,1.0,0.609394,True,1.0,10
microsoft_deberta-v3-large,encoder,match,9,0.375,1.0,0.602477,True,1.0,10
microsoft_deberta-v3-large,encoder,match,10,0.416667,1.0,0.622488,True,1.0,10
microsoft_deberta-v3-large,encoder,match,11,0.458333,1.0,0.605785,True,1.0,10
microsoft_deberta-v3-large,encoder,match,12,0.5,1.0,0.595944,True,1.0,10
microsoft_deberta-v3-large,encoder,match,13,0.541667,1.0,0.572571,True,1.0,10
microsoft_deberta-v3-large,encoder,match,14,0.583333,1.0,0.572173,True,1.0,10
microsoft_deberta-v3-large,encoder,match,15,0.625,1.0,0.547953,True,1.0,10
microsoft_deberta-v3-large,encoder,match,16,0.666667,1.0,0.515032,True,1.0,10
microsoft_deberta-v3-large,encoder,match,17,0.708333,1.0,0.482634,True,1.0,10
microsoft_deberta-v3-large,encoder,match,18,0.75,1.0,0.444003,True,1.0,10
microsoft_deberta-v3-large,encoder,match,19,0.791667,1.0,0.426347,True,1.0,10
microsoft_deberta-v3-large,encoder,match,20,0.833333,1.0,0.408406,True,1.0,10
microsoft_deberta-v3-large,encoder,match,21,0.875,1.0,0.41649,True,1.0,10
microsoft_deberta-v3-large,encoder,match,22,0.916667,1.0,0.414625,True,1.0,10
microsoft_deberta-v3-large,encoder,match,23,0.958333,1.0,0.385916,True,1.0,10
microsoft_deberta-v3-large,encoder,match,24,1.0,0.9,0.335532,False,1.0,10
microsoft_deberta-v3-large,encoder,pitch,0,0.0,0.0,0.0,False,1.0,8
microsoft_deberta-v3-large,encoder,pitch,1,0.041667,0.8,0.319633,False,1.0,8
microsoft_deberta-v3-large,encoder,pitch,2,0.083333,1.0,0.478894,True,1.0,8
microsoft_deberta-v3-large,encoder,pitch,3,0.125,1.0,0.526941,True,1.0,8
microsoft_deberta-v3-large,encoder,pitch,4,0.166667,1.0,0.487246,True,1.0,8
microsoft_deberta-v3-large,encoder,pitch,5,0.208333,1.0,0.473251,True,1.0,8
microsoft_deberta-v3-large,encoder,pitch,6,0.25,1.0,0.511302,True,1.0,8
microsoft_deberta-v3-large,encoder,pitch,7,0.291667,1.0,0.534819,True,1.0,8
microsoft_deberta-v3-large,encoder,pitch,8,0.333333,1.0,0.540672,True,1.0,8
microsoft_deberta-v3-large,encoder,pitch,9,0.375,1.0,0.529072,True,1.0,8
microsoft_deberta-v3-large,encoder,pitch,10,0.416667,0.9,0.518602,False,1.0,8
microsoft_deberta-v3-large,encoder,pitch,11,0.458333,0.9,0.512178,False,1.0,8
microsoft_deberta-v3-large,encoder,pitch,12,0.5,0.9,0.503261,False,1.0,8
microsoft_deberta-v3-large,encoder,pitch,13,0.541667,0.9,0.480103,False,1.0,8
microsoft_deberta-v3-large,encoder,pitch,14,0.583333,0.9,0.474389,False,1.0,8
microsoft_deberta-v3-large,encoder,pitch,15,0.625,0.9,0.443618,False,1.0,8
microsoft_deberta-v3-large,encoder,pitch,16,0.666667,0.9,0.413502,False,1.0,8
microsoft_deberta-v3-large,encoder,pitch,17,0.708333,0.9,0.380431,False,1.0,8
microsoft_deberta-v3-large,encoder,pitch,18,0.75,1.0,0.341897,True,1.0,8
microsoft_deberta-v3-large,encoder,pitch,19,0.791667,1.0,0.323174,True,1.0,8
microsoft_deberta-v3-large,encoder,pitch,20,0.833333,1.0,0.319633,True,1.0,8
microsoft_deberta-v3-large,encoder,pitch,21,0.875,1.0,0.324187,True,1.0,8
microsoft_deberta-v3-large,encoder,pitch,22,0.916667,1.0,0.321101,True,1.0,8
microsoft_deberta-v3-large,encoder,pitch,23,0.958333,1.0,0.300264,True,1.0,8
microsoft_deberta-v3-large,encoder,pitch,24,1.0,1.0,0.255957,True,1.0,8
FacebookAI_roberta-large,encoder,bank,0,0.0,0.5,-0.011951,False,1.0,22
FacebookAI_roberta-large,encoder,bank,1,0.041667,0.9,0.240384,False,1.0,22
FacebookAI_roberta-large,encoder,bank,2,0.083333,0.9,0.216158,False,1.0,22
FacebookAI_roberta-large,encoder,bank,3,0.125,0.9,0.262997,False,1.0,22
FacebookAI_roberta-large,encoder,bank,4,0.166667,0.8,0.226696,False,1.0,22
FacebookAI_roberta-large,encoder,bank,5,0.208333,0.8,0.286908,False,1.0,22
FacebookAI_roberta-large,encoder,bank,6,0.25,0.9,0.302661,False,1.0,22
FacebookAI_roberta-large,encoder,bank,7,0.291667,0.9,0.31583,False,1.0,22
FacebookAI_roberta-large,encoder,bank,8,0.333333,0.9,0.367198,False,1.0,22
FacebookAI_roberta-large,encoder,bank,9,0.375,0.9,0.333471,False,1.0,22
FacebookAI_roberta-large,encoder,bank,10,0.416667,0.9,0.337008,False,1.0,22
FacebookAI_roberta-large,encoder,bank,11,0.458333,0.9,0.376869,False,1.0,22
FacebookAI_roberta-large,encoder,bank,12,0.5,0.9,0.368442,False,1.0,22
FacebookAI_roberta-large,encoder,bank,13,0.541667,0.9,0.38483,False,1.0,22
FacebookAI_roberta-large,encoder,bank,14,0.583333,0.9,0.374928,False,1.0,22
FacebookAI_roberta-large,encoder,bank,15,0.625,0.9,0.372123,False,1.0,22
FacebookAI_roberta-large,encoder,bank,16,0.666667,0.9,0.372251,False,1.0,22
FacebookAI_roberta-large,encoder,bank,17,0.708333,0.9,0.386543,False,1.0,22
FacebookAI_roberta-large,encoder,bank,18,0.75,0.9,0.398398,False,1.0,22
FacebookAI_roberta-large,encoder,bank,19,0.791667,0.9,0.405395,False,1.0,22
FacebookAI_roberta-large,encoder,bank,20,0.833333,0.9,0.400803,False,1.0,22
FacebookAI_roberta-large,encoder,bank,21,0.875,0.9,0.421818,False,1.0,22
FacebookAI_roberta-large,encoder,bank,22,0.916667,1.0,0.415135,True,1.0,22
FacebookAI_roberta-large,encoder,bank,23,0.958333,1.0,0.413882,True,1.0,22
FacebookAI_roberta-large,encoder,bank,24,1.0,1.0,0.361633,True,1.0,22
FacebookAI_roberta-large,encoder,bark,0,0.0,0.5,-0.073279,False,0.9,23
FacebookAI_roberta-large,encoder,bark,1,0.041667,0.5,0.105189,False,0.9,23
FacebookAI_roberta-large,encoder,bark,2,0.083333,0.7,0.139194,False,0.9,23
FacebookAI_roberta-large,encoder,bark,3,0.125,0.7,0.17448,False,0.9,23
FacebookAI_roberta-large,encoder,bark,4,0.166667,0.9,0.178102,True,0.9,23
FacebookAI_roberta-large,encoder,bark,5,0.208333,0.9,0.190019,True,0.9,23
FacebookAI_roberta-large,encoder,bark,6,0.25,0.9,0.274597,True,0.9,23
FacebookAI_roberta-large,encoder,bark,7,0.291667,0.9,0.285491,True,0.9,23
FacebookAI_roberta-large,encoder,bark,8,0.333333,0.9,0.282984,True,0.9,23
FacebookAI_roberta-large,encoder,bark,9,0.375,0.8,0.29392,False,0.9,23
FacebookAI_roberta-large,encoder,bark,10,0.416667,0.9,0.289518,True,0.9,23
FacebookAI_roberta-large,encoder,bark,11,0.458333,0.8,0.296347,False,0.9,23
FacebookAI_roberta-large,encoder,bark,12,0.5,0.8,0.282229,False,0.9,23
FacebookAI_roberta-large,encoder,bark,13,0.541667,0.8,0.306301,False,0.9,23
FacebookAI_roberta-large,encoder,bark,14,0.583333,0.8,0.302248,False,0.9,23
FacebookAI_roberta-large,encoder,bark,15,0.625,0.9,0.31542,True,0.9,23
FacebookAI_roberta-large,encoder,bark,16,0.666667,0.8,0.318586,False,0.9,23
FacebookAI_roberta-large,encoder,bark,17,0.708333,0.8,0.313975,False,0.9,23
FacebookAI_roberta-large,encoder,bark,18,0.75,0.8,0.316129,False,0.9,23
FacebookAI_roberta-large,encoder,bark,19,0.791667,0.8,0.338183,False,0.9,23
FacebookAI_roberta-large,encoder,bark,20,0.833333,0.8,0.316211,False,0.9,23
FacebookAI_roberta-large,encoder,bark,21,0.875,0.8,0.308164,False,0.9,23
FacebookAI_roberta-large,encoder,bark,22,0.916667,0.8,0.317175,False,0.9,23
FacebookAI_roberta-large,encoder,bark,23,0.958333,0.9,0.330491,True,0.9,23
FacebookAI_roberta-large,encoder,bark,24,1.0,0.8,0.299788,False,0.9,23
FacebookAI_roberta-large,encoder,bat,0,0.0,0.5,-0.004337,False,1.0,19
FacebookAI_roberta-large,encoder,bat,1,0.041667,0.8,0.157777,False,1.0,19
FacebookAI_roberta-large,encoder,bat,2,0.083333,0.8,0.138173,False,1.0,19
FacebookAI_roberta-large,encoder,bat,3,0.125,0.9,0.174737,False,1.0,19
FacebookAI_roberta-large,encoder,bat,4,0.166667,1.0,0.251055,True,1.0,19
FacebookAI_roberta-large,encoder,bat,5,0.208333,1.0,0.355513,True,1.0,19
FacebookAI_roberta-large,encoder,bat,6,0.25,1.0,0.402206,True,1.0,19
FacebookAI_roberta-large,encoder,bat,7,0.291667,1.0,0.43399,True,1.0,19
FacebookAI_roberta-large,encoder,bat,8,0.333333,1.0,0.457622,True,1.0,19
FacebookAI_roberta-large,encoder,bat,9,0.375,1.0,0.47627,True,1.0,19
FacebookAI_roberta-large,encoder,bat,10,0.416667,1.0,0.45993,True,1.0,19
FacebookAI_roberta-large,encoder,bat,11,0.458333,1.0,0.459522,True,1.0,19
FacebookAI_roberta-large,encoder,bat,12,0.5,1.0,0.453471,True,1.0,19
FacebookAI_roberta-large,encoder,bat,13,0.541667,1.0,0.459699,True,1.0,19
FacebookAI_roberta-large,encoder,bat,14,0.583333,1.0,0.494198,True,1.0,19
FacebookAI_roberta-large,encoder,bat,15,0.625,1.0,0.501066,True,1.0,19
FacebookAI_roberta-large,encoder,bat,16,0.666667,1.0,0.501908,True,1.0,19
FacebookAI_roberta-large,encoder,bat,17,0.708333,1.0,0.505812,True,1.0,19
FacebookAI_roberta-large,encoder,bat,18,0.75,1.0,0.504717,True,1.0,19
FacebookAI_roberta-large,encoder,bat,19,0.791667,1.0,0.509624,True,1.0,19
FacebookAI_roberta-large,encoder,bat,20,0.833333,1.0,0.479286,True,1.0,19
FacebookAI_roberta-large,encoder,bat,21,0.875,1.0,0.477298,True,1.0,19
FacebookAI_roberta-large,encoder,bat,22,0.916667,1.0,0.459834,True,1.0,19
FacebookAI_roberta-large,encoder,bat,23,0.958333,1.0,0.456493,True,1.0,19
FacebookAI_roberta-large,encoder,bat,24,1.0,1.0,0.432999,True,1.0,19
FacebookAI_roberta-large,encoder,crane,0,0.0,0.5,-0.009456,False,1.0,15
FacebookAI_roberta-large,encoder,crane,1,0.041667,0.5,0.050852,False,1.0,15
FacebookAI_roberta-large,encoder,crane,2,0.083333,0.5,0.047887,False,1.0,15
FacebookAI_roberta-large,encoder,crane,3,0.125,0.5,0.06584,False,1.0,15
FacebookAI_roberta-large,encoder,crane,4,0.166667,0.5,0.116481,False,1.0,15
FacebookAI_roberta-large,encoder,crane,5,0.208333,0.7,0.197245,False,1.0,15
FacebookAI_roberta-large,encoder,crane,6,0.25,1.0,0.271149,True,1.0,15
FacebookAI_roberta-large,encoder,crane,7,0.291667,1.0,0.314462,True,1.0,15
FacebookAI_roberta-large,encoder,crane,8,0.333333,1.0,0.406023,True,1.0,15
FacebookAI_roberta-large,encoder,crane,9,0.375,1.0,0.430044,True,1.0,15
FacebookAI_roberta-large,encoder,crane,10,0.416667,1.0,0.403917,True,1.0,15
FacebookAI_roberta-large,encoder,crane,11,0.458333,1.0,0.451041,True,1.0,15
FacebookAI_roberta-large,encoder,crane,12,0.5,1.0,0.449509,True,1.0,15
FacebookAI_roberta-large,encoder,crane,13,0.541667,1.0,0.486993,True,1.0,15
FacebookAI_roberta-large,encoder,crane,14,0.583333,1.0,0.52954,True,1.0,15
FacebookAI_roberta-large,encoder,crane,15,0.625,1.0,0.555916,True,1.0,15
FacebookAI_roberta-large,encoder,crane,16,0.666667,1.0,0.548168,True,1.0,15
FacebookAI_roberta-large,encoder,crane,17,0.708333,1.0,0.54877,True,1.0,15
FacebookAI_roberta-large,encoder,crane,18,0.75,1.0,0.530242,True,1.0,15
FacebookAI_roberta-large,encoder,crane,19,0.791667,1.0,0.525271,True,1.0,15
FacebookAI_roberta-large,encoder,crane,20,0.833333,1.0,0.50905,True,1.0,15
FacebookAI_roberta-large,encoder,crane,21,0.875,1.0,0.50362,True,1.0,15
FacebookAI_roberta-large,encoder,crane,22,0.916667,1.0,0.496362,True,1.0,15
FacebookAI_roberta-large,encoder,crane,23,0.958333,1.0,0.488445,True,1.0,15
FacebookAI_roberta-large,encoder,crane,24,1.0,1.0,0.464654,True,1.0,15
FacebookAI_roberta-large,encoder,spring,0,0.0,0.5,-0.002219,False,1.0,18
FacebookAI_roberta-large,encoder,spring,1,0.041667,0.6,0.062753,False,1.0,18
FacebookAI_roberta-large,encoder,spring,2,0.083333,0.6,0.088962,False,1.0,18
FacebookAI_roberta-large,encoder,spring,3,0.125,0.5,0.093197,False,1.0,18
FacebookAI_roberta-large,encoder,spring,4,0.166667,0.5,0.148124,False,1.0,18
FacebookAI_roberta-large,encoder,spring,5,0.208333,0.5,0.171241,False,1.0,18
FacebookAI_roberta-large,encoder,spring,6,0.25,0.6,0.224418,False,1.0,18
FacebookAI_roberta-large,encoder,spring,7,0.291667,0.8,0.252452,False,1.0,18
FacebookAI_roberta-large,encoder,spring,8,0.333333,0.8,0.271576,False,1.0,18
FacebookAI_roberta-large,encoder,spring,9,0.375,0.8,0.264891,False,1.0,18
FacebookAI_roberta-large,encoder,spring,10,0.416667,0.8,0.281042,False,1.0,18
FacebookAI_roberta-large,encoder,spring,11,0.458333,0.8,0.299544,False,1.0,18
FacebookAI_roberta-large,encoder,spring,12,0.5,0.8,0.295972,False,1.0,18
FacebookAI_roberta-large,encoder,spring,13,0.541667,0.8,0.308314,False,1.0,18
FacebookAI_roberta-large,encoder,spring,14,0.583333,0.9,0.340541,False,1.0,18
FacebookAI_roberta-large,encoder,spring,15,0.625,0.9,0.338313,False,1.0,18
FacebookAI_roberta-large,encoder,spring,16,0.666667,0.9,0.36321,False,1.0,18
FacebookAI_roberta-large,encoder,spring,17,0.708333,1.0,0.362234,True,1.0,18
FacebookAI_roberta-large,encoder,spring,18,0.75,1.0,0.362427,True,1.0,18
FacebookAI_roberta-large,encoder,spring,19,0.791667,1.0,0.359449,True,1.0,18
FacebookAI_roberta-large,encoder,spring,20,0.833333,0.9,0.336395,False,1.0,18
FacebookAI_roberta-large,encoder,spring,21,0.875,0.8,0.327403,False,1.0,18
FacebookAI_roberta-large,encoder,spring,22,0.916667,0.8,0.311298,False,1.0,18
FacebookAI_roberta-large,encoder,spring,23,0.958333,0.8,0.301961,False,1.0,18
FacebookAI_roberta-large,encoder,spring,24,1.0,0.8,0.298322,False,1.0,18
FacebookAI_roberta-large,encoder,match,0,0.0,0.5,-0.008845,False,1.0,8
FacebookAI_roberta-large,encoder,match,1,0.041667,1.0,0.193846,True,1.0,8
FacebookAI_roberta-large,encoder,match,2,0.083333,1.0,0.229971,True,1.0,8
FacebookAI_roberta-large,encoder,match,3,0.125,1.0,0.238831,True,1.0,8
FacebookAI_roberta-large,encoder,match,4,0.166667,1.0,0.286071,True,1.0,8
FacebookAI_roberta-large,encoder,match,5,0.208333,1.0,0.310591,True,1.0,8
FacebookAI_roberta-large,encoder,match,6,0.25,1.0,0.336582,True,1.0,8
FacebookAI_roberta-large,encoder,match,7,0.291667,1.0,0.371001,True,1.0,8
FacebookAI_roberta-large,encoder,match,8,0.333333,1.0,0.405226,True,1.0,8
FacebookAI_roberta-large,encoder,match,9,0.375,0.9,0.399566,False,1.0,8
FacebookAI_roberta-large,encoder,match,10,0.416667,0.9,0.404745,False,1.0,8
FacebookAI_roberta-large,encoder,match,11,0.458333,0.8,0.404285,False,1.0,8
FacebookAI_roberta-large,encoder,match,12,0.5,0.8,0.396858,False,1.0,8
FacebookAI_roberta-large,encoder,match,13,0.541667,0.8,0.388484,False,1.0,8
FacebookAI_roberta-large,encoder,match,14,0.583333,0.8,0.369409,False,1.0,8
FacebookAI_roberta-large,encoder,match,15,0.625,0.8,0.372035,False,1.0,8
FacebookAI_roberta-large,encoder,match,16,0.666667,0.8,0.396573,False,1.0,8
FacebookAI_roberta-large,encoder,match,17,0.708333,0.8,0.379844,False,1.0,8
FacebookAI_roberta-large,encoder,match,18,0.75,0.8,0.388684,False,1.0,8
FacebookAI_roberta-large,encoder,match,19,0.791667,0.8,0.390166,False,1.0,8
FacebookAI_roberta-large,encoder,match,20,0.833333,0.8,0.37064,False,1.0,8
FacebookAI_roberta-large,encoder,match,21,0.875,0.9,0.380563,False,1.0,8
FacebookAI_roberta-large,encoder,match,22,0.916667,0.9,0.37158,False,1.0,8
FacebookAI_roberta-large,encoder,match,23,0.958333,0.9,0.362377,False,1.0,8
FacebookAI_roberta-large,encoder,match,24,1.0,0.9,0.366528,False,1.0,8
FacebookAI_roberta-large,encoder,pitch,0,0.0,0.5,-0.025369,False,1.0,18
FacebookAI_roberta-large,encoder,pitch,1,0.041667,0.8,0.11959,False,1.0,18
FacebookAI_roberta-large,encoder,pitch,2,0.083333,0.9,0.149281,False,1.0,18
FacebookAI_roberta-large,encoder,pitch,3,0.125,1.0,0.164892,True,1.0,18
FacebookAI_roberta-large,encoder,pitch,4,0.166667,1.0,0.218835,True,1.0,18
FacebookAI_roberta-large,encoder,pitch,5,0.208333,0.9,0.238908,False,1.0,18
FacebookAI_roberta-large,encoder,pitch,6,0.25,0.8,0.278743,False,1.0,18
FacebookAI_roberta-large,encoder,pitch,7,0.291667,0.9,0.335364,False,1.0,18
FacebookAI_roberta-large,encoder,pitch,8,0.333333,0.8,0.400665,False,1.0,18
FacebookAI_roberta-large,encoder,pitch,9,0.375,0.8,0.426598,False,1.0,18
FacebookAI_roberta-large,encoder,pitch,10,0.416667,0.8,0.416572,False,1.0,18
FacebookAI_roberta-large,encoder,pitch,11,0.458333,0.8,0.41582,False,1.0,18
FacebookAI_roberta-large,encoder,pitch,12,0.5,0.8,0.411415,False,1.0,18
FacebookAI_roberta-large,encoder,pitch,13,0.541667,0.9,0.416047,False,1.0,18
FacebookAI_roberta-large,encoder,pitch,14,0.583333,0.9,0.418123,False,1.0,18
FacebookAI_roberta-large,encoder,pitch,15,0.625,0.9,0.418351,False,1.0,18
FacebookAI_roberta-large,encoder,pitch,16,0.666667,0.9,0.424356,False,1.0,18
FacebookAI_roberta-large,encoder,pitch,17,0.708333,0.8,0.413949,False,1.0,18
FacebookAI_roberta-large,encoder,pitch,18,0.75,1.0,0.401472,True,1.0,18
FacebookAI_roberta-large,encoder,pitch,19,0.791667,0.9,0.432507,False,1.0,18
FacebookAI_roberta-large,encoder,pitch,20,0.833333,0.9,0.432967,False,1.0,18
FacebookAI_roberta-large,encoder,pitch,21,0.875,0.9,0.445199,False,1.0,18
FacebookAI_roberta-large,encoder,pitch,22,0.916667,0.9,0.435561,False,1.0,18
FacebookAI_roberta-large,encoder,pitch,23,0.958333,0.9,0.43029,False,1.0,18
FacebookAI_roberta-large,encoder,pitch,24,1.0,0.9,0.389661,False,1.0,18
FacebookAI_xlm-roberta-large,encoder,bank,0,0.0,0.5,0.025483,False,0.9,22
FacebookAI_xlm-roberta-large,encoder,bank,1,0.041667,0.5,0.073155,False,0.9,22
FacebookAI_xlm-roberta-large,encoder,bank,2,0.083333,0.8,0.115952,False,0.9,22
FacebookAI_xlm-roberta-large,encoder,bank,3,0.125,0.8,0.161003,False,0.9,22
FacebookAI_xlm-roberta-large,encoder,bank,4,0.166667,0.9,0.199252,True,0.9,22
FacebookAI_xlm-roberta-large,encoder,bank,5,0.208333,0.9,0.249317,True,0.9,22
FacebookAI_xlm-roberta-large,encoder,bank,6,0.25,0.9,0.26109,True,0.9,22
FacebookAI_xlm-roberta-large,encoder,bank,7,0.291667,0.8,0.267764,False,0.9,22
FacebookAI_xlm-roberta-large,encoder,bank,8,0.333333,0.8,0.272201,False,0.9,22
FacebookAI_xlm-roberta-large,encoder,bank,9,0.375,0.8,0.241239,False,0.9,22
FacebookAI_xlm-roberta-large,encoder,bank,10,0.416667,0.9,0.240116,True,0.9,22
FacebookAI_xlm-roberta-large,encoder,bank,11,0.458333,0.8,0.266598,False,0.9,22
FacebookAI_xlm-roberta-large,encoder,bank,12,0.5,0.9,0.292969,True,0.9,22
FacebookAI_xlm-roberta-large,encoder,bank,13,0.541667,0.9,0.287931,True,0.9,22
FacebookAI_xlm-roberta-large,encoder,bank,14,0.583333,0.9,0.301689,True,0.9,22
FacebookAI_xlm-roberta-large,encoder,bank,15,0.625,0.8,0.311802,False,0.9,22
FacebookAI_xlm-roberta-large,encoder,bank,16,0.666667,0.9,0.296047,True,0.9,22
FacebookAI_xlm-roberta-large,encoder,bank,17,0.708333,0.9,0.274268,True,0.9,22
FacebookAI_xlm-roberta-large,encoder,bank,18,0.75,0.9,0.263565,True,0.9,22
FacebookAI_xlm-roberta-large,encoder,bank,19,0.791667,0.9,0.264847,True,0.9,22
FacebookAI_xlm-roberta-large,encoder,bank,20,0.833333,0.9,0.289372,True,0.9,22
FacebookAI_xlm-roberta-large,encoder,bank,21,0.875,0.8,0.321736,False,0.9,22
FacebookAI_xlm-roberta-large,encoder,bank,22,0.916667,0.9,0.339574,True,0.9,22
FacebookAI_xlm-roberta-large,encoder,bank,23,0.958333,0.8,0.348044,False,0.9,22
FacebookAI_xlm-roberta-large,encoder,bank,24,1.0,0.8,0.32754,False,0.9,22
FacebookAI_xlm-roberta-large,encoder,bark,0,0.0,0.5,-0.050851,False,0.8,21
FacebookAI_xlm-roberta-large,encoder,bark,1,0.041667,0.5,-0.038625,False,0.8,21
FacebookAI_xlm-roberta-large,encoder,bark,2,0.083333,0.5,-0.002013,False,0.8,21
FacebookAI_xlm-roberta-large,encoder,bark,3,0.125,0.5,0.000719,False,0.8,21
FacebookAI_xlm-roberta-large,encoder,bark,4,0.166667,0.5,0.033732,False,0.8,21
FacebookAI_xlm-roberta-large,encoder,bark,5,0.208333,0.5,0.063311,False,0.8,21
FacebookAI_xlm-roberta-large,encoder,bark,6,0.25,0.5,0.109397,False,0.8,21
FacebookAI_xlm-roberta-large,encoder,bark,7,0.291667,0.5,0.097864,False,0.8,21
FacebookAI_xlm-roberta-large,encoder,bark,8,0.333333,0.5,0.100187,False,0.8,21
FacebookAI_xlm-roberta-large,encoder,bark,9,0.375,0.7,0.157788,False,0.8,21
FacebookAI_xlm-roberta-large,encoder,bark,10,0.416667,0.7,0.180903,False,0.8,21
FacebookAI_xlm-roberta-large,encoder,bark,11,0.458333,0.7,0.282869,False,0.8,21
FacebookAI_xlm-roberta-large,encoder,bark,12,0.5,0.7,0.18476,False,0.8,21
FacebookAI_xlm-roberta-large,encoder,bark,13,0.541667,0.7,0.176306,False,0.8,21
FacebookAI_xlm-roberta-large,encoder,bark,14,0.583333,0.7,0.192042,False,0.8,21
FacebookAI_xlm-roberta-large,encoder,bark,15,0.625,0.7,0.177036,False,0.8,21
FacebookAI_xlm-roberta-large,encoder,bark,16,0.666667,0.7,0.167687,False,0.8,21
FacebookAI_xlm-roberta-large,encoder,bark,17,0.708333,0.8,0.162568,True,0.8,21
FacebookAI_xlm-roberta-large,encoder,bark,18,0.75,0.8,0.177586,True,0.8,21
FacebookAI_xlm-roberta-large,encoder,bark,19,0.791667,0.8,0.210995,True,0.8,21
FacebookAI_xlm-roberta-large,encoder,bark,20,0.833333,0.8,0.230409,True,0.8,21
FacebookAI_xlm-roberta-large,encoder,bark,21,0.875,0.8,0.24996,True,0.8,21
FacebookAI_xlm-roberta-large,encoder,bark,22,0.916667,0.8,0.207583,True,0.8,21
FacebookAI_xlm-roberta-large,encoder,bark,23,0.958333,0.6,0.151526,False,0.8,21
FacebookAI_xlm-roberta-large,encoder,bark,24,1.0,0.5,0.119489,False,0.8,21
FacebookAI_xlm-roberta-large,encoder,bat,0,0.0,0.5,0.051369,False,0.8,24
FacebookAI_xlm-roberta-large,encoder,bat,1,0.041667,0.5,0.053019,False,0.8,24
FacebookAI_xlm-roberta-large,encoder,bat,2,0.083333,0.5,0.045838,False,0.8,24
FacebookAI_xlm-roberta-large,encoder,bat,3,0.125,0.5,0.070597,False,0.8,24
FacebookAI_xlm-roberta-large,encoder,bat,4,0.166667,0.7,0.142733,False,0.8,24
FacebookAI_xlm-roberta-large,encoder,bat,5,0.208333,0.7,0.181312,False,0.8,24
FacebookAI_xlm-roberta-large,encoder,bat,6,0.25,0.7,0.203734,False,0.8,24
FacebookAI_xlm-roberta-large,encoder,bat,7,0.291667,0.7,0.20474,False,0.8,24
FacebookAI_xlm-roberta-large,encoder,bat,8,0.333333,0.8,0.21261,True,0.8,24
FacebookAI_xlm-roberta-large,encoder,bat,9,0.375,0.7,0.183654,False,0.8,24
FacebookAI_xlm-roberta-large,encoder,bat,10,0.416667,0.7,0.175814,False,0.8,24
FacebookAI_xlm-roberta-large,encoder,bat,11,0.458333,0.8,0.242858,True,0.8,24
FacebookAI_xlm-roberta-large,encoder,bat,12,0.5,0.8,0.248177,True,0.8,24
FacebookAI_xlm-roberta-large,encoder,bat,13,0.541667,0.8,0.243525,True,0.8,24
FacebookAI_xlm-roberta-large,encoder,bat,14,0.583333,0.8,0.241679,True,0.8,24
FacebookAI_xlm-roberta-large,encoder,bat,15,0.625,0.8,0.232602,True,0.8,24
FacebookAI_xlm-roberta-large,encoder,bat,16,0.666667,0.8,0.224574,True,0.8,24
FacebookAI_xlm-roberta-large,encoder,bat,17,0.708333,0.8,0.204762,True,0.8,24
FacebookAI_xlm-roberta-large,encoder,bat,18,0.75,0.8,0.213928,True,0.8,24
FacebookAI_xlm-roberta-large,encoder,bat,19,0.791667,0.8,0.251577,True,0.8,24
FacebookAI_xlm-roberta-large,encoder,bat,20,0.833333,0.8,0.25073,True,0.8,24
FacebookAI_xlm-roberta-large,encoder,bat,21,0.875,0.8,0.291137,True,0.8,24
FacebookAI_xlm-roberta-large,encoder,bat,22,0.916667,0.8,0.281959,True,0.8,24
FacebookAI_xlm-roberta-large,encoder,bat,23,0.958333,0.8,0.302332,True,0.8,24
FacebookAI_xlm-roberta-large,encoder,bat,24,1.0,0.8,0.314214,True,0.8,24
FacebookAI_xlm-roberta-large,encoder,crane,0,0.0,0.5,-0.001232,False,1.0,24
FacebookAI_xlm-roberta-large,encoder,crane,1,0.041667,0.5,0.007892,False,1.0,24
FacebookAI_xlm-roberta-large,encoder,crane,2,0.083333,0.5,0.006641,False,1.0,24
FacebookAI_xlm-roberta-large,encoder,crane,3,0.125,0.5,0.01162,False,1.0,24
FacebookAI_xlm-roberta-large,encoder,crane,4,0.166667,0.5,0.015324,False,1.0,24
FacebookAI_xlm-roberta-large,encoder,crane,5,0.208333,0.5,0.022999,False,1.0,24
FacebookAI_xlm-roberta-large,encoder,crane,6,0.25,0.5,0.029763,False,1.0,24
FacebookAI_xlm-roberta-large,encoder,crane,7,0.291667,0.5,0.028613,False,1.0,24
FacebookAI_xlm-roberta-large,encoder,crane,8,0.333333,0.5,0.029813,False,1.0,24
FacebookAI_xlm-roberta-large,encoder,crane,9,0.375,0.5,0.044203,False,1.0,24
FacebookAI_xlm-roberta-large,encoder,crane,10,0.416667,0.5,0.072316,False,1.0,24
FacebookAI_xlm-roberta-large,encoder,crane,11,0.458333,0.7,0.163513,False,1.0,24
FacebookAI_xlm-roberta-large,encoder,crane,12,0.5,0.7,0.230522,False,1.0,24
FacebookAI_xlm-roberta-large,encoder,crane,13,0.541667,0.9,0.286426,False,1.0,24
FacebookAI_xlm-roberta-large,encoder,crane,14,0.583333,0.8,0.324691,False,1.0,24
FacebookAI_xlm-roberta-large,encoder,crane,15,0.625,0.8,0.360327,False,1.0,24
FacebookAI_xlm-roberta-large,encoder,crane,16,0.666667,0.8,0.349122,False,1.0,24
FacebookAI_xlm-roberta-large,encoder,crane,17,0.708333,0.8,0.312622,False,1.0,24
FacebookAI_xlm-roberta-large,encoder,crane,18,0.75,0.8,0.305735,False,1.0,24
FacebookAI_xlm-roberta-large,encoder,crane,19,0.791667,0.8,0.322281,False,1.0,24
FacebookAI_xlm-roberta-large,encoder,crane,20,0.833333,0.8,0.346492,False,1.0,24
FacebookAI_xlm-roberta-large,encoder,crane,21,0.875,0.8,0.414484,False,1.0,24
FacebookAI_xlm-roberta-large,encoder,crane,22,0.916667,0.9,0.43485,False,1.0,24
FacebookAI_xlm-roberta-large,encoder,crane,23,0.958333,0.9,0.453909,False,1.0,24
FacebookAI_xlm-roberta-large,encoder,crane,24,1.0,1.0,0.4142,True,1.0,24
FacebookAI_xlm-roberta-large,encoder,spring,0,0.0,0.5,0.006427,False,0.8,15
FacebookAI_xlm-roberta-large,encoder,spring,1,0.041667,0.5,0.013376,False,0.8,15
FacebookAI_xlm-roberta-large,encoder,spring,2,0.083333,0.5,0.010322,False,0.8,15
FacebookAI_xlm-roberta-large,encoder,spring,3,0.125,0.5,0.017722,False,0.8,15
FacebookAI_xlm-roberta-large,encoder,spring,4,0.166667,0.5,0.024669,False,0.8,15
FacebookAI_xlm-roberta-large,encoder,spring,5,0.208333,0.5,0.018017,False,0.8,15
FacebookAI_xlm-roberta-large,encoder,spring,6,0.25,0.5,0.02976,False,0.8,15
FacebookAI_xlm-roberta-large,encoder,spring,7,0.291667,0.5,0.039445,False,0.8,15
FacebookAI_xlm-roberta-large,encoder,spring,8,0.333333,0.5,0.03971,False,0.8,15
FacebookAI_xlm-roberta-large,encoder,spring,9,0.375,0.5,0.053219,False,0.8,15
FacebookAI_xlm-roberta-large,encoder,spring,10,0.416667,0.5,0.060203,False,0.8,15
FacebookAI_xlm-roberta-large,encoder,spring,11,0.458333,0.5,0.074016,False,0.8,15
FacebookAI_xlm-roberta-large,encoder,spring,12,0.5,0.5,0.096802,False,0.8,15
FacebookAI_xlm-roberta-large,encoder,spring,13,0.541667,0.5,0.104315,False,0.8,15
FacebookAI_xlm-roberta-large,encoder,spring,14,0.583333,0.6,0.106914,False,0.8,15
FacebookAI_xlm-roberta-large,encoder,spring,15,0.625,0.8,0.104835,True,0.8,15
FacebookAI_xlm-roberta-large,encoder,spring,16,0.666667,0.7,0.105634,False,0.8,15
FacebookAI_xlm-roberta-large,encoder,spring,17,0.708333,0.6,0.096204,False,0.8,15
FacebookAI_xlm-roberta-large,encoder,spring,18,0.75,0.6,0.105424,False,0.8,15
FacebookAI_xlm-roberta-large,encoder,spring,19,0.791667,0.5,0.102142,False,0.8,15
FacebookAI_xlm-roberta-large,encoder,spring,20,0.833333,0.6,0.120879,False,0.8,15
FacebookAI_xlm-roberta-large,encoder,spring,21,0.875,0.6,0.150511,False,0.8,15
FacebookAI_xlm-roberta-large,encoder,spring,22,0.916667,0.6,0.173645,False,0.8,15
FacebookAI_xlm-roberta-large,encoder,spring,23,0.958333,0.6,0.172255,False,0.8,15
FacebookAI_xlm-roberta-large,encoder,spring,24,1.0,0.6,0.178025,False,0.8,15
FacebookAI_xlm-roberta-large,encoder,match,0,0.0,0.5,-0.00274,False,0.9,24
FacebookAI_xlm-roberta-large,encoder,match,1,0.041667,0.5,0.018897,False,0.9,24
FacebookAI_xlm-roberta-large,encoder,match,2,0.083333,0.5,0.033878,False,0.9,24
FacebookAI_xlm-roberta-large,encoder,match,3,0.125,0.6,0.126764,False,0.9,24
FacebookAI_xlm-roberta-large,encoder,match,4,0.166667,0.7,0.196713,False,0.9,24
FacebookAI_xlm-roberta-large,encoder,match,5,0.208333,0.8,0.253886,False,0.9,24
FacebookAI_xlm-roberta-large,encoder,match,6,0.25,0.8,0.245508,False,0.9,24
FacebookAI_xlm-roberta-large,encoder,match,7,0.291667,0.8,0.241243,False,0.9,24
FacebookAI_xlm-roberta-large,encoder,match,8,0.333333,0.8,0.214723,False,0.9,24
FacebookAI_xlm-roberta-large,encoder,match,9,0.375,0.8,0.19719,False,0.9,24
FacebookAI_xlm-roberta-large,encoder,match,10,0.416667,0.8,0.252245,False,0.9,24
FacebookAI_xlm-roberta-large,encoder,match,11,0.458333,0.8,0.259799,False,0.9,24
FacebookAI_xlm-roberta-large,encoder,match,12,0.5,0.8,0.273406,False,0.9,24
FacebookAI_xlm-roberta-large,encoder,match,13,0.541667,0.8,0.294623,False,0.9,24
FacebookAI_xlm-roberta-large,encoder,match,14,0.583333,0.8,0.283749,False,0.9,24
FacebookAI_xlm-roberta-large,encoder,match,15,0.625,0.8,0.27081,False,0.9,24
FacebookAI_xlm-roberta-large,encoder,match,16,0.666667,0.8,0.257689,False,0.9,24
FacebookAI_xlm-roberta-large,encoder,match,17,0.708333,0.8,0.262262,False,0.9,24
FacebookAI_xlm-roberta-large,encoder,match,18,0.75,0.8,0.294765,False,0.9,24
FacebookAI_xlm-roberta-large,encoder,match,19,0.791667,0.9,0.307018,True,0.9,24
FacebookAI_xlm-roberta-large,encoder,match,20,0.833333,0.8,0.338486,False,0.9,24
FacebookAI_xlm-roberta-large,encoder,match,21,0.875,0.8,0.381282,False,0.9,24
FacebookAI_xlm-roberta-large,encoder,match,22,0.916667,0.8,0.410126,False,0.9,24
FacebookAI_xlm-roberta-large,encoder,match,23,0.958333,0.8,0.429198,False,0.9,24
FacebookAI_xlm-roberta-large,encoder,match,24,1.0,0.9,0.401084,True,0.9,24
FacebookAI_xlm-roberta-large,encoder,pitch,0,0.0,0.5,0.029989,False,1.0,23
FacebookAI_xlm-roberta-large,encoder,pitch,1,0.041667,0.5,0.039241,False,1.0,23
FacebookAI_xlm-roberta-large,encoder,pitch,2,0.083333,0.5,0.031058,False,1.0,23
FacebookAI_xlm-roberta-large,encoder,pitch,3,0.125,0.8,0.117593,False,1.0,23
FacebookAI_xlm-roberta-large,encoder,pitch,4,0.166667,0.9,0.227581,False,1.0,23
FacebookAI_xlm-roberta-large,encoder,pitch,5,0.208333,0.9,0.280747,False,1.0,23
FacebookAI_xlm-roberta-large,encoder,pitch,6,0.25,0.9,0.315675,False,1.0,23
FacebookAI_xlm-roberta-large,encoder,pitch,7,0.291667,0.9,0.319058,False,1.0,23
FacebookAI_xlm-roberta-large,encoder,pitch,8,0.333333,0.9,0.283794,False,1.0,23
FacebookAI_xlm-roberta-large,encoder,pitch,9,0.375,0.9,0.258221,False,1.0,23
FacebookAI_xlm-roberta-large,encoder,pitch,10,0.416667,0.9,0.273627,False,1.0,23
FacebookAI_xlm-roberta-large,encoder,pitch,11,0.458333,0.9,0.273336,False,1.0,23
FacebookAI_xlm-roberta-large,encoder,pitch,12,0.5,1.0,0.326743,True,1.0,23
FacebookAI_xlm-roberta-large,encoder,pitch,13,0.541667,1.0,0.340427,True,1.0,23
FacebookAI_xlm-roberta-large,encoder,pitch,14,0.583333,1.0,0.386374,True,1.0,23
FacebookAI_xlm-roberta-large,encoder,pitch,15,0.625,1.0,0.413065,True,1.0,23
FacebookAI_xlm-roberta-large,encoder,pitch,16,0.666667,1.0,0.403023,True,1.0,23
FacebookAI_xlm-roberta-large,encoder,pitch,17,0.708333,1.0,0.367336,True,1.0,23
FacebookAI_xlm-roberta-large,encoder,pitch,18,0.75,1.0,0.392067,True,1.0,23
FacebookAI_xlm-roberta-large,encoder,pitch,19,0.791667,1.0,0.418694,True,1.0,23
FacebookAI_xlm-roberta-large,encoder,pitch,20,0.833333,1.0,0.470143,True,1.0,23
FacebookAI_xlm-roberta-large,encoder,pitch,21,0.875,1.0,0.525551,True,1.0,23
FacebookAI_xlm-roberta-large,encoder,pitch,22,0.916667,1.0,0.527558,True,1.0,23
FacebookAI_xlm-roberta-large,encoder,pitch,23,0.958333,1.0,0.528802,True,1.0,23
FacebookAI_xlm-roberta-large,encoder,pitch,24,1.0,1.0,0.500098,True,1.0,23
Qwen_Qwen2.5-3B,decoder,bank,0,0.0,0.0,0.0,False,1.0,14
Qwen_Qwen2.5-3B,decoder,bank,1,0.027778,0.9,0.231612,False,1.0,14
Qwen_Qwen2.5-3B,decoder,bank,2,0.055556,0.9,0.251029,False,1.0,14
Qwen_Qwen2.5-3B,decoder,bank,3,0.083333,0.9,0.250768,False,1.0,14
Qwen_Qwen2.5-3B,decoder,bank,4,0.111111,1.0,0.251973,True,1.0,14
Qwen_Qwen2.5-3B,decoder,bank,5,0.138889,1.0,0.215784,True,1.0,14
Qwen_Qwen2.5-3B,decoder,bank,6,0.166667,1.0,0.249873,True,1.0,14
Qwen_Qwen2.5-3B,decoder,bank,7,0.194444,0.8,0.366308,False,1.0,14
Qwen_Qwen2.5-3B,decoder,bank,8,0.222222,0.8,0.335433,False,1.0,14
Qwen_Qwen2.5-3B,decoder,bank,9,0.25,0.8,0.300417,False,1.0,14
Qwen_Qwen2.5-3B,decoder,bank,10,0.277778,0.8,0.313011,False,1.0,14
Qwen_Qwen2.5-3B,decoder,bank,11,0.305556,0.8,0.317057,False,1.0,14
Qwen_Qwen2.5-3B,decoder,bank,12,0.333333,0.8,0.355781,False,1.0,14
Qwen_Qwen2.5-3B,decoder,bank,13,0.361111,1.0,0.370696,True,1.0,14
Qwen_Qwen2.5-3B,decoder,bank,14,0.388889,1.0,0.396471,True,1.0,14
Qwen_Qwen2.5-3B,decoder,bank,15,0.416667,1.0,0.376496,True,1.0,14
Qwen_Qwen2.5-3B,decoder,bank,16,0.444444,1.0,0.393823,True,1.0,14
Qwen_Qwen2.5-3B,decoder,bank,17,0.472222,1.0,0.378587,True,1.0,14
Qwen_Qwen2.5-3B,decoder,bank,18,0.5,1.0,0.380162,True,1.0,14
Qwen_Qwen2.5-3B,decoder,bank,19,0.527778,1.0,0.359919,True,1.0,14
Qwen_Qwen2.5-3B,decoder,bank,20,0.555556,1.0,0.346281,True,1.0,14
Qwen_Qwen2.5-3B,decoder,bank,21,0.583333,1.0,0.366489,True,1.0,14
Qwen_Qwen2.5-3B,decoder,bank,22,0.611111,1.0,0.351523,True,1.0,14
Qwen_Qwen2.5-3B,decoder,bank,23,0.638889,1.0,0.352063,True,1.0,14
Qwen_Qwen2.5-3B,decoder,bank,24,0.666667,1.0,0.346512,True,1.0,14
Qwen_Qwen2.5-3B,decoder,bank,25,0.694444,1.0,0.315942,True,1.0,14
Qwen_Qwen2.5-3B,decoder,bank,26,0.722222,1.0,0.327492,True,1.0,14
Qwen_Qwen2.5-3B,decoder,bank,27,0.75,1.0,0.338517,True,1.0,14
Qwen_Qwen2.5-3B,decoder,bank,28,0.777778,1.0,0.333255,True,1.0,14
Qwen_Qwen2.5-3B,decoder,bank,29,0.805556,1.0,0.308071,True,1.0,14
Qwen_Qwen2.5-3B,decoder,bank,30,0.833333,1.0,0.274271,True,1.0,14
Qwen_Qwen2.5-3B,decoder,bank,31,0.861111,1.0,0.274038,True,1.0,14
Qwen_Qwen2.5-3B,decoder,bank,32,0.888889,1.0,0.255531,True,1.0,14
Qwen_Qwen2.5-3B,decoder,bank,33,0.916667,1.0,0.251924,True,1.0,14
Qwen_Qwen2.5-3B,decoder,bank,34,0.944444,1.0,0.226552,True,1.0,14
Qwen_Qwen2.5-3B,decoder,bank,35,0.972222,1.0,0.206812,True,1.0,14
Qwen_Qwen2.5-3B,decoder,bank,36,1.0,1.0,0.22761,True,1.0,14
Qwen_Qwen2.5-3B,decoder,bark,0,0.0,0.0,0.0,False,1.0,14
Qwen_Qwen2.5-3B,decoder,bark,1,0.027778,0.5,0.033406,False,1.0,14
Qwen_Qwen2.5-3B,decoder,bark,2,0.055556,0.5,0.022607,False,1.0,14
Qwen_Qwen2.5-3B,decoder,bark,3,0.083333,0.5,0.036759,False,1.0,14
Qwen_Qwen2.5-3B,decoder,bark,4,0.111111,0.5,0.010275,False,1.0,14
Qwen_Qwen2.5-3B,decoder,bark,5,0.138889,0.5,0.009757,False,1.0,14
Qwen_Qwen2.5-3B,decoder,bark,6,0.166667,0.5,-0.004156,False,1.0,14
Qwen_Qwen2.5-3B,decoder,bark,7,0.194444,0.5,0.009343,False,1.0,14
Qwen_Qwen2.5-3B,decoder,bark,8,0.222222,0.5,0.012366,False,1.0,14
Qwen_Qwen2.5-3B,decoder,bark,9,0.25,0.5,0.135031,False,1.0,14
Qwen_Qwen2.5-3B,decoder,bark,10,0.277778,0.8,0.218886,False,1.0,14
Qwen_Qwen2.5-3B,decoder,bark,11,0.305556,0.9,0.363263,False,1.0,14
Qwen_Qwen2.5-3B,decoder,bark,12,0.333333,1.0,0.350091,True,1.0,14
Qwen_Qwen2.5-3B,decoder,bark,13,0.361111,1.0,0.420431,True,1.0,14
Qwen_Qwen2.5-3B,decoder,bark,14,0.388889,1.0,0.435597,True,1.0,14
Qwen_Qwen2.5-3B,decoder,bark,15,0.416667,1.0,0.408383,True,1.0,14
Qwen_Qwen2.5-3B,decoder,bark,16,0.444444,1.0,0.412636,True,1.0,14
Qwen_Qwen2.5-3B,decoder,bark,17,0.472222,1.0,0.387631,True,1.0,14
Qwen_Qwen2.5-3B,decoder,bark,18,0.5,1.0,0.375747,True,1.0,14
Qwen_Qwen2.5-3B,decoder,bark,19,0.527778,1.0,0.35919,True,1.0,14
Qwen_Qwen2.5-3B,decoder,bark,20,0.555556,1.0,0.352095,True,1.0,14
Qwen_Qwen2.5-3B,decoder,bark,21,0.583333,1.0,0.362963,True,1.0,14
Qwen_Qwen2.5-3B,decoder,bark,22,0.611111,1.0,0.362944,True,1.0,14
Qwen_Qwen2.5-3B,decoder,bark,23,0.638889,1.0,0.358662,True,1.0,14
Qwen_Qwen2.5-3B,decoder,bark,24,0.666667,1.0,0.340762,True,1.0,14
Qwen_Qwen2.5-3B,decoder,bark,25,0.694444,1.0,0.322659,True,1.0,14
Qwen_Qwen2.5-3B,decoder,bark,26,0.722222,1.0,0.342646,True,1.0,14
Qwen_Qwen2.5-3B,decoder,bark,27,0.75,1.0,0.347381,True,1.0,14
Qwen_Qwen2.5-3B,decoder,bark,28,0.777778,1.0,0.344774,True,1.0,14
Qwen_Qwen2.5-3B,decoder,bark,29,0.805556,1.0,0.332896,True,1.0,14
Qwen_Qwen2.5-3B,decoder,bark,30,0.833333,1.0,0.326274,True,1.0,14
Qwen_Qwen2.5-3B,decoder,bark,31,0.861111,1.0,0.321216,True,1.0,14
Qwen_Qwen2.5-3B,decoder,bark,32,0.888889,1.0,0.330448,True,1.0,14
Qwen_Qwen2.5-3B,decoder,bark,33,0.916667,1.0,0.333009,True,1.0,14
Qwen_Qwen2.5-3B,decoder,bark,34,0.944444,1.0,0.314603,True,1.0,14
Qwen_Qwen2.5-3B,decoder,bark,35,0.972222,1.0,0.294489,True,1.0,14
Qwen_Qwen2.5-3B,decoder,bark,36,1.0,1.0,0.28578,True,1.0,14
Qwen_Qwen2.5-3B,decoder,bat,0,0.0,0.5,0.0,False,0.9,32
Qwen_Qwen2.5-3B,decoder,bat,1,0.027778,0.5,0.084441,False,0.9,32
Qwen_Qwen2.5-3B,decoder,bat,2,0.055556,0.5,0.041628,False,0.9,32
Qwen_Qwen2.5-3B,decoder,bat,3,0.083333,0.5,0.001227,False,0.9,32
Qwen_Qwen2.5-3B,decoder,bat,4,0.111111,0.5,0.001699,False,0.9,32
Qwen_Qwen2.5-3B,decoder,bat,5,0.138889,0.5,0.001907,False,0.9,32
Qwen_Qwen2.5-3B,decoder,bat,6,0.166667,0.5,0.002604,False,0.9,32
Qwen_Qwen2.5-3B,decoder,bat,7,0.194444,0.5,0.003361,False,0.9,32
Qwen_Qwen2.5-3B,decoder,bat,8,0.222222,0.5,0.002945,False,0.9,32
Qwen_Qwen2.5-3B,decoder,bat,9,0.25,0.5,0.00472,False,0.9,32
Qwen_Qwen2.5-3B,decoder,bat,10,0.277778,0.5,0.007473,False,0.9,32
Qwen_Qwen2.5-3B,decoder,bat,11,0.305556,0.5,0.009668,False,0.9,32
Qwen_Qwen2.5-3B,decoder,bat,12,0.333333,0.5,0.014836,False,0.9,32
Qwen_Qwen2.5-3B,decoder,bat,13,0.361111,0.5,0.018303,False,0.9,32
Qwen_Qwen2.5-3B,decoder,bat,14,0.388889,0.5,0.021639,False,0.9,32
Qwen_Qwen2.5-3B,decoder,bat,15,0.416667,0.5,0.018387,False,0.9,32
Qwen_Qwen2.5-3B,decoder,bat,16,0.444444,0.5,0.01813,False,0.9,32
Qwen_Qwen2.5-3B,decoder,bat,17,0.472222,0.5,0.018691,False,0.9,32
Qwen_Qwen2.5-3B,decoder,bat,18,0.5,0.5,0.016548,False,0.9,32
Qwen_Qwen2.5-3B,decoder,bat,19,0.527778,0.5,0.015444,False,0.9,32
Qwen_Qwen2.5-3B,decoder,bat,20,0.555556,0.5,0.015945,False,0.9,32
Qwen_Qwen2.5-3B,decoder,bat,21,0.583333,0.5,0.016854,False,0.9,32
Qwen_Qwen2.5-3B,decoder,bat,22,0.611111,0.5,0.016406,False,0.9,32
Qwen_Qwen2.5-3B,decoder,bat,23,0.638889,0.5,0.014361,False,0.9,32
Qwen_Qwen2.5-3B,decoder,bat,24,0.666667,0.5,0.012377,False,0.9,32
Qwen_Qwen2.5-3B,decoder,bat,25,0.694444,0.5,0.011479,False,0.9,32
Qwen_Qwen2.5-3B,decoder,bat,26,0.722222,0.5,0.012194,False,0.9,32
Qwen_Qwen2.5-3B,decoder,bat,27,0.75,0.5,0.016849,False,0.9,32
Qwen_Qwen2.5-3B,decoder,bat,28,0.777778,0.5,0.015317,False,0.9,32
Qwen_Qwen2.5-3B,decoder,bat,29,0.805556,0.5,0.017988,False,0.9,32
Qwen_Qwen2.5-3B,decoder,bat,30,0.833333,0.5,0.018973,False,0.9,32
Qwen_Qwen2.5-3B,decoder,bat,31,0.861111,0.9,0.215648,True,0.9,32
Qwen_Qwen2.5-3B,decoder,bat,32,0.888889,0.9,0.224005,True,0.9,32
Qwen_Qwen2.5-3B,decoder,bat,33,0.916667,0.9,0.218337,True,0.9,32
Qwen_Qwen2.5-3B,decoder,bat,34,0.944444,0.9,0.20162,True,0.9,32
Qwen_Qwen2.5-3B,decoder,bat,35,0.972222,0.8,0.177718,False,0.9,32
Qwen_Qwen2.5-3B,decoder,bat,36,1.0,0.7,0.109238,False,0.9,32
Qwen_Qwen2.5-3B,decoder,crane,0,0.0,0.5,0.0,False,1.0,32
Qwen_Qwen2.5-3B,decoder,crane,1,0.027778,0.5,0.037397,False,1.0,32
Qwen_Qwen2.5-3B,decoder,crane,2,0.055556,0.5,0.016607,False,1.0,32
Qwen_Qwen2.5-3B,decoder,crane,3,0.083333,0.5,9.9e-05,False,1.0,32
Qwen_Qwen2.5-3B,decoder,crane,4,0.111111,0.5,1.4e-05,False,1.0,32
Qwen_Qwen2.5-3B,decoder,crane,5,0.138889,0.5,3.8e-05,False,1.0,32
Qwen_Qwen2.5-3B,decoder,crane,6,0.166667,0.5,5.6e-05,False,1.0,32
Qwen_Qwen2.5-3B,decoder,crane,7,0.194444,0.5,0.000252,False,1.0,32
Qwen_Qwen2.5-3B,decoder,crane,8,0.222222,0.5,0.000269,False,1.0,32
Qwen_Qwen2.5-3B,decoder,crane,9,0.25,0.5,0.000764,False,1.0,32
Qwen_Qwen2.5-3B,decoder,crane,10,0.277778,0.5,0.002612,False,1.0,32
Qwen_Qwen2.5-3B,decoder,crane,11,0.305556,0.5,0.007147,False,1.0,32
Qwen_Qwen2.5-3B,decoder,crane,12,0.333333,0.5,0.010525,False,1.0,32
Qwen_Qwen2.5-3B,decoder,crane,13,0.361111,0.5,0.013394,False,1.0,32
Qwen_Qwen2.5-3B,decoder,crane,14,0.388889,0.5,0.015633,False,1.0,32
Qwen_Qwen2.5-3B,decoder,crane,15,0.416667,0.5,0.017145,False,1.0,32
Qwen_Qwen2.5-3B,decoder,crane,16,0.444444,0.5,0.017588,False,1.0,32
Qwen_Qwen2.5-3B,decoder,crane,17,0.472222,0.5,0.016448,False,1.0,32
Qwen_Qwen2.5-3B,decoder,crane,18,0.5,0.5,0.01611,False,1.0,32
Qwen_Qwen2.5-3B,decoder,crane,19,0.527778,0.5,0.014923,False,1.0,32
Qwen_Qwen2.5-3B,decoder,crane,20,0.555556,0.5,0.014593,False,1.0,32
Qwen_Qwen2.5-3B,decoder,crane,21,0.583333,0.5,0.01593,False,1.0,32
Qwen_Qwen2.5-3B,decoder,crane,22,0.611111,0.5,0.015367,False,1.0,32
Qwen_Qwen2.5-3B,decoder,crane,23,0.638889,0.5,0.014627,False,1.0,32
Qwen_Qwen2.5-3B,decoder,crane,24,0.666667,0.5,0.014547,False,1.0,32
Qwen_Qwen2.5-3B,decoder,crane,25,0.694444,0.5,0.014773,False,1.0,32
Qwen_Qwen2.5-3B,decoder,crane,26,0.722222,0.5,0.016346,False,1.0,32
Qwen_Qwen2.5-3B,decoder,crane,27,0.75,0.5,0.018747,False,1.0,32
Qwen_Qwen2.5-3B,decoder,crane,28,0.777778,0.5,0.02411,False,1.0,32
Qwen_Qwen2.5-3B,decoder,crane,29,0.805556,0.5,0.03158,False,1.0,32
Qwen_Qwen2.5-3B,decoder,crane,30,0.833333,0.5,0.039453,False,1.0,32
Qwen_Qwen2.5-3B,decoder,crane,31,0.861111,1.0,0.395148,True,1.0,32
Qwen_Qwen2.5-3B,decoder,crane,32,0.888889,1.0,0.457368,True,1.0,32
Qwen_Qwen2.5-3B,decoder,crane,33,0.916667,1.0,0.454316,True,1.0,32
Qwen_Qwen2.5-3B,decoder,crane,34,0.944444,1.0,0.429729,True,1.0,32
Qwen_Qwen2.5-3B,decoder,crane,35,0.972222,1.0,0.401225,True,1.0,32
Qwen_Qwen2.5-3B,decoder,crane,36,1.0,1.0,0.354427,True,1.0,32
Qwen_Qwen2.5-3B,decoder,spring,0,0.0,0.5,0.0,False,0.6,33
Qwen_Qwen2.5-3B,decoder,spring,1,0.027778,0.5,0.029325,False,0.6,33
Qwen_Qwen2.5-3B,decoder,spring,2,0.055556,0.5,0.001379,False,0.6,33
Qwen_Qwen2.5-3B,decoder,spring,3,0.083333,0.5,0.000105,False,0.6,33
Qwen_Qwen2.5-3B,decoder,spring,4,0.111111,0.5,-0.000141,False,0.6,33
Qwen_Qwen2.5-3B,decoder,spring,5,0.138889,0.5,2.4e-05,False,0.6,33
Qwen_Qwen2.5-3B,decoder,spring,6,0.166667,0.5,-0.000368,False,0.6,33
Qwen_Qwen2.5-3B,decoder,spring,7,0.194444,0.5,-0.000608,False,0.6,33
Qwen_Qwen2.5-3B,decoder,spring,8,0.222222,0.5,-0.000815,False,0.6,33
Qwen_Qwen2.5-3B,decoder,spring,9,0.25,0.5,0.000143,False,0.6,33
Qwen_Qwen2.5-3B,decoder,spring,10,0.277778,0.5,0.000237,False,0.6,33
Qwen_Qwen2.5-3B,decoder,spring,11,0.305556,0.5,-0.000157,False,0.6,33
Qwen_Qwen2.5-3B,decoder,spring,12,0.333333,0.5,-0.000595,False,0.6,33
Qwen_Qwen2.5-3B,decoder,spring,13,0.361111,0.5,0.002088,False,0.6,33
Qwen_Qwen2.5-3B,decoder,spring,14,0.388889,0.5,0.001847,False,0.6,33
Qwen_Qwen2.5-3B,decoder,spring,15,0.416667,0.5,0.003747,False,0.6,33
Qwen_Qwen2.5-3B,decoder,spring,16,0.444444,0.5,0.002871,False,0.6,33
Qwen_Qwen2.5-3B,decoder,spring,17,0.472222,0.5,0.003009,False,0.6,33
Qwen_Qwen2.5-3B,decoder,spring,18,0.5,0.5,0.002222,False,0.6,33
Qwen_Qwen2.5-3B,decoder,spring,19,0.527778,0.5,0.002993,False,0.6,33
Qwen_Qwen2.5-3B,decoder,spring,20,0.555556,0.5,0.001725,False,0.6,33
Qwen_Qwen2.5-3B,decoder,spring,21,0.583333,0.5,0.002483,False,0.6,33
Qwen_Qwen2.5-3B,decoder,spring,22,0.611111,0.5,0.004537,False,0.6,33
Qwen_Qwen2.5-3B,decoder,spring,23,0.638889,0.5,0.004296,False,0.6,33
Qwen_Qwen2.5-3B,decoder,spring,24,0.666667,0.5,0.00494,False,0.6,33
Qwen_Qwen2.5-3B,decoder,spring,25,0.694444,0.5,0.005274,False,0.6,33
Qwen_Qwen2.5-3B,decoder,spring,26,0.722222,0.5,0.006157,False,0.6,33
Qwen_Qwen2.5-3B,decoder,spring,27,0.75,0.5,0.007133,False,0.6,33
Qwen_Qwen2.5-3B,decoder,spring,28,0.777778,0.5,0.00631,False,0.6,33
Qwen_Qwen2.5-3B,decoder,spring,29,0.805556,0.5,0.006173,False,0.6,33
Qwen_Qwen2.5-3B,decoder,spring,30,0.833333,0.5,0.0071,False,0.6,33
Qwen_Qwen2.5-3B,decoder,spring,31,0.861111,0.6,0.119501,True,0.6,33
Qwen_Qwen2.5-3B,decoder,spring,32,0.888889,0.6,0.130057,True,0.6,33
Qwen_Qwen2.5-3B,decoder,spring,33,0.916667,0.6,0.137632,True,0.6,33
Qwen_Qwen2.5-3B,decoder,spring,34,0.944444,0.6,0.132086,True,0.6,33
Qwen_Qwen2.5-3B,decoder,spring,35,0.972222,0.6,0.119279,True,0.6,33
Qwen_Qwen2.5-3B,decoder,spring,36,1.0,0.5,0.047993,False,0.6,33
Qwen_Qwen2.5-3B,decoder,match,0,0.0,0.5,0.0,False,1.0,15
Qwen_Qwen2.5-3B,decoder,match,1,0.027778,0.9,0.22394,False,1.0,15
Qwen_Qwen2.5-3B,decoder,match,2,0.055556,1.0,0.202646,True,1.0,15
Qwen_Qwen2.5-3B,decoder,match,3,0.083333,1.0,0.208266,True,1.0,15
Qwen_Qwen2.5-3B,decoder,match,4,0.111111,1.0,0.244983,True,1.0,15
Qwen_Qwen2.5-3B,decoder,match,5,0.138889,1.0,0.207138,True,1.0,15
Qwen_Qwen2.5-3B,decoder,match,6,0.166667,1.0,0.235736,True,1.0,15
Qwen_Qwen2.5-3B,decoder,match,7,0.194444,1.0,0.287309,True,1.0,15
Qwen_Qwen2.5-3B,decoder,match,8,0.222222,1.0,0.289046,True,1.0,15
Qwen_Qwen2.5-3B,decoder,match,9,0.25,1.0,0.302191,True,1.0,15
Qwen_Qwen2.5-3B,decoder,match,10,0.277778,1.0,0.349279,True,1.0,15
Qwen_Qwen2.5-3B,decoder,match,11,0.305556,1.0,0.508615,True,1.0,15
Qwen_Qwen2.5-3B,decoder,match,12,0.333333,1.0,0.518953,True,1.0,15
Qwen_Qwen2.5-3B,decoder,match,13,0.361111,1.0,0.54823,True,1.0,15
Qwen_Qwen2.5-3B,decoder,match,14,0.388889,1.0,0.561364,True,1.0,15
Qwen_Qwen2.5-3B,decoder,match,15,0.416667,1.0,0.582392,True,1.0,15
Qwen_Qwen2.5-3B,decoder,match,16,0.444444,1.0,0.581579,True,1.0,15
Qwen_Qwen2.5-3B,decoder,match,17,0.472222,1.0,0.548696,True,1.0,15
Qwen_Qwen2.5-3B,decoder,match,18,0.5,1.0,0.527988,True,1.0,15
Qwen_Qwen2.5-3B,decoder,match,19,0.527778,1.0,0.521563,True,1.0,15
Qwen_Qwen2.5-3B,decoder,match,20,0.555556,1.0,0.511932,True,1.0,15
Qwen_Qwen2.5-3B,decoder,match,21,0.583333,1.0,0.516699,True,1.0,15
Qwen_Qwen2.5-3B,decoder,match,22,0.611111,1.0,0.508224,True,1.0,15
Qwen_Qwen2.5-3B,decoder,match,23,0.638889,1.0,0.490203,True,1.0,15
Qwen_Qwen2.5-3B,decoder,match,24,0.666667,1.0,0.473432,True,1.0,15
Qwen_Qwen2.5-3B,decoder,match,25,0.694444,1.0,0.443009,True,1.0,15
Qwen_Qwen2.5-3B,decoder,match,26,0.722222,1.0,0.442367,True,1.0,15
Qwen_Qwen2.5-3B,decoder,match,27,0.75,1.0,0.432565,True,1.0,15
Qwen_Qwen2.5-3B,decoder,match,28,0.777778,1.0,0.43389,True,1.0,15
Qwen_Qwen2.5-3B,decoder,match,29,0.805556,1.0,0.410285,True,1.0,15
Qwen_Qwen2.5-3B,decoder,match,30,0.833333,1.0,0.381735,True,1.0,15
Qwen_Qwen2.5-3B,decoder,match,31,0.861111,1.0,0.357555,True,1.0,15
Qwen_Qwen2.5-3B,decoder,match,32,0.888889,1.0,0.371048,True,1.0,15
Qwen_Qwen2.5-3B,decoder,match,33,0.916667,1.0,0.380502,True,1.0,15
Qwen_Qwen2.5-3B,decoder,match,34,0.944444,1.0,0.364762,True,1.0,15
Qwen_Qwen2.5-3B,decoder,match,35,0.972222,1.0,0.341592,True,1.0,15
Qwen_Qwen2.5-3B,decoder,match,36,1.0,1.0,0.319351,True,1.0,15
Qwen_Qwen2.5-3B,decoder,pitch,0,0.0,0.0,0.0,False,1.0,14
Qwen_Qwen2.5-3B,decoder,pitch,1,0.027778,0.8,0.115385,False,1.0,14
Qwen_Qwen2.5-3B,decoder,pitch,2,0.055556,0.8,0.091575,False,1.0,14
Qwen_Qwen2.5-3B,decoder,pitch,3,0.083333,0.9,0.097384,False,1.0,14
Qwen_Qwen2.5-3B,decoder,pitch,4,0.111111,0.8,0.084729,False,1.0,14
Qwen_Qwen2.5-3B,decoder,pitch,5,0.138889,0.6,0.061863,False,1.0,14
Qwen_Qwen2.5-3B,decoder,pitch,6,0.166667,0.7,0.058917,False,1.0,14
Qwen_Qwen2.5-3B,decoder,pitch,7,0.194444,0.8,0.073036,False,1.0,14
Qwen_Qwen2.5-3B,decoder,pitch,8,0.222222,0.8,0.094598,False,1.0,14
Qwen_Qwen2.5-3B,decoder,pitch,9,0.25,0.8,0.12039,False,1.0,14
Qwen_Qwen2.5-3B,decoder,pitch,10,0.277778,0.9,0.141429,False,1.0,14
Qwen_Qwen2.5-3B,decoder,pitch,11,0.305556,0.9,0.188249,False,1.0,14
Qwen_Qwen2.5-3B,decoder,pitch,12,0.333333,0.9,0.211372,False,1.0,14
Qwen_Qwen2.5-3B,decoder,pitch,13,0.361111,1.0,0.27604,True,1.0,14
Qwen_Qwen2.5-3B,decoder,pitch,14,0.388889,1.0,0.333659,True,1.0,14
Qwen_Qwen2.5-3B,decoder,pitch,15,0.416667,1.0,0.327145,True,1.0,14
Qwen_Qwen2.5-3B,decoder,pitch,16,0.444444,1.0,0.323046,True,1.0,14
Qwen_Qwen2.5-3B,decoder,pitch,17,0.472222,1.0,0.320033,True,1.0,14
Qwen_Qwen2.5-3B,decoder,pitch,18,0.5,1.0,0.316162,True,1.0,14
Qwen_Qwen2.5-3B,decoder,pitch,19,0.527778,1.0,0.306732,True,1.0,14
Qwen_Qwen2.5-3B,decoder,pitch,20,0.555556,1.0,0.309676,True,1.0,14
Qwen_Qwen2.5-3B,decoder,pitch,21,0.583333,1.0,0.294809,True,1.0,14
Qwen_Qwen2.5-3B,decoder,pitch,22,0.611111,1.0,0.284593,True,1.0,14
Qwen_Qwen2.5-3B,decoder,pitch,23,0.638889,1.0,0.266963,True,1.0,14
Qwen_Qwen2.5-3B,decoder,pitch,24,0.666667,1.0,0.261005,True,1.0,14
Qwen_Qwen2.5-3B,decoder,pitch,25,0.694444,1.0,0.237513,True,1.0,14
Qwen_Qwen2.5-3B,decoder,pitch,26,0.722222,1.0,0.245425,True,1.0,14
Qwen_Qwen2.5-3B,decoder,pitch,27,0.75,1.0,0.229828,True,1.0,14
Qwen_Qwen2.5-3B,decoder,pitch,28,0.777778,1.0,0.238071,True,1.0,14
Qwen_Qwen2.5-3B,decoder,pitch,29,0.805556,1.0,0.229001,True,1.0,14
Qwen_Qwen2.5-3B,decoder,pitch,30,0.833333,1.0,0.219078,True,1.0,14
Qwen_Qwen2.5-3B,decoder,pitch,31,0.861111,1.0,0.220416,True,1.0,14
Qwen_Qwen2.5-3B,decoder,pitch,32,0.888889,1.0,0.206233,True,1.0,14
Qwen_Qwen2.5-3B,decoder,pitch,33,0.916667,1.0,0.211612,True,1.0,14
Qwen_Qwen2.5-3B,decoder,pitch,34,0.944444,1.0,0.20206,True,1.0,14
Qwen_Qwen2.5-3B,decoder,pitch,35,0.972222,0.9,0.194859,False,1.0,14
Qwen_Qwen2.5-3B,decoder,pitch,36,1.0,0.9,0.186399,False,1.0,14
Qwen_Qwen2.5-7B,decoder,bank,0,0.0,0.0,0.0,False,1.0,2
Qwen_Qwen2.5-7B,decoder,bank,1,0.035714,0.5,0.139731,False,1.0,2
Qwen_Qwen2.5-7B,decoder,bank,2,0.071429,1.0,0.261955,True,1.0,2
Qwen_Qwen2.5-7B,decoder,bank,3,0.107143,0.9,0.245745,False,1.0,2
Qwen_Qwen2.5-7B,decoder,bank,4,0.142857,0.5,9e-06,False,1.0,2
Qwen_Qwen2.5-7B,decoder,bank,5,0.178571,0.5,7e-06,False,1.0,2
Qwen_Qwen2.5-7B,decoder,bank,6,0.214286,0.5,1.8e-05,False,1.0,2
Qwen_Qwen2.5-7B,decoder,bank,7,0.25,0.5,2.1e-05,False,1.0,2
Qwen_Qwen2.5-7B,decoder,bank,8,0.285714,0.5,2.7e-05,False,1.0,2
Qwen_Qwen2.5-7B,decoder,bank,9,0.321429,0.5,2.7e-05,False,1.0,2
Qwen_Qwen2.5-7B,decoder,bank,10,0.357143,0.5,3.1e-05,False,1.0,2
Qwen_Qwen2.5-7B,decoder,bank,11,0.392857,0.5,3.8e-05,False,1.0,2
Qwen_Qwen2.5-7B,decoder,bank,12,0.428571,0.5,3.9e-05,False,1.0,2
Qwen_Qwen2.5-7B,decoder,bank,13,0.464286,0.5,4.5e-05,False,1.0,2
Qwen_Qwen2.5-7B,decoder,bank,14,0.5,0.5,4.3e-05,False,1.0,2
Qwen_Qwen2.5-7B,decoder,bank,15,0.535714,0.5,4.6e-05,False,1.0,2
Qwen_Qwen2.5-7B,decoder,bank,16,0.571429,0.5,4.8e-05,False,1.0,2
Qwen_Qwen2.5-7B,decoder,bank,17,0.607143,0.5,4.8e-05,False,1.0,2
Qwen_Qwen2.5-7B,decoder,bank,18,0.642857,0.5,5.1e-05,False,1.0,2
Qwen_Qwen2.5-7B,decoder,bank,19,0.678571,0.5,5.9e-05,False,1.0,2
Qwen_Qwen2.5-7B,decoder,bank,20,0.714286,0.5,8.1e-05,False,1.0,2
Qwen_Qwen2.5-7B,decoder,bank,21,0.75,0.5,0.00011,False,1.0,2
Qwen_Qwen2.5-7B,decoder,bank,22,0.785714,0.5,0.000155,False,1.0,2
Qwen_Qwen2.5-7B,decoder,bank,23,0.821429,0.5,0.000219,False,1.0,2
Qwen_Qwen2.5-7B,decoder,bank,24,0.857143,0.5,0.000303,False,1.0,2
Qwen_Qwen2.5-7B,decoder,bank,25,0.892857,0.5,0.000422,False,1.0,2
Qwen_Qwen2.5-7B,decoder,bank,26,0.928571,0.5,0.000556,False,1.0,2
Qwen_Qwen2.5-7B,decoder,bank,27,0.964286,0.5,0.008879,False,1.0,2
Qwen_Qwen2.5-7B,decoder,bank,28,1.0,1.0,0.22602,True,1.0,2
Qwen_Qwen2.5-7B,decoder,bark,0,0.0,0.0,0.0,False,1.0,28
Qwen_Qwen2.5-7B,decoder,bark,1,0.035714,0.5,0.067786,False,1.0,28
Qwen_Qwen2.5-7B,decoder,bark,2,0.071429,0.9,0.05774,False,1.0,28
Qwen_Qwen2.5-7B,decoder,bark,3,0.107143,0.6,0.057904,False,1.0,28
Qwen_Qwen2.5-7B,decoder,bark,4,0.142857,0.5,6e-06,False,1.0,28
Qwen_Qwen2.5-7B,decoder,bark,5,0.178571,0.5,9e-06,False,1.0,28
Qwen_Qwen2.5-7B,decoder,bark,6,0.214286,0.5,8e-06,False,1.0,28
Qwen_Qwen2.5-7B,decoder,bark,7,0.25,0.5,1.8e-05,False,1.0,28
Qwen_Qwen2.5-7B,decoder,bark,8,0.285714,0.5,4e-05,False,1.0,28
Qwen_Qwen2.5-7B,decoder,bark,9,0.321429,0.5,5.4e-05,False,1.0,28
Qwen_Qwen2.5-7B,decoder,bark,10,0.357143,0.5,6.6e-05,False,1.0,28
Qwen_Qwen2.5-7B,decoder,bark,11,0.392857,0.5,8.6e-05,False,1.0,28
Qwen_Qwen2.5-7B,decoder,bark,12,0.428571,0.5,8.6e-05,False,1.0,28
Qwen_Qwen2.5-7B,decoder,bark,13,0.464286,0.5,9.4e-05,False,1.0,28
Qwen_Qwen2.5-7B,decoder,bark,14,0.5,0.5,8.9e-05,False,1.0,28
Qwen_Qwen2.5-7B,decoder,bark,15,0.535714,0.5,8.8e-05,False,1.0,28
Qwen_Qwen2.5-7B,decoder,bark,16,0.571429,0.5,9e-05,False,1.0,28
Qwen_Qwen2.5-7B,decoder,bark,17,0.607143,0.5,9.7e-05,False,1.0,28
Qwen_Qwen2.5-7B,decoder,bark,18,0.642857,0.5,0.000102,False,1.0,28
Qwen_Qwen2.5-7B,decoder,bark,19,0.678571,0.5,0.000113,False,1.0,28
Qwen_Qwen2.5-7B,decoder,bark,20,0.714286,0.5,0.000161,False,1.0,28
Qwen_Qwen2.5-7B,decoder,bark,21,0.75,0.5,0.000219,False,1.0,28
Qwen_Qwen2.5-7B,decoder,bark,22,0.785714,0.5,0.000313,False,1.0,28
Qwen_Qwen2.5-7B,decoder,bark,23,0.821429,0.5,0.000444,False,1.0,28
Qwen_Qwen2.5-7B,decoder,bark,24,0.857143,0.5,0.000645,False,1.0,28
Qwen_Qwen2.5-7B,decoder,bark,25,0.892857,0.5,0.000869,False,1.0,28
Qwen_Qwen2.5-7B,decoder,bark,26,0.928571,0.5,0.001203,False,1.0,28
Qwen_Qwen2.5-7B,decoder,bark,27,0.964286,0.5,0.016965,False,1.0,28
Qwen_Qwen2.5-7B,decoder,bark,28,1.0,1.0,0.2798,True,1.0,28
Qwen_Qwen2.5-7B,decoder,bat,0,0.0,0.5,0.0,False,0.8,3
Qwen_Qwen2.5-7B,decoder,bat,1,0.035714,0.5,0.14688,False,0.8,3
Qwen_Qwen2.5-7B,decoder,bat,2,0.071429,0.5,0.102619,False,0.8,3
Qwen_Qwen2.5-7B,decoder,bat,3,0.107143,0.8,0.2178,True,0.8,3
Qwen_Qwen2.5-7B,decoder,bat,4,0.142857,0.5,1.2e-05,False,0.8,3
Qwen_Qwen2.5-7B,decoder,bat,5,0.178571,0.5,3.7e-05,False,0.8,3
Qwen_Qwen2.5-7B,decoder,bat,6,0.214286,0.5,4.2e-05,False,0.8,3
Qwen_Qwen2.5-7B,decoder,bat,7,0.25,0.5,6.4e-05,False,0.8,3
Qwen_Qwen2.5-7B,decoder,bat,8,0.285714,0.5,9.4e-05,False,0.8,3
Qwen_Qwen2.5-7B,decoder,bat,9,0.321429,0.5,0.000139,False,0.8,3
Qwen_Qwen2.5-7B,decoder,bat,10,0.357143,0.5,0.00017,False,0.8,3
Qwen_Qwen2.5-7B,decoder,bat,11,0.392857,0.5,0.000221,False,0.8,3
Qwen_Qwen2.5-7B,decoder,bat,12,0.428571,0.5,0.000227,False,0.8,3
Qwen_Qwen2.5-7B,decoder,bat,13,0.464286,0.5,0.000249,False,0.8,3
Qwen_Qwen2.5-7B,decoder,bat,14,0.5,0.5,0.000227,False,0.8,3
Qwen_Qwen2.5-7B,decoder,bat,15,0.535714,0.5,0.000213,False,0.8,3
Qwen_Qwen2.5-7B,decoder,bat,16,0.571429,0.5,0.000208,False,0.8,3
Qwen_Qwen2.5-7B,decoder,bat,17,0.607143,0.5,0.00021,False,0.8,3
Qwen_Qwen2.5-7B,decoder,bat,18,0.642857,0.5,0.000214,False,0.8,3
Qwen_Qwen2.5-7B,decoder,bat,19,0.678571,0.5,0.000227,False,0.8,3
Qwen_Qwen2.5-7B,decoder,bat,20,0.714286,0.5,0.00028,False,0.8,3
Qwen_Qwen2.5-7B,decoder,bat,21,0.75,0.5,0.00036,False,0.8,3
Qwen_Qwen2.5-7B,decoder,bat,22,0.785714,0.5,0.000472,False,0.8,3
Qwen_Qwen2.5-7B,decoder,bat,23,0.821429,0.5,0.000646,False,0.8,3
Qwen_Qwen2.5-7B,decoder,bat,24,0.857143,0.5,0.001118,False,0.8,3
Qwen_Qwen2.5-7B,decoder,bat,25,0.892857,0.5,0.00154,False,0.8,3
Qwen_Qwen2.5-7B,decoder,bat,26,0.928571,0.5,0.001955,False,0.8,3
Qwen_Qwen2.5-7B,decoder,bat,27,0.964286,0.5,0.024625,False,0.8,3
Qwen_Qwen2.5-7B,decoder,bat,28,1.0,0.7,0.18548,False,0.8,3
Qwen_Qwen2.5-7B,decoder,crane,0,0.0,0.5,0.0,False,1.0,28
Qwen_Qwen2.5-7B,decoder,crane,1,0.035714,0.6,0.057712,False,1.0,28
Qwen_Qwen2.5-7B,decoder,crane,2,0.071429,0.5,0.052686,False,1.0,28
Qwen_Qwen2.5-7B,decoder,crane,3,0.107143,0.5,0.063481,False,1.0,28
Qwen_Qwen2.5-7B,decoder,crane,4,0.142857,0.5,1.1e-05,False,1.0,28
Qwen_Qwen2.5-7B,decoder,crane,5,0.178571,0.5,1.9e-05,False,1.0,28
Qwen_Qwen2.5-7B,decoder,crane,6,0.214286,0.5,3.7e-05,False,1.0,28
Qwen_Qwen2.5-7B,decoder,crane,7,0.25,0.5,5.9e-05,False,1.0,28
Qwen_Qwen2.5-7B,decoder,crane,8,0.285714,0.5,0.000132,False,1.0,28
Qwen_Qwen2.5-7B,decoder,crane,9,0.321429,0.5,0.000192,False,1.0,28
Qwen_Qwen2.5-7B,decoder,crane,10,0.357143,0.5,0.000256,False,1.0,28
Qwen_Qwen2.5-7B,decoder,crane,11,0.392857,0.5,0.000324,False,1.0,28
Qwen_Qwen2.5-7B,decoder,crane,12,0.428571,0.5,0.000329,False,1.0,28
Qwen_Qwen2.5-7B,decoder,crane,13,0.464286,0.5,0.000365,False,1.0,28
Qwen_Qwen2.5-7B,decoder,crane,14,0.5,0.5,0.000356,False,1.0,28
Qwen_Qwen2.5-7B,decoder,crane,15,0.535714,0.5,0.00035,False,1.0,28
Qwen_Qwen2.5-7B,decoder,crane,16,0.571429,0.5,0.000353,False,1.0,28
Qwen_Qwen2.5-7B,decoder,crane,17,0.607143,0.5,0.000353,False,1.0,28
Qwen_Qwen2.5-7B,decoder,crane,18,0.642857,0.5,0.000365,False,1.0,28
Qwen_Qwen2.5-7B,decoder,crane,19,0.678571,0.5,0.00041,False,1.0,28
Qwen_Qwen2.5-7B,decoder,crane,20,0.714286,0.5,0.00051,False,1.0,28
Qwen_Qwen2.5-7B,decoder,crane,21,0.75,0.5,0.000661,False,1.0,28
Qwen_Qwen2.5-7B,decoder,crane,22,0.785714,0.5,0.000966,False,1.0,28
Qwen_Qwen2.5-7B,decoder,crane,23,0.821429,0.5,0.001532,False,1.0,28
Qwen_Qwen2.5-7B,decoder,crane,24,0.857143,0.5,0.002516,False,1.0,28
Qwen_Qwen2.5-7B,decoder,crane,25,0.892857,0.5,0.004486,False,1.0,28
Qwen_Qwen2.5-7B,decoder,crane,26,0.928571,0.5,0.006287,False,1.0,28
Qwen_Qwen2.5-7B,decoder,crane,27,0.964286,0.5,0.073006,False,1.0,28
Qwen_Qwen2.5-7B,decoder,crane,28,1.0,1.0,0.349622,True,1.0,28
Qwen_Qwen2.5-7B,decoder,spring,0,0.0,0.5,0.0,False,0.6,1
Qwen_Qwen2.5-7B,decoder,spring,1,0.035714,0.6,0.035685,True,0.6,1
Qwen_Qwen2.5-7B,decoder,spring,2,0.071429,0.5,0.020798,False,0.6,1
Qwen_Qwen2.5-7B,decoder,spring,3,0.107143,0.5,0.045369,False,0.6,1
Qwen_Qwen2.5-7B,decoder,spring,4,0.142857,0.5,4e-06,False,0.6,1
Qwen_Qwen2.5-7B,decoder,spring,5,0.178571,0.5,5e-06,False,0.6,1
Qwen_Qwen2.5-7B,decoder,spring,6,0.214286,0.5,7e-06,False,0.6,1
Qwen_Qwen2.5-7B,decoder,spring,7,0.25,0.5,7e-06,False,0.6,1
Qwen_Qwen2.5-7B,decoder,spring,8,0.285714,0.5,1.7e-05,False,0.6,1
Qwen_Qwen2.5-7B,decoder,spring,9,0.321429,0.5,1.9e-05,False,0.6,1
Qwen_Qwen2.5-7B,decoder,spring,10,0.357143,0.5,2.1e-05,False,0.6,1
Qwen_Qwen2.5-7B,decoder,spring,11,0.392857,0.5,3.4e-05,False,0.6,1
Qwen_Qwen2.5-7B,decoder,spring,12,0.428571,0.5,3.9e-05,False,0.6,1
Qwen_Qwen2.5-7B,decoder,spring,13,0.464286,0.5,4.9e-05,False,0.6,1
Qwen_Qwen2.5-7B,decoder,spring,14,0.5,0.5,4.8e-05,False,0.6,1
Qwen_Qwen2.5-7B,decoder,spring,15,0.535714,0.5,5e-05,False,0.6,1
Qwen_Qwen2.5-7B,decoder,spring,16,0.571429,0.5,4.9e-05,False,0.6,1
Qwen_Qwen2.5-7B,decoder,spring,17,0.607143,0.5,5e-05,False,0.6,1
Qwen_Qwen2.5-7B,decoder,spring,18,0.642857,0.5,4.9e-05,False,0.6,1
Qwen_Qwen2.5-7B,decoder,spring,19,0.678571,0.5,5.6e-05,False,0.6,1
Qwen_Qwen2.5-7B,decoder,spring,20,0.714286,0.5,7e-05,False,0.6,1
Qwen_Qwen2.5-7B,decoder,spring,21,0.75,0.5,8.7e-05,False,0.6,1
Qwen_Qwen2.5-7B,decoder,spring,22,0.785714,0.5,0.000121,False,0.6,1
Qwen_Qwen2.5-7B,decoder,spring,23,0.821429,0.5,0.000176,False,0.6,1
Qwen_Qwen2.5-7B,decoder,spring,24,0.857143,0.5,0.000227,False,0.6,1
Qwen_Qwen2.5-7B,decoder,spring,25,0.892857,0.5,0.000317,False,0.6,1
Qwen_Qwen2.5-7B,decoder,spring,26,0.928571,0.5,0.000415,False,0.6,1
Qwen_Qwen2.5-7B,decoder,spring,27,0.964286,0.5,0.006797,False,0.6,1
Qwen_Qwen2.5-7B,decoder,spring,28,1.0,0.5,0.056225,False,0.6,1
Qwen_Qwen2.5-7B,decoder,match,0,0.0,0.5,0.0,False,1.0,28
Qwen_Qwen2.5-7B,decoder,match,1,0.035714,1.0,0.181752,True,1.0,28
Qwen_Qwen2.5-7B,decoder,match,2,0.071429,0.9,0.227378,False,1.0,28
Qwen_Qwen2.5-7B,decoder,match,3,0.107143,1.0,0.240649,True,1.0,28
Qwen_Qwen2.5-7B,decoder,match,4,0.142857,0.5,0.001547,False,1.0,28
Qwen_Qwen2.5-7B,decoder,match,5,0.178571,0.5,0.00192,False,1.0,28
Qwen_Qwen2.5-7B,decoder,match,6,0.214286,0.5,0.004409,False,1.0,28
Qwen_Qwen2.5-7B,decoder,match,7,0.25,0.5,0.004437,False,1.0,28
Qwen_Qwen2.5-7B,decoder,match,8,0.285714,0.5,0.005132,False,1.0,28
Qwen_Qwen2.5-7B,decoder,match,9,0.321429,0.5,0.006271,False,1.0,28
Qwen_Qwen2.5-7B,decoder,match,10,0.357143,0.5,0.008638,False,1.0,28
Qwen_Qwen2.5-7B,decoder,match,11,0.392857,0.5,0.008661,False,1.0,28
Qwen_Qwen2.5-7B,decoder,match,12,0.428571,0.5,0.008543,False,1.0,28
Qwen_Qwen2.5-7B,decoder,match,13,0.464286,0.5,0.009198,False,1.0,28
Qwen_Qwen2.5-7B,decoder,match,14,0.5,0.5,0.008791,False,1.0,28
Qwen_Qwen2.5-7B,decoder,match,15,0.535714,0.5,0.008803,False,1.0,28
Qwen_Qwen2.5-7B,decoder,match,16,0.571429,0.5,0.008819,False,1.0,28
Qwen_Qwen2.5-7B,decoder,match,17,0.607143,0.5,0.008542,False,1.0,28
Qwen_Qwen2.5-7B,decoder,match,18,0.642857,0.5,0.008538,False,1.0,28
Qwen_Qwen2.5-7B,decoder,match,19,0.678571,0.5,0.00871,False,1.0,28
Qwen_Qwen2.5-7B,decoder,match,20,0.714286,0.5,0.009549,False,1.0,28
Qwen_Qwen2.5-7B,decoder,match,21,0.75,0.5,0.011229,False,1.0,28
Qwen_Qwen2.5-7B,decoder,match,22,0.785714,0.5,0.012664,False,1.0,28
Qwen_Qwen2.5-7B,decoder,match,23,0.821429,0.5,0.01525,False,1.0,28
Qwen_Qwen2.5-7B,decoder,match,24,0.857143,0.5,0.018903,False,1.0,28
Qwen_Qwen2.5-7B,decoder,match,25,0.892857,1.0,0.023388,True,1.0,28
Qwen_Qwen2.5-7B,decoder,match,26,0.928571,0.9,0.027566,False,1.0,28
Qwen_Qwen2.5-7B,decoder,match,27,0.964286,1.0,0.102645,True,1.0,28
Qwen_Qwen2.5-7B,decoder,match,28,1.0,1.0,0.298716,True,1.0,28
Qwen_Qwen2.5-7B,decoder,pitch,0,0.0,0.0,0.0,False,0.9,28
Qwen_Qwen2.5-7B,decoder,pitch,1,0.035714,0.5,0.077924,False,0.9,28
Qwen_Qwen2.5-7B,decoder,pitch,2,0.071429,0.5,0.064987,False,0.9,28
Qwen_Qwen2.5-7B,decoder,pitch,3,0.107143,0.8,0.116856,False,0.9,28
Qwen_Qwen2.5-7B,decoder,pitch,4,0.142857,0.5,3e-06,False,0.9,28
Qwen_Qwen2.5-7B,decoder,pitch,5,0.178571,0.5,7e-06,False,0.9,28
Qwen_Qwen2.5-7B,decoder,pitch,6,0.214286,0.5,7e-06,False,0.9,28
Qwen_Qwen2.5-7B,decoder,pitch,7,0.25,0.5,1.1e-05,False,0.9,28
Qwen_Qwen2.5-7B,decoder,pitch,8,0.285714,0.5,2e-05,False,0.9,28
Qwen_Qwen2.5-7B,decoder,pitch,9,0.321429,0.5,2.6e-05,False,0.9,28
Qwen_Qwen2.5-7B,decoder,pitch,10,0.357143,0.5,3.4e-05,False,0.9,28
Qwen_Qwen2.5-7B,decoder,pitch,11,0.392857,0.5,3.9e-05,False,0.9,28
Qwen_Qwen2.5-7B,decoder,pitch,12,0.428571,0.5,4e-05,False,0.9,28
Qwen_Qwen2.5-7B,decoder,pitch,13,0.464286,0.5,4.7e-05,False,0.9,28
Qwen_Qwen2.5-7B,decoder,pitch,14,0.5,0.5,4.9e-05,False,0.9,28
Qwen_Qwen2.5-7B,decoder,pitch,15,0.535714,0.5,4.8e-05,False,0.9,28
Qwen_Qwen2.5-7B,decoder,pitch,16,0.571429,0.5,5e-05,False,0.9,28
Qwen_Qwen2.5-7B,decoder,pitch,17,0.607143,0.5,5.1e-05,False,0.9,28
Qwen_Qwen2.5-7B,decoder,pitch,18,0.642857,0.5,5.6e-05,False,0.9,28
Qwen_Qwen2.5-7B,decoder,pitch,19,0.678571,0.5,6.8e-05,False,0.9,28
Qwen_Qwen2.5-7B,decoder,pitch,20,0.714286,0.5,8.8e-05,False,0.9,28
Qwen_Qwen2.5-7B,decoder,pitch,21,0.75,0.5,0.000125,False,0.9,28
Qwen_Qwen2.5-7B,decoder,pitch,22,0.785714,0.5,0.000163,False,0.9,28
Qwen_Qwen2.5-7B,decoder,pitch,23,0.821429,0.5,0.000267,False,0.9,28
Qwen_Qwen2.5-7B,decoder,pitch,24,0.857143,0.5,0.000401,False,0.9,28
Qwen_Qwen2.5-7B,decoder,pitch,25,0.892857,0.5,0.000538,False,0.9,28
Qwen_Qwen2.5-7B,decoder,pitch,26,0.928571,0.5,0.000738,False,0.9,28
Qwen_Qwen2.5-7B,decoder,pitch,27,0.964286,0.5,0.012286,False,0.9,28
Qwen_Qwen2.5-7B,decoder,pitch,28,1.0,0.9,0.165622,True,0.9,28
mistralai_Mistral-Nemo-Base-2407,decoder,bank,0,0.0,0.0,0.0,False,1.0,7
mistralai_Mistral-Nemo-Base-2407,decoder,bank,1,0.025,0.5,0.063125,False,1.0,7
mistralai_Mistral-Nemo-Base-2407,decoder,bank,2,0.05,0.9,0.246066,False,1.0,7
mistralai_Mistral-Nemo-Base-2407,decoder,bank,3,0.075,1.0,0.300126,True,1.0,7
mistralai_Mistral-Nemo-Base-2407,decoder,bank,4,0.1,1.0,0.410589,True,1.0,7
mistralai_Mistral-Nemo-Base-2407,decoder,bank,5,0.125,1.0,0.393229,True,1.0,7
mistralai_Mistral-Nemo-Base-2407,decoder,bank,6,0.15,1.0,0.392446,True,1.0,7
mistralai_Mistral-Nemo-Base-2407,decoder,bank,7,0.175,1.0,0.421928,True,1.0,7
mistralai_Mistral-Nemo-Base-2407,decoder,bank,8,0.2,1.0,0.403015,True,1.0,7
mistralai_Mistral-Nemo-Base-2407,decoder,bank,9,0.225,1.0,0.38112,True,1.0,7
mistralai_Mistral-Nemo-Base-2407,decoder,bank,10,0.25,1.0,0.374616,True,1.0,7
mistralai_Mistral-Nemo-Base-2407,decoder,bank,11,0.275,1.0,0.373668,True,1.0,7
mistralai_Mistral-Nemo-Base-2407,decoder,bank,12,0.3,1.0,0.373778,True,1.0,7
mistralai_Mistral-Nemo-Base-2407,decoder,bank,13,0.325,1.0,0.368068,True,1.0,7
mistralai_Mistral-Nemo-Base-2407,decoder,bank,14,0.35,1.0,0.345774,True,1.0,7
mistralai_Mistral-Nemo-Base-2407,decoder,bank,15,0.375,1.0,0.342469,True,1.0,7
mistralai_Mistral-Nemo-Base-2407,decoder,bank,16,0.4,1.0,0.341354,True,1.0,7
mistralai_Mistral-Nemo-Base-2407,decoder,bank,17,0.425,1.0,0.334499,True,1.0,7
mistralai_Mistral-Nemo-Base-2407,decoder,bank,18,0.45,1.0,0.331366,True,1.0,7
mistralai_Mistral-Nemo-Base-2407,decoder,bank,19,0.475,1.0,0.325313,True,1.0,7
mistralai_Mistral-Nemo-Base-2407,decoder,bank,20,0.5,1.0,0.316644,True,1.0,7
mistralai_Mistral-Nemo-Base-2407,decoder,bank,21,0.525,1.0,0.328821,True,1.0,7
mistralai_Mistral-Nemo-Base-2407,decoder,bank,22,0.55,1.0,0.321439,True,1.0,7
mistralai_Mistral-Nemo-Base-2407,decoder,bank,23,0.575,1.0,0.319975,True,1.0,7
mistralai_Mistral-Nemo-Base-2407,decoder,bank,24,0.6,1.0,0.324597,True,1.0,7
mistralai_Mistral-Nemo-Base-2407,decoder,bank,25,0.625,1.0,0.313224,True,1.0,7
mistralai_Mistral-Nemo-Base-2407,decoder,bank,26,0.65,1.0,0.309736,True,1.0,7
mistralai_Mistral-Nemo-Base-2407,decoder,bank,27,0.675,1.0,0.303496,True,1.0,7
mistralai_Mistral-Nemo-Base-2407,decoder,bank,28,0.7,1.0,0.308586,True,1.0,7
mistralai_Mistral-Nemo-Base-2407,decoder,bank,29,0.725,1.0,0.305335,True,1.0,7
mistralai_Mistral-Nemo-Base-2407,decoder,bank,30,0.75,1.0,0.29752,True,1.0,7
mistralai_Mistral-Nemo-Base-2407,decoder,bank,31,0.775,1.0,0.294235,True,1.0,7
mistralai_Mistral-Nemo-Base-2407,decoder,bank,32,0.8,1.0,0.285881,True,1.0,7
mistralai_Mistral-Nemo-Base-2407,decoder,bank,33,0.825,1.0,0.277503,True,1.0,7
mistralai_Mistral-Nemo-Base-2407,decoder,bank,34,0.85,1.0,0.271749,True,1.0,7
mistralai_Mistral-Nemo-Base-2407,decoder,bank,35,0.875,1.0,0.265456,True,1.0,7
mistralai_Mistral-Nemo-Base-2407,decoder,bank,36,0.9,1.0,0.262807,True,1.0,7
mistralai_Mistral-Nemo-Base-2407,decoder,bank,37,0.925,1.0,0.2539,True,1.0,7
mistralai_Mistral-Nemo-Base-2407,decoder,bank,38,0.95,1.0,0.239889,True,1.0,7
mistralai_Mistral-Nemo-Base-2407,decoder,bank,39,0.975,1.0,0.237307,True,1.0,7
mistralai_Mistral-Nemo-Base-2407,decoder,bank,40,1.0,1.0,0.277382,True,1.0,7
mistralai_Mistral-Nemo-Base-2407,decoder,bark,0,0.0,0.0,0.0,False,1.0,28
mistralai_Mistral-Nemo-Base-2407,decoder,bark,1,0.025,0.5,0.025766,False,1.0,28
mistralai_Mistral-Nemo-Base-2407,decoder,bark,2,0.05,0.5,-0.004215,False,1.0,28
mistralai_Mistral-Nemo-Base-2407,decoder,bark,3,0.075,0.6,0.101687,False,1.0,28
mistralai_Mistral-Nemo-Base-2407,decoder,bark,4,0.1,0.8,0.246811,False,1.0,28
mistralai_Mistral-Nemo-Base-2407,decoder,bark,5,0.125,0.9,0.329674,False,1.0,28
mistralai_Mistral-Nemo-Base-2407,decoder,bark,6,0.15,0.9,0.340133,False,1.0,28
mistralai_Mistral-Nemo-Base-2407,decoder,bark,7,0.175,0.9,0.359424,False,1.0,28
mistralai_Mistral-Nemo-Base-2407,decoder,bark,8,0.2,0.9,0.359515,False,1.0,28
mistralai_Mistral-Nemo-Base-2407,decoder,bark,9,0.225,0.9,0.349996,False,1.0,28
mistralai_Mistral-Nemo-Base-2407,decoder,bark,10,0.25,0.9,0.345353,False,1.0,28
mistralai_Mistral-Nemo-Base-2407,decoder,bark,11,0.275,0.9,0.341795,False,1.0,28
mistralai_Mistral-Nemo-Base-2407,decoder,bark,12,0.3,0.9,0.368962,False,1.0,28
mistralai_Mistral-Nemo-Base-2407,decoder,bark,13,0.325,0.9,0.362331,False,1.0,28
mistralai_Mistral-Nemo-Base-2407,decoder,bark,14,0.35,0.9,0.358817,False,1.0,28
mistralai_Mistral-Nemo-Base-2407,decoder,bark,15,0.375,1.0,0.351536,True,1.0,28
mistralai_Mistral-Nemo-Base-2407,decoder,bark,16,0.4,1.0,0.34622,True,1.0,28
mistralai_Mistral-Nemo-Base-2407,decoder,bark,17,0.425,1.0,0.326804,True,1.0,28
mistralai_Mistral-Nemo-Base-2407,decoder,bark,18,0.45,1.0,0.327622,True,1.0,28
mistralai_Mistral-Nemo-Base-2407,decoder,bark,19,0.475,1.0,0.344836,True,1.0,28
mistralai_Mistral-Nemo-Base-2407,decoder,bark,20,0.5,1.0,0.350024,True,1.0,28
mistralai_Mistral-Nemo-Base-2407,decoder,bark,21,0.525,1.0,0.346982,True,1.0,28
mistralai_Mistral-Nemo-Base-2407,decoder,bark,22,0.55,1.0,0.344389,True,1.0,28
mistralai_Mistral-Nemo-Base-2407,decoder,bark,23,0.575,1.0,0.351552,True,1.0,28
mistralai_Mistral-Nemo-Base-2407,decoder,bark,24,0.6,1.0,0.359863,True,1.0,28
mistralai_Mistral-Nemo-Base-2407,decoder,bark,25,0.625,1.0,0.368127,True,1.0,28
mistralai_Mistral-Nemo-Base-2407,decoder,bark,26,0.65,1.0,0.361754,True,1.0,28
mistralai_Mistral-Nemo-Base-2407,decoder,bark,27,0.675,1.0,0.377556,True,1.0,28
mistralai_Mistral-Nemo-Base-2407,decoder,bark,28,0.7,1.0,0.379338,True,1.0,28
mistralai_Mistral-Nemo-Base-2407,decoder,bark,29,0.725,1.0,0.37638,True,1.0,28
mistralai_Mistral-Nemo-Base-2407,decoder,bark,30,0.75,1.0,0.377663,True,1.0,28
mistralai_Mistral-Nemo-Base-2407,decoder,bark,31,0.775,1.0,0.374264,True,1.0,28
mistralai_Mistral-Nemo-Base-2407,decoder,bark,32,0.8,1.0,0.36166,True,1.0,28
mistralai_Mistral-Nemo-Base-2407,decoder,bark,33,0.825,1.0,0.35739,True,1.0,28
mistralai_Mistral-Nemo-Base-2407,decoder,bark,34,0.85,1.0,0.342389,True,1.0,28
mistralai_Mistral-Nemo-Base-2407,decoder,bark,35,0.875,1.0,0.336501,True,1.0,28
mistralai_Mistral-Nemo-Base-2407,decoder,bark,36,0.9,1.0,0.329389,True,1.0,28
mistralai_Mistral-Nemo-Base-2407,decoder,bark,37,0.925,1.0,0.317859,True,1.0,28
mistralai_Mistral-Nemo-Base-2407,decoder,bark,38,0.95,0.9,0.305436,False,1.0,28
mistralai_Mistral-Nemo-Base-2407,decoder,bark,39,0.975,0.9,0.293396,False,1.0,28
mistralai_Mistral-Nemo-Base-2407,decoder,bark,40,1.0,0.9,0.280574,False,1.0,28
mistralai_Mistral-Nemo-Base-2407,decoder,bat,0,0.0,0.5,0.0,False,1.0,7
mistralai_Mistral-Nemo-Base-2407,decoder,bat,1,0.025,0.5,-0.004799,False,1.0,7
mistralai_Mistral-Nemo-Base-2407,decoder,bat,2,0.05,0.6,0.082108,False,1.0,7
mistralai_Mistral-Nemo-Base-2407,decoder,bat,3,0.075,0.9,0.212856,False,1.0,7
mistralai_Mistral-Nemo-Base-2407,decoder,bat,4,0.1,0.9,0.326253,False,1.0,7
mistralai_Mistral-Nemo-Base-2407,decoder,bat,5,0.125,1.0,0.432636,True,1.0,7
mistralai_Mistral-Nemo-Base-2407,decoder,bat,6,0.15,1.0,0.460037,True,1.0,7
mistralai_Mistral-Nemo-Base-2407,decoder,bat,7,0.175,1.0,0.527891,True,1.0,7
mistralai_Mistral-Nemo-Base-2407,decoder,bat,8,0.2,1.0,0.509316,True,1.0,7
mistralai_Mistral-Nemo-Base-2407,decoder,bat,9,0.225,1.0,0.484595,True,1.0,7
mistralai_Mistral-Nemo-Base-2407,decoder,bat,10,0.25,1.0,0.463704,True,1.0,7
mistralai_Mistral-Nemo-Base-2407,decoder,bat,11,0.275,1.0,0.443309,True,1.0,7
mistralai_Mistral-Nemo-Base-2407,decoder,bat,12,0.3,1.0,0.463913,True,1.0,7
mistralai_Mistral-Nemo-Base-2407,decoder,bat,13,0.325,1.0,0.423977,True,1.0,7
mistralai_Mistral-Nemo-Base-2407,decoder,bat,14,0.35,1.0,0.401028,True,1.0,7
mistralai_Mistral-Nemo-Base-2407,decoder,bat,15,0.375,1.0,0.38135,True,1.0,7
mistralai_Mistral-Nemo-Base-2407,decoder,bat,16,0.4,1.0,0.371332,True,1.0,7
mistralai_Mistral-Nemo-Base-2407,decoder,bat,17,0.425,1.0,0.346694,True,1.0,7
mistralai_Mistral-Nemo-Base-2407,decoder,bat,18,0.45,1.0,0.33579,True,1.0,7
mistralai_Mistral-Nemo-Base-2407,decoder,bat,19,0.475,1.0,0.324473,True,1.0,7
mistralai_Mistral-Nemo-Base-2407,decoder,bat,20,0.5,1.0,0.338179,True,1.0,7
mistralai_Mistral-Nemo-Base-2407,decoder,bat,21,0.525,1.0,0.373216,True,1.0,7
mistralai_Mistral-Nemo-Base-2407,decoder,bat,22,0.55,1.0,0.350265,True,1.0,7
mistralai_Mistral-Nemo-Base-2407,decoder,bat,23,0.575,1.0,0.350859,True,1.0,7
mistralai_Mistral-Nemo-Base-2407,decoder,bat,24,0.6,1.0,0.355384,True,1.0,7
mistralai_Mistral-Nemo-Base-2407,decoder,bat,25,0.625,1.0,0.340394,True,1.0,7
mistralai_Mistral-Nemo-Base-2407,decoder,bat,26,0.65,1.0,0.341686,True,1.0,7
mistralai_Mistral-Nemo-Base-2407,decoder,bat,27,0.675,1.0,0.341185,True,1.0,7
mistralai_Mistral-Nemo-Base-2407,decoder,bat,28,0.7,1.0,0.339257,True,1.0,7
mistralai_Mistral-Nemo-Base-2407,decoder,bat,29,0.725,1.0,0.34293,True,1.0,7
mistralai_Mistral-Nemo-Base-2407,decoder,bat,30,0.75,1.0,0.33747,True,1.0,7
mistralai_Mistral-Nemo-Base-2407,decoder,bat,31,0.775,1.0,0.330826,True,1.0,7
mistralai_Mistral-Nemo-Base-2407,decoder,bat,32,0.8,1.0,0.315011,True,1.0,7
mistralai_Mistral-Nemo-Base-2407,decoder,bat,33,0.825,1.0,0.304689,True,1.0,7
mistralai_Mistral-Nemo-Base-2407,decoder,bat,34,0.85,1.0,0.29359,True,1.0,7
mistralai_Mistral-Nemo-Base-2407,decoder,bat,35,0.875,1.0,0.283901,True,1.0,7
mistralai_Mistral-Nemo-Base-2407,decoder,bat,36,0.9,1.0,0.268079,True,1.0,7
mistralai_Mistral-Nemo-Base-2407,decoder,bat,37,0.925,1.0,0.260119,True,1.0,7
mistralai_Mistral-Nemo-Base-2407,decoder,bat,38,0.95,1.0,0.243932,True,1.0,7
mistralai_Mistral-Nemo-Base-2407,decoder,bat,39,0.975,0.9,0.224223,False,1.0,7
mistralai_Mistral-Nemo-Base-2407,decoder,bat,40,1.0,0.7,0.170273,False,1.0,7
mistralai_Mistral-Nemo-Base-2407,decoder,crane,0,0.0,0.5,0.0,False,1.0,7
mistralai_Mistral-Nemo-Base-2407,decoder,crane,1,0.025,0.5,0.016427,False,1.0,7
mistralai_Mistral-Nemo-Base-2407,decoder,crane,2,0.05,0.5,0.066122,False,1.0,7
mistralai_Mistral-Nemo-Base-2407,decoder,crane,3,0.075,0.5,0.164736,False,1.0,7
mistralai_Mistral-Nemo-Base-2407,decoder,crane,4,0.1,1.0,0.38673,True,1.0,7
mistralai_Mistral-Nemo-Base-2407,decoder,crane,5,0.125,1.0,0.522893,True,1.0,7
mistralai_Mistral-Nemo-Base-2407,decoder,crane,6,0.15,1.0,0.546736,True,1.0,7
mistralai_Mistral-Nemo-Base-2407,decoder,crane,7,0.175,1.0,0.573516,True,1.0,7
mistralai_Mistral-Nemo-Base-2407,decoder,crane,8,0.2,1.0,0.561364,True,1.0,7
mistralai_Mistral-Nemo-Base-2407,decoder,crane,9,0.225,1.0,0.549376,True,1.0,7
mistralai_Mistral-Nemo-Base-2407,decoder,crane,10,0.25,1.0,0.533074,True,1.0,7
mistralai_Mistral-Nemo-Base-2407,decoder,crane,11,0.275,1.0,0.508778,True,1.0,7
mistralai_Mistral-Nemo-Base-2407,decoder,crane,12,0.3,1.0,0.525882,True,1.0,7
mistralai_Mistral-Nemo-Base-2407,decoder,crane,13,0.325,1.0,0.518691,True,1.0,7
mistralai_Mistral-Nemo-Base-2407,decoder,crane,14,0.35,1.0,0.487281,True,1.0,7
mistralai_Mistral-Nemo-Base-2407,decoder,crane,15,0.375,1.0,0.466691,True,1.0,7
mistralai_Mistral-Nemo-Base-2407,decoder,crane,16,0.4,1.0,0.446408,True,1.0,7
mistralai_Mistral-Nemo-Base-2407,decoder,crane,17,0.425,1.0,0.415676,True,1.0,7
mistralai_Mistral-Nemo-Base-2407,decoder,crane,18,0.45,1.0,0.406957,True,1.0,7
mistralai_Mistral-Nemo-Base-2407,decoder,crane,19,0.475,1.0,0.404377,True,1.0,7
mistralai_Mistral-Nemo-Base-2407,decoder,crane,20,0.5,1.0,0.426429,True,1.0,7
mistralai_Mistral-Nemo-Base-2407,decoder,crane,21,0.525,1.0,0.410955,True,1.0,7
mistralai_Mistral-Nemo-Base-2407,decoder,crane,22,0.55,1.0,0.433126,True,1.0,7
mistralai_Mistral-Nemo-Base-2407,decoder,crane,23,0.575,1.0,0.428424,True,1.0,7
mistralai_Mistral-Nemo-Base-2407,decoder,crane,24,0.6,1.0,0.428314,True,1.0,7
mistralai_Mistral-Nemo-Base-2407,decoder,crane,25,0.625,1.0,0.435531,True,1.0,7
mistralai_Mistral-Nemo-Base-2407,decoder,crane,26,0.65,1.0,0.436661,True,1.0,7
mistralai_Mistral-Nemo-Base-2407,decoder,crane,27,0.675,1.0,0.463582,True,1.0,7
mistralai_Mistral-Nemo-Base-2407,decoder,crane,28,0.7,1.0,0.458297,True,1.0,7
mistralai_Mistral-Nemo-Base-2407,decoder,crane,29,0.725,1.0,0.457619,True,1.0,7
mistralai_Mistral-Nemo-Base-2407,decoder,crane,30,0.75,1.0,0.470436,True,1.0,7
mistralai_Mistral-Nemo-Base-2407,decoder,crane,31,0.775,1.0,0.467318,True,1.0,7
mistralai_Mistral-Nemo-Base-2407,decoder,crane,32,0.8,1.0,0.453184,True,1.0,7
mistralai_Mistral-Nemo-Base-2407,decoder,crane,33,0.825,1.0,0.45578,True,1.0,7
mistralai_Mistral-Nemo-Base-2407,decoder,crane,34,0.85,1.0,0.437977,True,1.0,7
mistralai_Mistral-Nemo-Base-2407,decoder,crane,35,0.875,1.0,0.434798,True,1.0,7
mistralai_Mistral-Nemo-Base-2407,decoder,crane,36,0.9,1.0,0.421508,True,1.0,7
mistralai_Mistral-Nemo-Base-2407,decoder,crane,37,0.925,1.0,0.410961,True,1.0,7
mistralai_Mistral-Nemo-Base-2407,decoder,crane,38,0.95,1.0,0.39305,True,1.0,7
mistralai_Mistral-Nemo-Base-2407,decoder,crane,39,0.975,1.0,0.391905,True,1.0,7
mistralai_Mistral-Nemo-Base-2407,decoder,crane,40,1.0,1.0,0.357168,True,1.0,7
mistralai_Mistral-Nemo-Base-2407,decoder,spring,0,0.0,0.5,0.0,False,0.7,12
mistralai_Mistral-Nemo-Base-2407,decoder,spring,1,0.025,0.5,0.009775,False,0.7,12
mistralai_Mistral-Nemo-Base-2407,decoder,spring,2,0.05,0.5,0.040375,False,0.7,12
mistralai_Mistral-Nemo-Base-2407,decoder,spring,3,0.075,0.5,0.042769,False,0.7,12
mistralai_Mistral-Nemo-Base-2407,decoder,spring,4,0.1,0.5,0.090063,False,0.7,12
mistralai_Mistral-Nemo-Base-2407,decoder,spring,5,0.125,0.5,0.127814,False,0.7,12
mistralai_Mistral-Nemo-Base-2407,decoder,spring,6,0.15,0.5,0.144486,False,0.7,12
mistralai_Mistral-Nemo-Base-2407,decoder,spring,7,0.175,0.5,0.14241,False,0.7,12
mistralai_Mistral-Nemo-Base-2407,decoder,spring,8,0.2,0.5,0.140112,False,0.7,12
mistralai_Mistral-Nemo-Base-2407,decoder,spring,9,0.225,0.5,0.130163,False,0.7,12
mistralai_Mistral-Nemo-Base-2407,decoder,spring,10,0.25,0.5,0.134159,False,0.7,12
mistralai_Mistral-Nemo-Base-2407,decoder,spring,11,0.275,0.5,0.146947,False,0.7,12
mistralai_Mistral-Nemo-Base-2407,decoder,spring,12,0.3,0.7,0.163886,True,0.7,12
mistralai_Mistral-Nemo-Base-2407,decoder,spring,13,0.325,0.5,0.158448,False,0.7,12
mistralai_Mistral-Nemo-Base-2407,decoder,spring,14,0.35,0.5,0.138364,False,0.7,12
mistralai_Mistral-Nemo-Base-2407,decoder,spring,15,0.375,0.5,0.138132,False,0.7,12
mistralai_Mistral-Nemo-Base-2407,decoder,spring,16,0.4,0.5,0.133902,False,0.7,12
mistralai_Mistral-Nemo-Base-2407,decoder,spring,17,0.425,0.5,0.140648,False,0.7,12
mistralai_Mistral-Nemo-Base-2407,decoder,spring,18,0.45,0.5,0.118587,False,0.7,12
mistralai_Mistral-Nemo-Base-2407,decoder,spring,19,0.475,0.5,0.107214,False,0.7,12
mistralai_Mistral-Nemo-Base-2407,decoder,spring,20,0.5,0.5,0.128987,False,0.7,12
mistralai_Mistral-Nemo-Base-2407,decoder,spring,21,0.525,0.5,0.098239,False,0.7,12
mistralai_Mistral-Nemo-Base-2407,decoder,spring,22,0.55,0.5,0.0889,False,0.7,12
mistralai_Mistral-Nemo-Base-2407,decoder,spring,23,0.575,0.5,0.086569,False,0.7,12
mistralai_Mistral-Nemo-Base-2407,decoder,spring,24,0.6,0.5,0.092601,False,0.7,12
mistralai_Mistral-Nemo-Base-2407,decoder,spring,25,0.625,0.5,0.10072,False,0.7,12
mistralai_Mistral-Nemo-Base-2407,decoder,spring,26,0.65,0.5,0.100127,False,0.7,12
mistralai_Mistral-Nemo-Base-2407,decoder,spring,27,0.675,0.5,0.088038,False,0.7,12
mistralai_Mistral-Nemo-Base-2407,decoder,spring,28,0.7,0.5,0.088692,False,0.7,12
mistralai_Mistral-Nemo-Base-2407,decoder,spring,29,0.725,0.5,0.08138,False,0.7,12
mistralai_Mistral-Nemo-Base-2407,decoder,spring,30,0.75,0.5,0.070095,False,0.7,12
mistralai_Mistral-Nemo-Base-2407,decoder,spring,31,0.775,0.5,0.063399,False,0.7,12
mistralai_Mistral-Nemo-Base-2407,decoder,spring,32,0.8,0.5,0.063556,False,0.7,12
mistralai_Mistral-Nemo-Base-2407,decoder,spring,33,0.825,0.5,0.055455,False,0.7,12
mistralai_Mistral-Nemo-Base-2407,decoder,spring,34,0.85,0.5,0.052369,False,0.7,12
mistralai_Mistral-Nemo-Base-2407,decoder,spring,35,0.875,0.5,0.051948,False,0.7,12
mistralai_Mistral-Nemo-Base-2407,decoder,spring,36,0.9,0.5,0.044588,False,0.7,12
mistralai_Mistral-Nemo-Base-2407,decoder,spring,37,0.925,0.5,0.04505,False,0.7,12
mistralai_Mistral-Nemo-Base-2407,decoder,spring,38,0.95,0.5,0.043496,False,0.7,12
mistralai_Mistral-Nemo-Base-2407,decoder,spring,39,0.975,0.5,0.042495,False,0.7,12
mistralai_Mistral-Nemo-Base-2407,decoder,spring,40,1.0,0.5,0.036004,False,0.7,12
mistralai_Mistral-Nemo-Base-2407,decoder,match,0,0.0,0.5,0.0,False,1.0,7
mistralai_Mistral-Nemo-Base-2407,decoder,match,1,0.025,0.5,0.027164,False,1.0,7
mistralai_Mistral-Nemo-Base-2407,decoder,match,2,0.05,1.0,0.214183,True,1.0,7
mistralai_Mistral-Nemo-Base-2407,decoder,match,3,0.075,1.0,0.293311,True,1.0,7
mistralai_Mistral-Nemo-Base-2407,decoder,match,4,0.1,1.0,0.381837,True,1.0,7
mistralai_Mistral-Nemo-Base-2407,decoder,match,5,0.125,1.0,0.49885,True,1.0,7
mistralai_Mistral-Nemo-Base-2407,decoder,match,6,0.15,1.0,0.488475,True,1.0,7
mistralai_Mistral-Nemo-Base-2407,decoder,match,7,0.175,1.0,0.505441,True,1.0,7
mistralai_Mistral-Nemo-Base-2407,decoder,match,8,0.2,1.0,0.485956,True,1.0,7
mistralai_Mistral-Nemo-Base-2407,decoder,match,9,0.225,1.0,0.462563,True,1.0,7
mistralai_Mistral-Nemo-Base-2407,decoder,match,10,0.25,1.0,0.44093,True,1.0,7
mistralai_Mistral-Nemo-Base-2407,decoder,match,11,0.275,1.0,0.430188,True,1.0,7
mistralai_Mistral-Nemo-Base-2407,decoder,match,12,0.3,1.0,0.415611,True,1.0,7
mistralai_Mistral-Nemo-Base-2407,decoder,match,13,0.325,1.0,0.404578,True,1.0,7
mistralai_Mistral-Nemo-Base-2407,decoder,match,14,0.35,1.0,0.387967,True,1.0,7
mistralai_Mistral-Nemo-Base-2407,decoder,match,15,0.375,1.0,0.37887,True,1.0,7
mistralai_Mistral-Nemo-Base-2407,decoder,match,16,0.4,1.0,0.36111,True,1.0,7
mistralai_Mistral-Nemo-Base-2407,decoder,match,17,0.425,1.0,0.347635,True,1.0,7
mistralai_Mistral-Nemo-Base-2407,decoder,match,18,0.45,1.0,0.332224,True,1.0,7
mistralai_Mistral-Nemo-Base-2407,decoder,match,19,0.475,1.0,0.335445,True,1.0,7
mistralai_Mistral-Nemo-Base-2407,decoder,match,20,0.5,1.0,0.384075,True,1.0,7
mistralai_Mistral-Nemo-Base-2407,decoder,match,21,0.525,1.0,0.359498,True,1.0,7
mistralai_Mistral-Nemo-Base-2407,decoder,match,22,0.55,1.0,0.348049,True,1.0,7
mistralai_Mistral-Nemo-Base-2407,decoder,match,23,0.575,1.0,0.345897,True,1.0,7
mistralai_Mistral-Nemo-Base-2407,decoder,match,24,0.6,1.0,0.373111,True,1.0,7
mistralai_Mistral-Nemo-Base-2407,decoder,match,25,0.625,1.0,0.383497,True,1.0,7
mistralai_Mistral-Nemo-Base-2407,decoder,match,26,0.65,1.0,0.37516,True,1.0,7
mistralai_Mistral-Nemo-Base-2407,decoder,match,27,0.675,1.0,0.363312,True,1.0,7
mistralai_Mistral-Nemo-Base-2407,decoder,match,28,0.7,1.0,0.363834,True,1.0,7
mistralai_Mistral-Nemo-Base-2407,decoder,match,29,0.725,1.0,0.354005,True,1.0,7
mistralai_Mistral-Nemo-Base-2407,decoder,match,30,0.75,1.0,0.351093,True,1.0,7
mistralai_Mistral-Nemo-Base-2407,decoder,match,31,0.775,1.0,0.355994,True,1.0,7
mistralai_Mistral-Nemo-Base-2407,decoder,match,32,0.8,1.0,0.343003,True,1.0,7
mistralai_Mistral-Nemo-Base-2407,decoder,match,33,0.825,1.0,0.335933,True,1.0,7
mistralai_Mistral-Nemo-Base-2407,decoder,match,34,0.85,1.0,0.325712,True,1.0,7
mistralai_Mistral-Nemo-Base-2407,decoder,match,35,0.875,1.0,0.322702,True,1.0,7
mistralai_Mistral-Nemo-Base-2407,decoder,match,36,0.9,1.0,0.313018,True,1.0,7
mistralai_Mistral-Nemo-Base-2407,decoder,match,37,0.925,1.0,0.300984,True,1.0,7
mistralai_Mistral-Nemo-Base-2407,decoder,match,38,0.95,1.0,0.289308,True,1.0,7
mistralai_Mistral-Nemo-Base-2407,decoder,match,39,0.975,1.0,0.278502,True,1.0,7
mistralai_Mistral-Nemo-Base-2407,decoder,match,40,1.0,1.0,0.257349,True,1.0,7
mistralai_Mistral-Nemo-Base-2407,decoder,pitch,0,0.0,0.0,0.0,False,1.0,7
mistralai_Mistral-Nemo-Base-2407,decoder,pitch,1,0.025,0.5,0.017201,False,1.0,7
mistralai_Mistral-Nemo-Base-2407,decoder,pitch,2,0.05,0.5,0.080764,False,1.0,7
mistralai_Mistral-Nemo-Base-2407,decoder,pitch,3,0.075,0.7,0.185777,False,1.0,7
mistralai_Mistral-Nemo-Base-2407,decoder,pitch,4,0.1,0.9,0.267626,False,1.0,7
mistralai_Mistral-Nemo-Base-2407,decoder,pitch,5,0.125,1.0,0.346509,True,1.0,7
mistralai_Mistral-Nemo-Base-2407,decoder,pitch,6,0.15,1.0,0.338988,True,1.0,7
mistralai_Mistral-Nemo-Base-2407,decoder,pitch,7,0.175,1.0,0.363038,True,1.0,7
mistralai_Mistral-Nemo-Base-2407,decoder,pitch,8,0.2,1.0,0.354828,True,1.0,7
mistralai_Mistral-Nemo-Base-2407,decoder,pitch,9,0.225,1.0,0.337607,True,1.0,7
mistralai_Mistral-Nemo-Base-2407,decoder,pitch,10,0.25,1.0,0.324438,True,1.0,7
mistralai_Mistral-Nemo-Base-2407,decoder,pitch,11,0.275,1.0,0.324992,True,1.0,7
mistralai_Mistral-Nemo-Base-2407,decoder,pitch,12,0.3,1.0,0.349522,True,1.0,7
mistralai_Mistral-Nemo-Base-2407,decoder,pitch,13,0.325,1.0,0.354045,True,1.0,7
mistralai_Mistral-Nemo-Base-2407,decoder,pitch,14,0.35,1.0,0.340315,True,1.0,7
mistralai_Mistral-Nemo-Base-2407,decoder,pitch,15,0.375,1.0,0.321109,True,1.0,7
mistralai_Mistral-Nemo-Base-2407,decoder,pitch,16,0.4,1.0,0.313427,True,1.0,7
mistralai_Mistral-Nemo-Base-2407,decoder,pitch,17,0.425,1.0,0.296144,True,1.0,7
mistralai_Mistral-Nemo-Base-2407,decoder,pitch,18,0.45,1.0,0.302208,True,1.0,7
mistralai_Mistral-Nemo-Base-2407,decoder,pitch,19,0.475,1.0,0.302659,True,1.0,7
mistralai_Mistral-Nemo-Base-2407,decoder,pitch,20,0.5,1.0,0.316433,True,1.0,7
mistralai_Mistral-Nemo-Base-2407,decoder,pitch,21,0.525,1.0,0.315223,True,1.0,7
mistralai_Mistral-Nemo-Base-2407,decoder,pitch,22,0.55,1.0,0.293172,True,1.0,7
mistralai_Mistral-Nemo-Base-2407,decoder,pitch,23,0.575,1.0,0.299062,True,1.0,7
mistralai_Mistral-Nemo-Base-2407,decoder,pitch,24,0.6,1.0,0.293441,True,1.0,7
mistralai_Mistral-Nemo-Base-2407,decoder,pitch,25,0.625,1.0,0.285037,True,1.0,7
mistralai_Mistral-Nemo-Base-2407,decoder,pitch,26,0.65,1.0,0.286241,True,1.0,7
mistralai_Mistral-Nemo-Base-2407,decoder,pitch,27,0.675,1.0,0.283483,True,1.0,7
mistralai_Mistral-Nemo-Base-2407,decoder,pitch,28,0.7,1.0,0.282902,True,1.0,7
mistralai_Mistral-Nemo-Base-2407,decoder,pitch,29,0.725,1.0,0.283842,True,1.0,7
mistralai_Mistral-Nemo-Base-2407,decoder,pitch,30,0.75,1.0,0.277325,True,1.0,7
mistralai_Mistral-Nemo-Base-2407,decoder,pitch,31,0.775,1.0,0.270925,True,1.0,7
mistralai_Mistral-Nemo-Base-2407,decoder,pitch,32,0.8,1.0,0.251847,True,1.0,7
mistralai_Mistral-Nemo-Base-2407,decoder,pitch,33,0.825,1.0,0.2451,True,1.0,7
mistralai_Mistral-Nemo-Base-2407,decoder,pitch,34,0.85,1.0,0.240167,True,1.0,7
mistralai_Mistral-Nemo-Base-2407,decoder,pitch,35,0.875,1.0,0.234946,True,1.0,7
mistralai_Mistral-Nemo-Base-2407,decoder,pitch,36,0.9,1.0,0.230353,True,1.0,7
mistralai_Mistral-Nemo-Base-2407,decoder,pitch,37,0.925,0.9,0.228513,False,1.0,7
mistralai_Mistral-Nemo-Base-2407,decoder,pitch,38,0.95,0.9,0.220343,False,1.0,7
mistralai_Mistral-Nemo-Base-2407,decoder,pitch,39,0.975,0.8,0.210366,False,1.0,7
mistralai_Mistral-Nemo-Base-2407,decoder,pitch,40,1.0,0.6,0.223056,False,1.0,7
allenai_OLMo-2-1124-7B,decoder,bank,0,0.0,0.0,0.0,False,1.0,6
allenai_OLMo-2-1124-7B,decoder,bank,1,0.03125,0.7,0.128763,False,1.0,6
allenai_OLMo-2-1124-7B,decoder,bank,2,0.0625,1.0,0.31411,True,1.0,6
allenai_OLMo-2-1124-7B,decoder,bank,3,0.09375,0.9,0.290858,False,1.0,6
allenai_OLMo-2-1124-7B,decoder,bank,4,0.125,1.0,0.334515,True,1.0,6
allenai_OLMo-2-1124-7B,decoder,bank,5,0.15625,1.0,0.36445,True,1.0,6
allenai_OLMo-2-1124-7B,decoder,bank,6,0.1875,1.0,0.408667,True,1.0,6
allenai_OLMo-2-1124-7B,decoder,bank,7,0.21875,1.0,0.400258,True,1.0,6
allenai_OLMo-2-1124-7B,decoder,bank,8,0.25,1.0,0.371172,True,1.0,6
allenai_OLMo-2-1124-7B,decoder,bank,9,0.28125,1.0,0.324136,True,1.0,6
allenai_OLMo-2-1124-7B,decoder,bank,10,0.3125,1.0,0.322985,True,1.0,6
allenai_OLMo-2-1124-7B,decoder,bank,11,0.34375,1.0,0.325379,True,1.0,6
allenai_OLMo-2-1124-7B,decoder,bank,12,0.375,1.0,0.309609,True,1.0,6
allenai_OLMo-2-1124-7B,decoder,bank,13,0.40625,1.0,0.300218,True,1.0,6
allenai_OLMo-2-1124-7B,decoder,bank,14,0.4375,1.0,0.2937,True,1.0,6
allenai_OLMo-2-1124-7B,decoder,bank,15,0.46875,1.0,0.305089,True,1.0,6
allenai_OLMo-2-1124-7B,decoder,bank,16,0.5,1.0,0.317192,True,1.0,6
allenai_OLMo-2-1124-7B,decoder,bank,17,0.53125,1.0,0.306718,True,1.0,6
allenai_OLMo-2-1124-7B,decoder,bank,18,0.5625,1.0,0.303429,True,1.0,6
allenai_OLMo-2-1124-7B,decoder,bank,19,0.59375,1.0,0.289124,True,1.0,6
allenai_OLMo-2-1124-7B,decoder,bank,20,0.625,1.0,0.2899,True,1.0,6
allenai_OLMo-2-1124-7B,decoder,bank,21,0.65625,1.0,0.289865,True,1.0,6
allenai_OLMo-2-1124-7B,decoder,bank,22,0.6875,1.0,0.30261,True,1.0,6
allenai_OLMo-2-1124-7B,decoder,bank,23,0.71875,1.0,0.292436,True,1.0,6
allenai_OLMo-2-1124-7B,decoder,bank,24,0.75,1.0,0.293857,True,1.0,6
allenai_OLMo-2-1124-7B,decoder,bank,25,0.78125,1.0,0.284751,True,1.0,6
allenai_OLMo-2-1124-7B,decoder,bank,26,0.8125,1.0,0.279632,True,1.0,6
allenai_OLMo-2-1124-7B,decoder,bank,27,0.84375,1.0,0.269586,True,1.0,6
allenai_OLMo-2-1124-7B,decoder,bank,28,0.875,1.0,0.257576,True,1.0,6
allenai_OLMo-2-1124-7B,decoder,bank,29,0.90625,1.0,0.252805,True,1.0,6
allenai_OLMo-2-1124-7B,decoder,bank,30,0.9375,1.0,0.241317,True,1.0,6
allenai_OLMo-2-1124-7B,decoder,bank,31,0.96875,1.0,0.231399,True,1.0,6
allenai_OLMo-2-1124-7B,decoder,bank,32,1.0,1.0,0.235907,True,1.0,6
allenai_OLMo-2-1124-7B,decoder,bark,0,0.0,0.0,0.0,False,1.0,7
allenai_OLMo-2-1124-7B,decoder,bark,1,0.03125,0.5,0.048837,False,1.0,7
allenai_OLMo-2-1124-7B,decoder,bark,2,0.0625,0.5,0.05866,False,1.0,7
allenai_OLMo-2-1124-7B,decoder,bark,3,0.09375,0.5,0.080972,False,1.0,7
allenai_OLMo-2-1124-7B,decoder,bark,4,0.125,0.8,0.20906,False,1.0,7
allenai_OLMo-2-1124-7B,decoder,bark,5,0.15625,0.9,0.260514,False,1.0,7
allenai_OLMo-2-1124-7B,decoder,bark,6,0.1875,1.0,0.29431,True,1.0,7
allenai_OLMo-2-1124-7B,decoder,bark,7,0.21875,1.0,0.341253,True,1.0,7
allenai_OLMo-2-1124-7B,decoder,bark,8,0.25,1.0,0.338294,True,1.0,7
allenai_OLMo-2-1124-7B,decoder,bark,9,0.28125,1.0,0.32176,True,1.0,7
allenai_OLMo-2-1124-7B,decoder,bark,10,0.3125,1.0,0.323144,True,1.0,7
allenai_OLMo-2-1124-7B,decoder,bark,11,0.34375,1.0,0.332881,True,1.0,7
allenai_OLMo-2-1124-7B,decoder,bark,12,0.375,1.0,0.319385,True,1.0,7
allenai_OLMo-2-1124-7B,decoder,bark,13,0.40625,1.0,0.306754,True,1.0,7
allenai_OLMo-2-1124-7B,decoder,bark,14,0.4375,1.0,0.300074,True,1.0,7
allenai_OLMo-2-1124-7B,decoder,bark,15,0.46875,1.0,0.289967,True,1.0,7
allenai_OLMo-2-1124-7B,decoder,bark,16,0.5,1.0,0.291982,True,1.0,7
allenai_OLMo-2-1124-7B,decoder,bark,17,0.53125,1.0,0.318782,True,1.0,7
allenai_OLMo-2-1124-7B,decoder,bark,18,0.5625,1.0,0.315678,True,1.0,7
allenai_OLMo-2-1124-7B,decoder,bark,19,0.59375,1.0,0.319693,True,1.0,7
allenai_OLMo-2-1124-7B,decoder,bark,20,0.625,1.0,0.322092,True,1.0,7
allenai_OLMo-2-1124-7B,decoder,bark,21,0.65625,1.0,0.314158,True,1.0,7
allenai_OLMo-2-1124-7B,decoder,bark,22,0.6875,0.9,0.317649,False,1.0,7
allenai_OLMo-2-1124-7B,decoder,bark,23,0.71875,1.0,0.314873,True,1.0,7
allenai_OLMo-2-1124-7B,decoder,bark,24,0.75,1.0,0.322704,True,1.0,7
allenai_OLMo-2-1124-7B,decoder,bark,25,0.78125,1.0,0.31741,True,1.0,7
allenai_OLMo-2-1124-7B,decoder,bark,26,0.8125,1.0,0.307501,True,1.0,7
allenai_OLMo-2-1124-7B,decoder,bark,27,0.84375,0.9,0.298201,False,1.0,7
allenai_OLMo-2-1124-7B,decoder,bark,28,0.875,0.9,0.288626,False,1.0,7
allenai_OLMo-2-1124-7B,decoder,bark,29,0.90625,1.0,0.279055,True,1.0,7
allenai_OLMo-2-1124-7B,decoder,bark,30,0.9375,0.9,0.265987,False,1.0,7
allenai_OLMo-2-1124-7B,decoder,bark,31,0.96875,0.9,0.24895,False,1.0,7
allenai_OLMo-2-1124-7B,decoder,bark,32,1.0,0.9,0.237353,False,1.0,7
allenai_OLMo-2-1124-7B,decoder,bat,0,0.0,0.5,0.0,False,1.0,8
allenai_OLMo-2-1124-7B,decoder,bat,1,0.03125,0.5,0.023064,False,1.0,8
allenai_OLMo-2-1124-7B,decoder,bat,2,0.0625,0.5,0.109035,False,1.0,8
allenai_OLMo-2-1124-7B,decoder,bat,3,0.09375,0.8,0.188501,False,1.0,8
allenai_OLMo-2-1124-7B,decoder,bat,4,0.125,1.0,0.33073,True,1.0,8
allenai_OLMo-2-1124-7B,decoder,bat,5,0.15625,1.0,0.359208,True,1.0,8
allenai_OLMo-2-1124-7B,decoder,bat,6,0.1875,1.0,0.387785,True,1.0,8
allenai_OLMo-2-1124-7B,decoder,bat,7,0.21875,1.0,0.439089,True,1.0,8
allenai_OLMo-2-1124-7B,decoder,bat,8,0.25,1.0,0.445424,True,1.0,8
allenai_OLMo-2-1124-7B,decoder,bat,9,0.28125,1.0,0.408936,True,1.0,8
allenai_OLMo-2-1124-7B,decoder,bat,10,0.3125,1.0,0.411214,True,1.0,8
allenai_OLMo-2-1124-7B,decoder,bat,11,0.34375,1.0,0.409508,True,1.0,8
allenai_OLMo-2-1124-7B,decoder,bat,12,0.375,1.0,0.398749,True,1.0,8
allenai_OLMo-2-1124-7B,decoder,bat,13,0.40625,1.0,0.381097,True,1.0,8
allenai_OLMo-2-1124-7B,decoder,bat,14,0.4375,1.0,0.363947,True,1.0,8
allenai_OLMo-2-1124-7B,decoder,bat,15,0.46875,1.0,0.374773,True,1.0,8
allenai_OLMo-2-1124-7B,decoder,bat,16,0.5,1.0,0.365948,True,1.0,8
allenai_OLMo-2-1124-7B,decoder,bat,17,0.53125,1.0,0.362601,True,1.0,8
allenai_OLMo-2-1124-7B,decoder,bat,18,0.5625,1.0,0.360889,True,1.0,8
allenai_OLMo-2-1124-7B,decoder,bat,19,0.59375,1.0,0.361095,True,1.0,8
allenai_OLMo-2-1124-7B,decoder,bat,20,0.625,1.0,0.317574,True,1.0,8
allenai_OLMo-2-1124-7B,decoder,bat,21,0.65625,1.0,0.329512,True,1.0,8
allenai_OLMo-2-1124-7B,decoder,bat,22,0.6875,1.0,0.35277,True,1.0,8
allenai_OLMo-2-1124-7B,decoder,bat,23,0.71875,1.0,0.339986,True,1.0,8
allenai_OLMo-2-1124-7B,decoder,bat,24,0.75,1.0,0.350298,True,1.0,8
allenai_OLMo-2-1124-7B,decoder,bat,25,0.78125,1.0,0.341928,True,1.0,8
allenai_OLMo-2-1124-7B,decoder,bat,26,0.8125,1.0,0.332742,True,1.0,8
allenai_OLMo-2-1124-7B,decoder,bat,27,0.84375,1.0,0.317353,True,1.0,8
allenai_OLMo-2-1124-7B,decoder,bat,28,0.875,1.0,0.30379,True,1.0,8
allenai_OLMo-2-1124-7B,decoder,bat,29,0.90625,1.0,0.293473,True,1.0,8
allenai_OLMo-2-1124-7B,decoder,bat,30,0.9375,0.9,0.269742,False,1.0,8
allenai_OLMo-2-1124-7B,decoder,bat,31,0.96875,0.9,0.228619,False,1.0,8
allenai_OLMo-2-1124-7B,decoder,bat,32,1.0,0.9,0.208312,False,1.0,8
allenai_OLMo-2-1124-7B,decoder,crane,0,0.0,0.5,0.0,False,1.0,7
allenai_OLMo-2-1124-7B,decoder,crane,1,0.03125,0.5,0.005041,False,1.0,7
allenai_OLMo-2-1124-7B,decoder,crane,2,0.0625,0.5,0.020559,False,1.0,7
allenai_OLMo-2-1124-7B,decoder,crane,3,0.09375,0.5,0.070005,False,1.0,7
allenai_OLMo-2-1124-7B,decoder,crane,4,0.125,0.9,0.260045,False,1.0,7
allenai_OLMo-2-1124-7B,decoder,crane,5,0.15625,1.0,0.409664,True,1.0,7
allenai_OLMo-2-1124-7B,decoder,crane,6,0.1875,1.0,0.438687,True,1.0,7
allenai_OLMo-2-1124-7B,decoder,crane,7,0.21875,1.0,0.501914,True,1.0,7
allenai_OLMo-2-1124-7B,decoder,crane,8,0.25,1.0,0.500093,True,1.0,7
allenai_OLMo-2-1124-7B,decoder,crane,9,0.28125,1.0,0.476941,True,1.0,7
allenai_OLMo-2-1124-7B,decoder,crane,10,0.3125,1.0,0.489741,True,1.0,7
allenai_OLMo-2-1124-7B,decoder,crane,11,0.34375,1.0,0.501304,True,1.0,7
allenai_OLMo-2-1124-7B,decoder,crane,12,0.375,1.0,0.48819,True,1.0,7
allenai_OLMo-2-1124-7B,decoder,crane,13,0.40625,1.0,0.476994,True,1.0,7
allenai_OLMo-2-1124-7B,decoder,crane,14,0.4375,1.0,0.464899,True,1.0,7
allenai_OLMo-2-1124-7B,decoder,crane,15,0.46875,1.0,0.456729,True,1.0,7
allenai_OLMo-2-1124-7B,decoder,crane,16,0.5,1.0,0.445039,True,1.0,7
allenai_OLMo-2-1124-7B,decoder,crane,17,0.53125,1.0,0.44385,True,1.0,7
allenai_OLMo-2-1124-7B,decoder,crane,18,0.5625,1.0,0.441022,True,1.0,7
allenai_OLMo-2-1124-7B,decoder,crane,19,0.59375,1.0,0.461766,True,1.0,7
allenai_OLMo-2-1124-7B,decoder,crane,20,0.625,1.0,0.420974,True,1.0,7
allenai_OLMo-2-1124-7B,decoder,crane,21,0.65625,1.0,0.418575,True,1.0,7
allenai_OLMo-2-1124-7B,decoder,crane,22,0.6875,1.0,0.45346,True,1.0,7
allenai_OLMo-2-1124-7B,decoder,crane,23,0.71875,1.0,0.44403,True,1.0,7
allenai_OLMo-2-1124-7B,decoder,crane,24,0.75,1.0,0.452039,True,1.0,7
allenai_OLMo-2-1124-7B,decoder,crane,25,0.78125,1.0,0.481001,True,1.0,7
allenai_OLMo-2-1124-7B,decoder,crane,26,0.8125,1.0,0.484684,True,1.0,7
allenai_OLMo-2-1124-7B,decoder,crane,27,0.84375,1.0,0.474672,True,1.0,7
allenai_OLMo-2-1124-7B,decoder,crane,28,0.875,1.0,0.469409,True,1.0,7
allenai_OLMo-2-1124-7B,decoder,crane,29,0.90625,1.0,0.467004,True,1.0,7
allenai_OLMo-2-1124-7B,decoder,crane,30,0.9375,1.0,0.451079,True,1.0,7
allenai_OLMo-2-1124-7B,decoder,crane,31,0.96875,1.0,0.415802,True,1.0,7
allenai_OLMo-2-1124-7B,decoder,crane,32,1.0,1.0,0.357733,True,1.0,7
allenai_OLMo-2-1124-7B,decoder,spring,0,0.0,0.5,0.0,False,1.0,12
allenai_OLMo-2-1124-7B,decoder,spring,1,0.03125,0.5,-0.003422,False,1.0,12
allenai_OLMo-2-1124-7B,decoder,spring,2,0.0625,0.5,0.015183,False,1.0,12
allenai_OLMo-2-1124-7B,decoder,spring,3,0.09375,0.5,0.020118,False,1.0,12
allenai_OLMo-2-1124-7B,decoder,spring,4,0.125,0.5,0.063691,False,1.0,12
allenai_OLMo-2-1124-7B,decoder,spring,5,0.15625,0.5,0.123262,False,1.0,12
allenai_OLMo-2-1124-7B,decoder,spring,6,0.1875,0.6,0.183155,False,1.0,12
allenai_OLMo-2-1124-7B,decoder,spring,7,0.21875,0.9,0.240945,False,1.0,12
allenai_OLMo-2-1124-7B,decoder,spring,8,0.25,0.9,0.25639,False,1.0,12
allenai_OLMo-2-1124-7B,decoder,spring,9,0.28125,0.9,0.252957,False,1.0,12
allenai_OLMo-2-1124-7B,decoder,spring,10,0.3125,1.0,0.264823,True,1.0,12
allenai_OLMo-2-1124-7B,decoder,spring,11,0.34375,1.0,0.272398,True,1.0,12
allenai_OLMo-2-1124-7B,decoder,spring,12,0.375,1.0,0.280884,True,1.0,12
allenai_OLMo-2-1124-7B,decoder,spring,13,0.40625,1.0,0.274086,True,1.0,12
allenai_OLMo-2-1124-7B,decoder,spring,14,0.4375,1.0,0.260072,True,1.0,12
allenai_OLMo-2-1124-7B,decoder,spring,15,0.46875,1.0,0.256525,True,1.0,12
allenai_OLMo-2-1124-7B,decoder,spring,16,0.5,1.0,0.265937,True,1.0,12
allenai_OLMo-2-1124-7B,decoder,spring,17,0.53125,0.9,0.269118,False,1.0,12
allenai_OLMo-2-1124-7B,decoder,spring,18,0.5625,0.9,0.262024,False,1.0,12
allenai_OLMo-2-1124-7B,decoder,spring,19,0.59375,0.7,0.252069,False,1.0,12
allenai_OLMo-2-1124-7B,decoder,spring,20,0.625,0.7,0.220274,False,1.0,12
allenai_OLMo-2-1124-7B,decoder,spring,21,0.65625,0.6,0.196604,False,1.0,12
allenai_OLMo-2-1124-7B,decoder,spring,22,0.6875,0.6,0.202835,False,1.0,12
allenai_OLMo-2-1124-7B,decoder,spring,23,0.71875,0.6,0.187963,False,1.0,12
allenai_OLMo-2-1124-7B,decoder,spring,24,0.75,0.6,0.187092,False,1.0,12
allenai_OLMo-2-1124-7B,decoder,spring,25,0.78125,0.6,0.176748,False,1.0,12
allenai_OLMo-2-1124-7B,decoder,spring,26,0.8125,0.6,0.177249,False,1.0,12
allenai_OLMo-2-1124-7B,decoder,spring,27,0.84375,0.6,0.176708,False,1.0,12
allenai_OLMo-2-1124-7B,decoder,spring,28,0.875,0.6,0.172012,False,1.0,12
allenai_OLMo-2-1124-7B,decoder,spring,29,0.90625,0.5,0.168233,False,1.0,12
allenai_OLMo-2-1124-7B,decoder,spring,30,0.9375,0.5,0.148498,False,1.0,12
allenai_OLMo-2-1124-7B,decoder,spring,31,0.96875,0.5,0.116971,False,1.0,12
allenai_OLMo-2-1124-7B,decoder,spring,32,1.0,0.5,0.099498,False,1.0,12
allenai_OLMo-2-1124-7B,decoder,match,0,0.0,0.5,0.0,False,1.0,7
allenai_OLMo-2-1124-7B,decoder,match,1,0.03125,0.5,0.052276,False,1.0,7
allenai_OLMo-2-1124-7B,decoder,match,2,0.0625,1.0,0.266046,True,1.0,7
allenai_OLMo-2-1124-7B,decoder,match,3,0.09375,1.0,0.30405,True,1.0,7
allenai_OLMo-2-1124-7B,decoder,match,4,0.125,1.0,0.444115,True,1.0,7
allenai_OLMo-2-1124-7B,decoder,match,5,0.15625,1.0,0.470105,True,1.0,7
allenai_OLMo-2-1124-7B,decoder,match,6,0.1875,1.0,0.507707,True,1.0,7
allenai_OLMo-2-1124-7B,decoder,match,7,0.21875,1.0,0.525865,True,1.0,7
allenai_OLMo-2-1124-7B,decoder,match,8,0.25,1.0,0.51379,True,1.0,7
allenai_OLMo-2-1124-7B,decoder,match,9,0.28125,1.0,0.471026,True,1.0,7
allenai_OLMo-2-1124-7B,decoder,match,10,0.3125,1.0,0.467506,True,1.0,7
allenai_OLMo-2-1124-7B,decoder,match,11,0.34375,1.0,0.462695,True,1.0,7
allenai_OLMo-2-1124-7B,decoder,match,12,0.375,1.0,0.440877,True,1.0,7
allenai_OLMo-2-1124-7B,decoder,match,13,0.40625,1.0,0.426308,True,1.0,7
allenai_OLMo-2-1124-7B,decoder,match,14,0.4375,1.0,0.419067,True,1.0,7
allenai_OLMo-2-1124-7B,decoder,match,15,0.46875,1.0,0.420172,True,1.0,7
allenai_OLMo-2-1124-7B,decoder,match,16,0.5,1.0,0.421306,True,1.0,7
allenai_OLMo-2-1124-7B,decoder,match,17,0.53125,1.0,0.419791,True,1.0,7
allenai_OLMo-2-1124-7B,decoder,match,18,0.5625,1.0,0.41387,True,1.0,7
allenai_OLMo-2-1124-7B,decoder,match,19,0.59375,1.0,0.415692,True,1.0,7
allenai_OLMo-2-1124-7B,decoder,match,20,0.625,1.0,0.386651,True,1.0,7
allenai_OLMo-2-1124-7B,decoder,match,21,0.65625,1.0,0.392358,True,1.0,7
allenai_OLMo-2-1124-7B,decoder,match,22,0.6875,1.0,0.421184,True,1.0,7
allenai_OLMo-2-1124-7B,decoder,match,23,0.71875,1.0,0.40041,True,1.0,7
allenai_OLMo-2-1124-7B,decoder,match,24,0.75,1.0,0.409802,True,1.0,7
allenai_OLMo-2-1124-7B,decoder,match,25,0.78125,1.0,0.405716,True,1.0,7
allenai_OLMo-2-1124-7B,decoder,match,26,0.8125,1.0,0.395022,True,1.0,7
allenai_OLMo-2-1124-7B,decoder,match,27,0.84375,1.0,0.380647,True,1.0,7
allenai_OLMo-2-1124-7B,decoder,match,28,0.875,1.0,0.367439,True,1.0,7
allenai_OLMo-2-1124-7B,decoder,match,29,0.90625,1.0,0.364197,True,1.0,7
allenai_OLMo-2-1124-7B,decoder,match,30,0.9375,1.0,0.351662,True,1.0,7
allenai_OLMo-2-1124-7B,decoder,match,31,0.96875,1.0,0.327983,True,1.0,7
allenai_OLMo-2-1124-7B,decoder,match,32,1.0,1.0,0.317763,True,1.0,7
allenai_OLMo-2-1124-7B,decoder,pitch,0,0.0,0.0,0.0,False,1.0,8
allenai_OLMo-2-1124-7B,decoder,pitch,1,0.03125,0.8,0.05526,False,1.0,8
allenai_OLMo-2-1124-7B,decoder,pitch,2,0.0625,0.9,0.135524,False,1.0,8
allenai_OLMo-2-1124-7B,decoder,pitch,3,0.09375,0.9,0.167129,False,1.0,8
allenai_OLMo-2-1124-7B,decoder,pitch,4,0.125,0.9,0.269825,False,1.0,8
allenai_OLMo-2-1124-7B,decoder,pitch,5,0.15625,1.0,0.296255,True,1.0,8
allenai_OLMo-2-1124-7B,decoder,pitch,6,0.1875,1.0,0.323176,True,1.0,8
allenai_OLMo-2-1124-7B,decoder,pitch,7,0.21875,1.0,0.3336,True,1.0,8
allenai_OLMo-2-1124-7B,decoder,pitch,8,0.25,1.0,0.340519,True,1.0,8
allenai_OLMo-2-1124-7B,decoder,pitch,9,0.28125,1.0,0.296488,True,1.0,8
allenai_OLMo-2-1124-7B,decoder,pitch,10,0.3125,1.0,0.299965,True,1.0,8
allenai_OLMo-2-1124-7B,decoder,pitch,11,0.34375,1.0,0.304333,True,1.0,8
allenai_OLMo-2-1124-7B,decoder,pitch,12,0.375,1.0,0.297528,True,1.0,8
allenai_OLMo-2-1124-7B,decoder,pitch,13,0.40625,1.0,0.290643,True,1.0,8
allenai_OLMo-2-1124-7B,decoder,pitch,14,0.4375,1.0,0.292738,True,1.0,8
allenai_OLMo-2-1124-7B,decoder,pitch,15,0.46875,1.0,0.298178,True,1.0,8
allenai_OLMo-2-1124-7B,decoder,pitch,16,0.5,1.0,0.302462,True,1.0,8
allenai_OLMo-2-1124-7B,decoder,pitch,17,0.53125,1.0,0.303893,True,1.0,8
allenai_OLMo-2-1124-7B,decoder,pitch,18,0.5625,1.0,0.30008,True,1.0,8
allenai_OLMo-2-1124-7B,decoder,pitch,19,0.59375,1.0,0.299486,True,1.0,8
allenai_OLMo-2-1124-7B,decoder,pitch,20,0.625,1.0,0.295452,True,1.0,8
allenai_OLMo-2-1124-7B,decoder,pitch,21,0.65625,1.0,0.294888,True,1.0,8
allenai_OLMo-2-1124-7B,decoder,pitch,22,0.6875,1.0,0.316782,True,1.0,8
allenai_OLMo-2-1124-7B,decoder,pitch,23,0.71875,1.0,0.301464,True,1.0,8
allenai_OLMo-2-1124-7B,decoder,pitch,24,0.75,1.0,0.297291,True,1.0,8
allenai_OLMo-2-1124-7B,decoder,pitch,25,0.78125,1.0,0.297587,True,1.0,8
allenai_OLMo-2-1124-7B,decoder,pitch,26,0.8125,1.0,0.284838,True,1.0,8
allenai_OLMo-2-1124-7B,decoder,pitch,27,0.84375,1.0,0.269,True,1.0,8
allenai_OLMo-2-1124-7B,decoder,pitch,28,0.875,1.0,0.260025,True,1.0,8
allenai_OLMo-2-1124-7B,decoder,pitch,29,0.90625,1.0,0.254986,True,1.0,8
allenai_OLMo-2-1124-7B,decoder,pitch,30,0.9375,0.9,0.230719,False,1.0,8
allenai_OLMo-2-1124-7B,decoder,pitch,31,0.96875,0.9,0.21328,False,1.0,8
allenai_OLMo-2-1124-7B,decoder,pitch,32,1.0,0.8,0.194624,False,1.0,8
